/*
Navicat MySQL Data Transfer

Source Server         : mysql
Source Server Version : 50037
Source Host           : localhost:3306
Source Database       : jeewx

Target Server Type    : MYSQL
Target Server Version : 50037
File Encoding         : 65001

Date: 2014-07-05 17:53:57
*/

SET FOREIGN_KEY_CHECKS=0;
-- ----------------------------
-- Table structure for `cgform_button`
-- ----------------------------
DROP TABLE IF EXISTS `cgform_button`;
CREATE TABLE `cgform_button` (
  `ID` varchar(32) NOT NULL,
  `BUTTON_CODE` varchar(50) default NULL,
  `button_icon` varchar(20) default NULL,
  `BUTTON_NAME` varchar(50) default NULL,
  `BUTTON_STATUS` varchar(2) default NULL,
  `BUTTON_STYLE` varchar(20) default NULL,
  `EXP` varchar(255) default NULL,
  `FORM_ID` varchar(32) default NULL,
  `OPT_TYPE` varchar(20) default NULL,
  `order_num` int(11) default NULL,
  PRIMARY KEY  (`ID`)
) ENGINE=InnoDB DEFAULT CHARSET=utf8;

-- ----------------------------
-- Records of cgform_button
-- ----------------------------

-- ----------------------------
-- Table structure for `cgform_button_sql`
-- ----------------------------
DROP TABLE IF EXISTS `cgform_button_sql`;
CREATE TABLE `cgform_button_sql` (
  `ID` varchar(32) NOT NULL,
  `BUTTON_CODE` varchar(50) default NULL,
  `CGB_SQL` tinyblob,
  `CGB_SQL_NAME` varchar(50) default NULL,
  `CONTENT` longtext,
  `FORM_ID` varchar(32) default NULL,
  PRIMARY KEY  (`ID`)
) ENGINE=InnoDB DEFAULT CHARSET=utf8;

-- ----------------------------
-- Records of cgform_button_sql
-- ----------------------------

-- ----------------------------
-- Table structure for `cgform_enhance_js`
-- ----------------------------
DROP TABLE IF EXISTS `cgform_enhance_js`;
CREATE TABLE `cgform_enhance_js` (
  `ID` varchar(32) NOT NULL,
  `CG_JS` blob,
  `CG_JS_TYPE` varchar(20) default NULL,
  `CONTENT` longtext,
  `FORM_ID` varchar(32) default NULL,
  PRIMARY KEY  (`ID`)
) ENGINE=InnoDB DEFAULT CHARSET=utf8;

-- ----------------------------
-- Records of cgform_enhance_js
-- ----------------------------

-- ----------------------------
-- Table structure for `cgform_field`
-- ----------------------------
DROP TABLE IF EXISTS `cgform_field`;
CREATE TABLE `cgform_field` (
  `id` varchar(32) NOT NULL,
  `content` varchar(200) NOT NULL,
  `create_by` varchar(255) default NULL,
  `create_date` datetime default NULL,
  `create_name` varchar(32) default NULL,
  `dict_field` varchar(100) default NULL,
  `dict_table` varchar(100) default NULL,
  `dict_text` varchar(100) default NULL,
  `field_default` varchar(20) default NULL,
  `field_href` varchar(200) default NULL,
  `field_length` int(11) default NULL,
  `field_name` varchar(32) NOT NULL,
  `field_valid_type` varchar(10) default NULL,
  `is_key` varchar(2) default NULL,
  `is_null` varchar(5) default NULL,
  `is_query` varchar(5) default NULL,
  `is_show` varchar(5) default NULL,
  `is_show_list` varchar(5) default NULL,
  `length` int(11) NOT NULL,
  `main_field` varchar(100) default NULL,
  `main_table` varchar(100) default NULL,
  `old_field_name` varchar(32) default NULL,
  `order_num` int(11) default NULL,
  `point_length` int(11) default NULL,
  `query_mode` varchar(10) default NULL,
  `show_type` varchar(10) default NULL,
  `type` varchar(32) NOT NULL,
  `update_by` varchar(32) default NULL,
  `update_date` datetime default NULL,
  `update_name` varchar(32) default NULL,
  `table_id` varchar(32) NOT NULL,
  PRIMARY KEY  (`id`),
  KEY `FK_iwtkke1oigq9ukafldrovslx6` (`table_id`),
  CONSTRAINT `FK_iwtkke1oigq9ukafldrovslx6` FOREIGN KEY (`table_id`) REFERENCES `cgform_head` (`id`)
) ENGINE=InnoDB DEFAULT CHARSET=utf8;

-- ----------------------------
-- Records of cgform_field
-- ----------------------------
INSERT INTO `cgform_field` VALUES ('402881e446676a0601466770878c0002', '主键', 'admin', '2014-06-04 23:12:46', '管理员', '', '', '', '', '', '0', 'id', '', 'Y', 'N', 'N', 'N', 'N', '36', '', '', 'id', '1', '0', 'single', 'text', 'string', null, null, null, '402881e446676a060146677087880001');
INSERT INTO `cgform_field` VALUES ('402881e446676a060146677087df0003', '关键字', 'admin', '2014-06-04 23:12:47', '管理员', '', '', '', '', '', '120', 'keyword', '', 'N', 'N', 'N', 'Y', 'Y', '100', '', '', 'key', '2', '0', 'single', 'text', 'string', 'admin', '2014-06-04 23:18:27', '管理员', '402881e446676a060146677087880001');
INSERT INTO `cgform_field` VALUES ('402881e446676a060146677087e20004', '类长名', 'admin', '2014-06-04 23:12:47', '管理员', '', '', '', '', '', '120', 'classname', '', 'N', 'N', 'N', 'Y', 'Y', '100', '', '', 'classname', '3', '0', 'single', 'text', 'string', null, null, null, '402881e446676a060146677087880001');
INSERT INTO `cgform_field` VALUES ('402881e446676a060146677087e50005', '微信公众帐号', 'admin', '2014-06-04 23:12:47', '管理员', '', '', '', '', '', '120', 'accountid', '', 'N', 'Y', 'N', 'Y', 'Y', '200', '', '', 'accountid', '4', '0', 'single', 'text', 'string', null, null, null, '402881e446676a060146677087880001');
INSERT INTO `cgform_field` VALUES ('402881e446676a0601466775b8fc0007', '功能名称', 'admin', '2014-06-04 23:18:27', '管理员', '', '', '', '', '', '120', 'name', '', 'N', 'Y', 'N', 'Y', 'Y', '100', '', '', 'name', '5', '0', 'single', 'text', 'string', null, null, null, '402881e446676a060146677087880001');
INSERT INTO `cgform_field` VALUES ('402881e446676a0601466775b9000008', '功能描述', 'admin', '2014-06-04 23:18:27', '管理员', '', '', '', '', '', '120', 'content', '', 'N', 'Y', 'N', 'Y', 'Y', '300', '', '', 'content', '6', '0', 'single', 'text', 'string', null, null, null, '402881e446676a060146677087880001');
INSERT INTO `cgform_field` VALUES ('402881e845c73cb00145c75445120008', '主键', 'admin', '2014-05-04 21:02:39', '管理员', '', '', '', '', '', '0', 'id', '', 'Y', 'N', 'N', 'N', 'N', '36', '', '', 'id', '1', '0', 'single', 'text', 'string', null, null, null, '402881e845c73cb00145c754450c0007');
INSERT INTO `cgform_field` VALUES ('402881e845c73cb00145c75445ae0009', '公众帐号名称', 'admin', '2014-05-04 21:02:40', '管理员', '', '', '', '', '', '120', 'accountname', '', 'N', 'Y', 'N', 'Y', 'Y', '200', '', '', 'accountname', '2', '0', 'single', 'text', 'string', null, null, null, '402881e845c73cb00145c754450c0007');
INSERT INTO `cgform_field` VALUES ('402881e845c73cb00145c75445b5000b', '公众帐号TOKEN', 'admin', '2014-05-04 21:02:40', '管理员', '', '', '', '', '', '120', 'accounttoken', '', 'N', 'Y', 'N', 'Y', 'Y', '200', '', '', 'accounttoken', '3', '0', 'single', 'text', 'string', 'admin', '2014-05-06 20:10:22', '管理员', '402881e845c73cb00145c754450c0007');
INSERT INTO `cgform_field` VALUES ('402881e845c73cb00145c75445b8000c', '公众微信号', 'admin', '2014-05-04 21:02:40', '管理员', '', '', '', '', '', '120', 'accountnumber', '', 'N', 'Y', 'N', 'Y', 'Y', '200', '', '', 'accountnumber', '4', '0', 'single', 'text', 'string', 'admin', '2014-05-06 20:10:22', '管理员', '402881e845c73cb00145c754450c0007');
INSERT INTO `cgform_field` VALUES ('402881e845c73cb00145c75445c3000d', '公众号类型', 'admin', '2014-05-04 21:02:40', '管理员', '', '', '', '', '', '120', 'accounttype', '', 'N', 'Y', 'N', 'Y', 'Y', '50', '', '', 'accounttype', '5', '0', 'single', 'text', 'string', 'admin', '2014-05-06 20:10:22', '管理员', '402881e845c73cb00145c754450c0007');
INSERT INTO `cgform_field` VALUES ('402881e845c73cb00145c75445c7000e', '电子邮箱', 'admin', '2014-05-04 21:02:40', '管理员', '', '', '', '', '', '120', 'accountemail', '', 'N', 'Y', 'N', 'Y', 'Y', '200', '', '', 'accountemail', '6', '0', 'single', 'text', 'string', 'admin', '2014-05-06 20:10:22', '管理员', '402881e845c73cb00145c754450c0007');
INSERT INTO `cgform_field` VALUES ('402881e845c73cb00145c75445cb000f', '公众帐号描述', 'admin', '2014-05-04 21:02:40', '管理员', '', '', '', '', '', '120', 'accountdesc', '', 'N', 'Y', 'N', 'Y', 'Y', '500', '', '', 'accountdesc', '7', '0', 'single', 'text', 'string', 'admin', '2014-05-06 20:10:22', '管理员', '402881e845c73cb00145c754450c0007');
INSERT INTO `cgform_field` VALUES ('402881e845d16cb10145d1711e730002', '公众帐号APPID', 'admin', '2014-05-06 20:10:22', '管理员', '', '', '', '', '', '120', 'accountappid', '', 'N', 'Y', 'N', 'Y', 'Y', '200', '', '', 'accountappid', '8', '0', 'single', 'text', 'string', null, null, null, '402881e845c73cb00145c754450c0007');
INSERT INTO `cgform_field` VALUES ('402881e845d16cb10145d1711e790003', '公众帐号APPSECRET', 'admin', '2014-05-06 20:10:22', '管理员', '', '', '', '', '', '120', 'accountappsecret', '', 'N', 'Y', 'N', 'Y', 'Y', '500', '', '', 'accountappsecret', '9', '0', 'single', 'text', 'string', null, null, null, '402881e845c73cb00145c754450c0007');
INSERT INTO `cgform_field` VALUES ('402881e845d16cb10145d1711e7e0004', 'ACCESS_TOKEN', 'admin', '2014-05-06 20:10:22', '管理员', '', '', '', '', '', '120', 'accountaccesstoken', '', 'N', 'Y', 'N', 'Y', 'Y', '1000', '', '', 'accountaccesstoken', '10', '0', 'single', 'text', 'string', null, null, null, '402881e845c73cb00145c754450c0007');
INSERT INTO `cgform_field` VALUES ('4028d881436d514601436d52193b012f', '主键', 'admin', '2014-01-07 23:28:53', '管理员', '', '', null, null, null, '0', 'id', null, 'Y', 'N', 'N', 'N', 'N', '36', '', '', null, '0', '0', 'single', 'text', 'string', null, null, null, '4028d881436d514601436d521928012a');
INSERT INTO `cgform_field` VALUES ('4028d881436d514601436d5219410130', '订单号', 'admin', '2014-01-07 23:28:53', '管理员', '', '', null, null, null, '0', 'order_code', null, 'N', 'Y', 'Y', 'Y', 'Y', '50', '', '', null, '1', '0', 'single', 'text', 'string', null, null, null, '4028d881436d514601436d521928012a');
INSERT INTO `cgform_field` VALUES ('4028d881436d514601436d5219460131', '订单日期', 'admin', '2014-01-07 23:28:53', '管理员', '', '', null, null, null, '0', 'order_date', null, 'N', 'Y', 'Y', 'Y', 'Y', '20', '', '', null, '2', '0', 'single', 'date', 'Date', null, null, null, '4028d881436d514601436d521928012a');
INSERT INTO `cgform_field` VALUES ('4028d881436d514601436d5219480132', '订单金额', 'admin', '2014-01-07 23:28:53', '管理员', '', '', null, null, null, '0', 'order_money', null, 'N', 'Y', 'Y', 'Y', 'Y', '10', '', '', null, '3', '3', 'single', 'text', 'double', null, null, null, '4028d881436d514601436d521928012a');
INSERT INTO `cgform_field` VALUES ('4028d881436d514601436d52194a0133', '备注', 'admin', '2014-01-07 23:28:53', '管理员', '', '', null, null, null, '0', 'content', null, 'N', 'Y', 'Y', 'Y', 'Y', '255', '', '', null, '4', '0', 'single', 'text', 'string', null, null, null, '4028d881436d514601436d521928012a');
INSERT INTO `cgform_field` VALUES ('4028d881436d514601436d5219520134', '主键', 'admin', '2014-01-07 23:28:53', '管理员', '', '', null, null, null, '0', 'id', null, 'Y', 'N', 'N', 'N', 'N', '36', '', '', null, '0', '0', 'single', 'text', 'string', null, null, null, '4028d881436d514601436d52192d012b');
INSERT INTO `cgform_field` VALUES ('4028d881436d514601436d5219550135', '请假标题', 'admin', '2014-01-07 23:28:53', '管理员', '', '', null, null, null, '0', 'title', null, 'N', 'N', 'N', 'Y', 'Y', '50', '', '', null, '1', '0', 'single', 'text', 'string', null, null, null, '4028d881436d514601436d52192d012b');
INSERT INTO `cgform_field` VALUES ('4028d881436d514601436d5219570136', '请假人', 'admin', '2014-01-07 23:28:53', '管理员', '', '', null, null, null, '0', 'people', null, 'N', 'N', 'Y', 'Y', 'Y', '20', '', '', null, '2', '0', 'single', 'text', 'string', null, null, null, '4028d881436d514601436d52192d012b');
INSERT INTO `cgform_field` VALUES ('4028d881436d514601436d5219580137', '性别', 'admin', '2014-01-07 23:28:53', '管理员', 'sex', '', null, null, null, '0', 'sex', null, 'N', 'N', 'Y', 'Y', 'Y', '10', '', '', null, '3', '0', 'single', 'list', 'string', null, null, null, '4028d881436d514601436d52192d012b');
INSERT INTO `cgform_field` VALUES ('4028d881436d514601436d52195a0138', '请假开始时间', 'admin', '2014-01-07 23:28:53', '管理员', '', '', null, null, null, '0', 'begindate', null, 'N', 'N', 'N', 'Y', 'Y', '0', '', '', null, '4', '0', 'group', 'date', 'Date', null, null, null, '4028d881436d514601436d52192d012b');
INSERT INTO `cgform_field` VALUES ('4028d881436d514601436d52195b0139', '请假结束时间', 'admin', '2014-01-07 23:28:53', '管理员', '', '', null, null, null, '0', 'enddate', null, 'N', 'N', 'N', 'Y', 'Y', '0', '', '', null, '5', '0', 'group', 'datetime', 'Date', null, null, null, '4028d881436d514601436d52192d012b');
INSERT INTO `cgform_field` VALUES ('4028d881436d514601436d52195d013a', '所属部门', 'admin', '2014-01-07 23:28:53', '管理员', 'id', 't_s_depart', 'departname', null, null, '0', 'hol_dept', null, 'N', 'N', 'N', 'Y', 'Y', '32', '', '', null, '7', '0', 'single', 'list', 'string', null, null, null, '4028d881436d514601436d52192d012b');
INSERT INTO `cgform_field` VALUES ('4028d881436d514601436d52195e013b', '请假原因', 'admin', '2014-01-07 23:28:53', '管理员', '', '', null, null, null, '0', 'hol_reson', null, 'N', 'N', 'N', 'Y', 'Y', '255', '', '', null, '8', '0', 'single', 'text', 'string', null, null, null, '4028d881436d514601436d52192d012b');
INSERT INTO `cgform_field` VALUES ('4028d881436d514601436d521960013c', '部门审批人', 'admin', '2014-01-07 23:28:53', '管理员', '', '', null, null, null, '0', 'dep_leader', null, 'N', 'N', 'N', 'Y', 'Y', '20', '', '', null, '9', '0', 'single', 'text', 'string', null, null, null, '4028d881436d514601436d52192d012b');
INSERT INTO `cgform_field` VALUES ('4028d881436d514601436d521961013d', '部门审批意见', 'admin', '2014-01-07 23:28:53', '管理员', '', '', null, null, null, '0', 'content', null, 'N', 'N', 'N', 'Y', 'Y', '255', '', '', null, '10', '0', 'single', 'text', 'string', null, null, null, '4028d881436d514601436d52192d012b');
INSERT INTO `cgform_field` VALUES ('4028d881436d514601436d521963013e', '请假天数', 'admin', '2014-01-07 23:28:53', '管理员', '', '', null, null, null, '120', 'day_num', null, 'N', 'Y', 'N', 'Y', 'Y', '10', '', '', null, '6', '0', 'single', 'text', 'int', null, null, null, '4028d881436d514601436d52192d012b');
INSERT INTO `cgform_field` VALUES ('4028d881436d514601436d52196e013f', '主键', 'admin', '2014-01-07 23:28:53', '管理员', '', '', null, null, null, '0', 'id', null, 'Y', 'N', 'N', 'N', 'N', '36', '', '', null, '0', '0', 'single', 'text', 'string', null, null, null, '4028d881436d514601436d52192f012c');
INSERT INTO `cgform_field` VALUES ('4028d881436d514601436d5219700140', '客户名', 'admin', '2014-01-07 23:28:53', '管理员', '', '', null, null, null, '0', 'name', null, 'N', 'Y', 'Y', 'Y', 'Y', '32', '', '', null, '1', '0', 'single', 'text', 'string', null, null, null, '4028d881436d514601436d52192f012c');
INSERT INTO `cgform_field` VALUES ('4028d881436d514601436d5219720141', '单价', 'admin', '2014-01-07 23:28:53', '管理员', '', '', null, null, null, '0', 'money', null, 'N', 'Y', 'Y', 'Y', 'Y', '10', '', '', null, '2', '2', 'group', 'text', 'double', null, null, null, '4028d881436d514601436d52192f012c');
INSERT INTO `cgform_field` VALUES ('4028d881436d514601436d5219740142', '外键', 'admin', '2014-01-07 23:28:53', '管理员', '', '', null, null, null, '120', 'fk_id', null, 'N', 'N', 'Y', 'N', 'N', '36', 'id', 'jform_order_main', null, '5', '0', 'single', 'text', 'string', null, null, null, '4028d881436d514601436d52192f012c');
INSERT INTO `cgform_field` VALUES ('4028d881436d514601436d5219750143', '电话', 'admin', '2014-01-07 23:28:53', '管理员', '', '', null, null, null, '120', 'telphone', null, 'N', 'Y', 'Y', 'Y', 'Y', '32', '', '', null, '4', '0', 'single', 'text', 'string', null, null, null, '4028d881436d514601436d52192f012c');
INSERT INTO `cgform_field` VALUES ('4028d881436d514601436d5219770144', '性别', 'admin', '2014-01-07 23:28:53', '管理员', 'sex', '', null, null, null, '120', 'sex', null, 'N', 'Y', 'Y', 'Y', 'Y', '4', '', '', null, '3', '0', 'single', 'radio', 'string', null, null, null, '4028d881436d514601436d52192f012c');
INSERT INTO `cgform_field` VALUES ('4028d881436d514601436d52197b0145', '主键', 'admin', '2014-01-07 23:28:53', '管理员', '', '', null, null, null, '120', 'id', null, 'Y', 'N', 'N', 'N', 'N', '36', '', '', null, '0', '0', 'single', 'checkbox', 'string', null, null, null, '4028d881436d514601436d521931012d');
INSERT INTO `cgform_field` VALUES ('4028d881436d514601436d52197d0146', '航班号', 'admin', '2014-01-07 23:28:53', '管理员', '', '', null, null, null, '120', 'ticket_code', null, 'N', 'N', 'Y', 'Y', 'Y', '100', '', '', null, '1', '0', 'single', 'text', 'string', null, null, null, '4028d881436d514601436d521931012d');
INSERT INTO `cgform_field` VALUES ('4028d881436d514601436d52197f0147', '航班时间', 'admin', '2014-01-07 23:28:53', '管理员', '', '', null, null, null, '120', 'tickect_date', null, 'N', 'N', 'Y', 'Y', 'Y', '10', '', '', null, '2', '0', 'single', 'datetime', 'Date', null, null, null, '4028d881436d514601436d521931012d');
INSERT INTO `cgform_field` VALUES ('4028d881436d514601436d5219810148', '外键', 'admin', '2014-01-07 23:28:53', '管理员', '', '', null, null, null, '120', 'fck_id', null, 'N', 'N', 'N', 'N', 'N', '36', 'id', 'jform_order_main', null, '3', '0', 'single', 'text', 'string', null, null, null, '4028d881436d514601436d521931012d');
INSERT INTO `cgform_field` VALUES ('4028d881436d514601436d5219860149', '主键', 'admin', '2014-01-07 23:28:53', '管理员', '', '', null, null, null, '0', 'id', null, 'Y', 'N', 'N', 'N', 'N', '36', '', '', null, '0', '0', 'single', 'text', 'string', null, null, null, '4028d881436d514601436d521933012e');
INSERT INTO `cgform_field` VALUES ('4028d881436d514601436d521989014a', '机构合计', 'admin', '2014-01-07 23:28:53', '管理员', '', '', null, null, null, '0', 'a', null, 'N', 'N', 'Y', 'Y', 'Y', '10', '', '', null, '1', '2', 'group', 'text', 'double', null, null, null, '4028d881436d514601436d521933012e');
INSERT INTO `cgform_field` VALUES ('4028d881436d514601436d52198a014b', '行政小计', 'admin', '2014-01-07 23:28:53', '管理员', '', '', null, null, null, '0', 'b1', null, 'N', 'N', 'N', 'Y', 'Y', '10', '', '', null, '2', '2', 'group', 'text', 'double', null, null, null, '4028d881436d514601436d521933012e');
INSERT INTO `cgform_field` VALUES ('4028d881436d514601436d52198d014c', '行政省', 'admin', '2014-01-07 23:28:53', '管理员', '', '', null, null, null, '0', 'b11', null, 'N', 'N', 'N', 'Y', 'Y', '100', '', '', null, '3', '0', 'group', 'text', 'string', null, null, null, '4028d881436d514601436d521933012e');
INSERT INTO `cgform_field` VALUES ('4028d881436d514601436d52198f014d', '行政市', 'admin', '2014-01-07 23:28:53', '管理员', '', '', null, null, null, '0', 'b12', null, 'N', 'N', 'N', 'Y', 'Y', '100', '', '', null, '4', '0', 'group', 'text', 'string', null, null, null, '4028d881436d514601436d521933012e');
INSERT INTO `cgform_field` VALUES ('4028d881436d514601436d521991014e', '行政县', 'admin', '2014-01-07 23:28:53', '管理员', '', '', null, null, null, '0', 'b13', null, 'N', 'N', 'N', 'Y', 'Y', '100', '', '', null, '5', '0', 'single', 'text', 'string', null, null, null, '4028d881436d514601436d521933012e');
INSERT INTO `cgform_field` VALUES ('4028d881436d514601436d521994014f', '事业合计', 'admin', '2014-01-07 23:28:53', '管理员', '', '', null, null, null, '0', 'b2', null, 'N', 'N', 'N', 'Y', 'Y', '10', '', '', null, '6', '2', 'single', 'text', 'double', null, null, null, '4028d881436d514601436d521933012e');
INSERT INTO `cgform_field` VALUES ('4028d881436d514601436d5219970150', '参公小计', 'admin', '2014-01-07 23:28:53', '管理员', '', '', null, null, null, '0', 'b3', null, 'N', 'N', 'N', 'Y', 'Y', '10', '', '', null, '7', '2', 'single', 'text', 'double', null, null, null, '4028d881436d514601436d521933012e');
INSERT INTO `cgform_field` VALUES ('4028d881436d514601436d5219990151', '参公省', 'admin', '2014-01-07 23:28:53', '管理员', '', '', null, null, null, '0', 'b31', null, 'N', 'N', 'N', 'Y', 'Y', '100', '', '', null, '8', '0', 'single', 'text', 'string', null, null, null, '4028d881436d514601436d521933012e');
INSERT INTO `cgform_field` VALUES ('4028d881436d514601436d52199c0152', '参公市', 'admin', '2014-01-07 23:28:53', '管理员', '', '', null, null, null, '0', 'b32', null, 'N', 'N', 'N', 'Y', 'Y', '100', '', '', null, '9', '0', 'single', 'text', 'string', null, null, null, '4028d881436d514601436d521933012e');
INSERT INTO `cgform_field` VALUES ('4028d881436d514601436d52199e0153', '参公县', 'admin', '2014-01-07 23:28:53', '管理员', '', '', null, null, null, '0', 'b33', null, 'N', 'N', 'N', 'Y', 'Y', '100', '', '', null, '10', '0', 'single', 'text', 'string', null, null, null, '4028d881436d514601436d521933012e');
INSERT INTO `cgform_field` VALUES ('4028d881436d514601436d5219a00154', '全额拨款', 'admin', '2014-01-07 23:28:53', '管理员', '', '', null, null, null, '0', 'c1', null, 'N', 'N', 'N', 'Y', 'Y', '10', '', '', null, '11', '2', 'single', 'text', 'double', null, null, null, '4028d881436d514601436d521933012e');
INSERT INTO `cgform_field` VALUES ('4028d881436d514601436d5219a30155', '差额拨款', 'admin', '2014-01-07 23:28:53', '管理员', '', '', null, null, null, '0', 'c2', null, 'N', 'N', 'N', 'Y', 'Y', '10', '', '', null, '12', '2', 'single', 'text', 'double', null, null, null, '4028d881436d514601436d521933012e');
INSERT INTO `cgform_field` VALUES ('4028d881436d514601436d5219a60156', '自收自支', 'admin', '2014-01-07 23:28:53', '管理员', '', '', null, null, null, '0', 'c3', null, 'N', 'N', 'N', 'Y', 'Y', '10', '', '', null, '13', '2', 'single', 'text', 'double', null, null, null, '4028d881436d514601436d521933012e');
INSERT INTO `cgform_field` VALUES ('4028d881436d514601436d5219a80157', '经费合计', 'admin', '2014-01-07 23:28:53', '管理员', '', '', null, null, null, '0', 'd', null, 'N', 'N', 'Y', 'Y', 'Y', '10', '', '', null, '14', '2', 'single', 'text', 'int', null, null, null, '4028d881436d514601436d521933012e');
INSERT INTO `cgform_field` VALUES ('4028d881436d514601436d5219aa0158', '机构资质', 'admin', '2014-01-07 23:28:53', '管理员', '', '', null, null, null, '0', 'd1', null, 'N', 'N', 'N', 'Y', 'Y', '1000', '', '', null, '15', '0', 'single', 'text', 'string', null, null, null, '4028d881436d514601436d521933012e');

-- ----------------------------
-- Table structure for `cgform_ftl`
-- ----------------------------
DROP TABLE IF EXISTS `cgform_ftl`;
CREATE TABLE `cgform_ftl` (
  `ID` varchar(32) NOT NULL,
  `CGFORM_ID` varchar(36) NOT NULL,
  `CGFORM_NAME` varchar(100) NOT NULL,
  `CREATE_BY` varchar(36) default NULL,
  `CREATE_DATE` datetime default NULL,
  `CREATE_NAME` varchar(32) default NULL,
  `FTL_CONTENT` longtext,
  `FTL_STATUS` varchar(50) default NULL,
  `FTL_VERSION` int(11) NOT NULL,
  `FTL_WORD_URL` varchar(200) default NULL,
  `UPDATE_BY` varchar(36) default NULL,
  `UPDATE_DATE` datetime default NULL,
  `UPDATE_NAME` varchar(32) default NULL,
  PRIMARY KEY  (`ID`)
) ENGINE=InnoDB DEFAULT CHARSET=utf8;

-- ----------------------------
-- Records of cgform_ftl
-- ----------------------------

-- ----------------------------
-- Table structure for `cgform_head`
-- ----------------------------
DROP TABLE IF EXISTS `cgform_head`;
CREATE TABLE `cgform_head` (
  `id` varchar(32) NOT NULL,
  `content` varchar(200) NOT NULL,
  `create_by` varchar(32) default NULL,
  `create_date` datetime default NULL,
  `create_name` varchar(32) default NULL,
  `is_checkbox` varchar(5) NOT NULL,
  `is_dbsynch` varchar(20) NOT NULL,
  `is_pagination` varchar(5) NOT NULL,
  `is_tree` varchar(5) NOT NULL,
  `jform_type` int(11) NOT NULL,
  `jform_version` varchar(10) NOT NULL,
  `querymode` varchar(10) NOT NULL,
  `relation_type` int(11) default NULL,
  `sub_table_str` longtext,
  `table_name` varchar(20) NOT NULL,
  `update_by` varchar(32) default NULL,
  `update_date` datetime default NULL,
  `update_name` varchar(32) default NULL,
  `jform_pk_sequence` varchar(200) default NULL,
  `jform_pk_type` varchar(100) default NULL,
  `tab_order` int(11) default NULL,
  PRIMARY KEY  (`id`)
) ENGINE=InnoDB DEFAULT CHARSET=utf8;

-- ----------------------------
-- Records of cgform_head
-- ----------------------------
INSERT INTO `cgform_head` VALUES ('402881e446676a060146677087880001', '扩展接口管理', 'admin', '2014-06-04 23:12:46', '管理员', 'N', 'Y', 'Y', 'N', '1', '2', 'single', '0', null, 'weixin_expandconfig', 'admin', '2014-06-04 23:18:31', '管理员', null, null, null);
INSERT INTO `cgform_head` VALUES ('402881e845c73cb00145c754450c0007', '微信公众帐号信息', 'admin', '2014-05-04 21:02:39', '管理员', 'Y', 'Y', 'Y', 'N', '1', '2', 'single', '0', null, 'weixin_account', 'admin', '2014-05-06 20:10:30', '管理员', null, null, null);
INSERT INTO `cgform_head` VALUES ('4028d881436d514601436d521928012a', '订单主信息', 'admin', '2014-01-07 23:28:53', '管理员', 'N', 'N', 'Y', 'N', '2', '57', 'group', '0', 'jform_order_ticket,jform_order_customer', 'jform_order_main', null, null, null, null, null, null);
INSERT INTO `cgform_head` VALUES ('4028d881436d514601436d52192d012b', '请假单', 'admin', '2014-01-07 23:28:53', '管理员', 'N', 'Y', 'Y', 'N', '1', '51', 'group', '0', null, 'jform_leave', 'admin', '2014-01-19 10:08:17', '管理员', null, null, null);
INSERT INTO `cgform_head` VALUES ('4028d881436d514601436d52192f012c', '订单客户信息', 'admin', '2014-01-07 23:28:53', '管理员', 'Y', 'N', 'Y', 'N', '3', '16', 'single', '0', null, 'jform_order_customer', null, null, null, null, null, null);
INSERT INTO `cgform_head` VALUES ('4028d881436d514601436d521931012d', '订单机票信息', 'admin', '2014-01-07 23:28:53', '管理员', 'N', 'N', 'Y', 'N', '3', '20', 'single', '0', null, 'jform_order_ticket', null, null, null, null, null, null);
INSERT INTO `cgform_head` VALUES ('4028d881436d514601436d521933012e', '价格认证机构统计表', 'admin', '2014-01-07 23:28:53', '管理员', 'N', 'N', 'Y', 'N', '1', '3', 'group', '0', null, 'jform_price1', null, null, null, null, null, null);

-- ----------------------------
-- Table structure for `cgform_uploadfiles`
-- ----------------------------
DROP TABLE IF EXISTS `cgform_uploadfiles`;
CREATE TABLE `cgform_uploadfiles` (
  `CGFORM_FIELD` varchar(100) NOT NULL,
  `CGFORM_ID` varchar(36) NOT NULL,
  `CGFORM_NAME` varchar(100) NOT NULL,
  `id` varchar(32) NOT NULL,
  PRIMARY KEY  (`id`),
  KEY `FK_qwig8sn3okhvh4wye8nn8gdeg` (`id`),
  CONSTRAINT `FK_qwig8sn3okhvh4wye8nn8gdeg` FOREIGN KEY (`id`) REFERENCES `t_s_attachment` (`ID`)
) ENGINE=InnoDB DEFAULT CHARSET=utf8;

-- ----------------------------
-- Records of cgform_uploadfiles
-- ----------------------------

-- ----------------------------
-- Table structure for `ck_editor`
-- ----------------------------
DROP TABLE IF EXISTS `ck_editor`;
CREATE TABLE `ck_editor` (
  `ID` varchar(32) NOT NULL,
  `CONTENTS` blob,
  PRIMARY KEY  (`ID`)
) ENGINE=InnoDB DEFAULT CHARSET=utf8;

-- ----------------------------
-- Records of ck_editor
-- ----------------------------
INSERT INTO `ck_editor` VALUES ('4028d881436d514601436d5219250129', 0x3C68746D6C3E3C686561643E3C7469746C653E3C2F7469746C653E3C6C696E6B20687265663D27706C75672D696E2F6561737975692F7468656D65732F64656661756C742F6561737975692E637373272069643D276561737975695468656D65272072656C3D277374796C6573686565742720747970653D27746578742F63737327202F3E3C6C696E6B20687265663D27706C75672D696E2F6561737975692F7468656D65732F69636F6E2E637373272072656C3D277374796C6573686565742720747970653D27746578742F63737327202F3E3C6C696E6B20687265663D27706C75672D696E2F6163636F7264696F6E2F6373732F6163636F7264696F6E2E637373272072656C3D277374796C6573686565742720747970653D27746578742F63737327202F3E3C6C696E6B20687265663D27706C75672D696E2F56616C6964666F726D2F6373732F7374796C652E637373272072656C3D277374796C6573686565742720747970653D27746578742F63737327202F3E3C6C696E6B20687265663D27706C75672D696E2F56616C6964666F726D2F6373732F7461626C6566726F6D2E637373272072656C3D277374796C6573686565742720747970653D27746578742F63737327202F3E3C7374796C6520747970653D27746578742F637373273E626F64797B666F6E742D73697A653A313270783B7D7461626C65207B626F726465723A31707820736F6C696420233030303030303B626F726465722D636F6C6C617073653A20636F6C6C617073653B7D7464207B626F726465723A31707820736F6C696420233030303030303B6261636B67726F756E643A77686974653B666F6E742D73697A653A313270783B666F6E742D66616D696C793A20D0C2CBCECCE53B636F6C6F723A20233333333B3C2F7374796C653E3C2F686561643E3C626F64793E3C6469763E3C703EB8BDBCFE32A3BA3C2F703E3C6831207374796C653D27746578742D616C69676E3A63656E746572273E3C7370616E207374796C653D27666F6E742D73697A653A32347078273E3C7374726F6E673EBCDBB8F1C8CFD6A4C8CBD4B1CDB3BCC6B1ED3C2F7374726F6E673E3C2F7370616E3E3C2F68313E3C703ECCEEB1A8B5A5CEBBA3A8B8C7D5C2A3A9A3BA3C696E707574206E616D653D276F72675F6E616D652720747970653D2774657874272076616C75653D27247B6F72675F6E616D653F69665F6578697374733F68746D6C7D27202F3E3C2F703E3C703EB5A5CEBBB4FAC2EBBAC5A3BA3C696E707574206E616D653D276E756D2720747970653D2774657874272076616C75653D27247B6E756D3F69665F6578697374733F68746D6C7D27202F3E20266E6273703B266E6273703B266E6273703B266E6273703B266E6273703B266E6273703B266E6273703B266E6273703B266E6273703B266E6273703B266E6273703B266E6273703B266E6273703B266E6273703B266E6273703B266E6273703B266E6273703B266E6273703B266E6273703B266E6273703B266E6273703B266E6273703B266E6273703B266E6273703B266E6273703B266E6273703B266E6273703B266E6273703B266E6273703B266E6273703B266E6273703B266E6273703B266E6273703B266E6273703B266E6273703B266E6273703B266E6273703B266E6273703B266E6273703B266E6273703B266E6273703B266E6273703B266E6273703B266E6273703B266E6273703B266E6273703B266E6273703B266E6273703B266E6273703B266E6273703B266E6273703B266E6273703B266E6273703B266E6273703B266E6273703B266E6273703B266E6273703B266E6273703BB5A5CEBBA3BAC8CBCCEE266E6273703B266E6273703B266E6273703B266E6273703B266E6273703B266E6273703B266E6273703B266E6273703B266E6273703B266E6273703B266E6273703B266E6273703B266E6273703B266E6273703B266E6273703B266E6273703B266E6273703B266E6273703B20B1A8C8D5C6DAA3BA266E6273703B266E6273703B266E6273703B266E6273703B266E6273703B20C4EA266E6273703B266E6273703B20D4C2266E6273703B266E6273703B20C8D53C2F703E3C666F726D20616374696F6E3D276367466F726D4275696C64436F6E74726F6C6C65722E646F3F736176654F72557064617465272069643D27666F726D6F626A27206D6574686F643D27706F737427206E616D653D27666F726D6F626A273E3C696E707574206E616D653D277461626C654E616D652720747970653D2768696464656E272076616C75653D27247B7461626C654E616D653F69665F6578697374733F68746D6C7D27202F3E203C696E707574206E616D653D2769642720747970653D2768696464656E272076616C75653D27247B69643F69665F6578697374733F68746D6C7D27202F3E237B6A666F726D5F68696464656E5F6669656C647D3C696E70757420747970653D2768696464656E27202F3E3C703E266E6273703B3C2F703E3C7461626C6520626F726465723D2731272063656C6C70616464696E673D2730272063656C6C73706163696E673D273027207374796C653D2777696474683A313031367078273E3C74626F64793E3C74723E3C746420726F777370616E3D2734273E3C703E266E6273703B3C2F703E3C703E266E6273703B3C2F703E3C703EBACFBCC63C2F703E3C703E266E6273703B3C2F703E3C2F74643E3C746420636F6C7370616E3D27362720726F777370616E3D2732273E3C703E266E6273703B3C2F703E3C703EC8CBCAFD3C2F703E3C2F74643E3C746420636F6C7370616E3D27352720726F777370616E3D2732273E3C703E266E6273703B3C2F703E3C703ED1A7C0FA3C2F703E3C2F74643E3C746420636F6C7370616E3D27342720726F777370616E3D2732273E3C703E266E6273703B3C2F703E3C703EC8A1B5C3B5C4A3A8C9CFB8DAA3A9D6B4D2B5D7CAB8F13C2F703E3C2F74643E3C746420636F6C7370616E3D2734273E3C703ED7A8D2B5BCBCCAF5D6B0B3C63C2F703E3C2F74643E3C2F74723E3C74723E3C746420636F6C7370616E3D2734273E3C703EA3A8BEADBCC3CFB5C1D0A1A2B9A4B3CCCFB5C1D0A3A93C2F703E3C2F74643E3C2F74723E3C74723E3C746420636F6C7370616E3D2733273E3C703ED4DAB1E0C8CBD4B13C2F703E3C2F74643E3C746420636F6C7370616E3D2732273E3C703EC6B8D3C3C8CBD4B13C2F703E3C2F74643E3C746420726F777370616E3D2732273E3C703EC1D9CAB128BDE8D3C329C8CBD4B13C2F703E3C2F74643E3C746420726F777370616E3D2732273E3C703EB8DFD6D03C2F703E3C2F74643E3C746420726F777370616E3D2732273E3C703EB4F3D7A83C2F703E3C2F74643E3C746420726F777370616E3D2732273E3C703EB1BEBFC63C2F703E3C2F74643E3C746420726F777370616E3D2732273E3C703ED1D0BEBFC9FA3C2F703E3C2F74643E3C746420726F777370616E3D2732273E3C703EC6E4CBFC3C2F703E3C2F74643E3C746420726F777370616E3D2732273E3C703EBCDBB8F13C2F703E3C703EBCF8D6A4D4B13C2F703E3C2F74643E3C746420726F777370616E3D2732273E3C703EBCDBB8F13C2F703E3C703EBCF8D6A4CAA63C2F703E3C2F74643E3C746420726F777370616E3D2732273E3C703EB8B4BACB3C2F703E3C703EB2C3B6A8D4B13C2F703E3C2F74643E3C746420726F777370616E3D2732273E3C703EC6E4CBFC3C2F703E3C2F74643E3C746420726F777370616E3D2732273E3C703EB3F5BCB63C2F703E3C2F74643E3C746420726F777370616E3D2732273E3C703ED6D0BCB63C2F703E3C2F74643E3C746420726F777370616E3D2732273E3C703EB8DFBCB63C2F703E3C2F74643E3C746420726F777370616E3D2732273E3C703EC6E4CBFC3C2F703E3C2F74643E3C2F74723E3C74723E3C74643E3C703EB1BEB5A5CEBB3C2F703E3C2F74643E3C746420636F6C7370616E3D2732273E3C703EC6E4CBFC3C2F703E3C2F74643E3C74643E3C703EB3A4C6DA3C2F703E3C2F74643E3C74643E3C703EB6CCC6DA3C2F703E3C2F74643E3C2F74723E3C74723E3C74643E3C703E41313C2F703E3C2F74643E3C74643E3C703E42313C2F703E3C2F74643E3C74643E3C703E42323C2F703E3C2F74643E3C746420636F6C7370616E3D2732273E3C703E42333C2F703E3C2F74643E3C74643E3C703E42343C2F703E3C2F74643E3C74643E3C703E42353C2F703E3C2F74643E3C74643E3C703E43313C2F703E3C2F74643E3C74643E3C703E43323C2F703E3C2F74643E3C74643E3C703E43333C2F703E3C2F74643E3C74643E3C703E43343C2F703E3C2F74643E3C74643E3C703E43353C2F703E3C2F74643E3C74643E3C703E44313C2F703E3C2F74643E3C74643E3C703E44323C2F703E3C2F74643E3C74643E3C703E44333C2F703E3C2F74643E3C74643E3C703E44343C2F703E3C2F74643E3C74643E3C703E45313C2F703E3C2F74643E3C74643E3C703E45323C2F703E3C2F74643E3C74643E3C703E45333C2F703E3C2F74643E3C74643E3C703E45343C2F703E3C2F74643E3C2F74723E3C74723E3C74643E3C703E3C696E707574206E616D653D276131272073697A653D27342720747970653D2774657874272076616C75653D27247B61313F69665F6578697374733F68746D6C7D27202F3E3C2F703E3C2F74643E3C74643E3C703E3C696E707574206E616D653D276231272073697A653D27342720747970653D2774657874272076616C75653D27247B62313F69665F6578697374733F68746D6C7D27202F3E3C2F703E3C2F74643E3C74643E3C703E3C696E707574206E616D653D276232272073697A653D27342720747970653D2774657874272076616C75653D27247B62323F69665F6578697374733F68746D6C7D27202F3E3C2F703E3C2F74643E3C746420636F6C7370616E3D2732273E3C703E3C696E707574206E616D653D276233272073697A653D27342720747970653D2774657874272076616C75653D27247B62333F69665F6578697374733F68746D6C7D27202F3E3C2F703E3C2F74643E3C74643E3C703E3C696E707574206E616D653D276234272073697A653D27342720747970653D2774657874272076616C75653D27247B62343F69665F6578697374733F68746D6C7D27202F3E3C2F703E3C2F74643E3C74643E3C703E3C696E707574206E616D653D276235272073697A653D27342720747970653D2774657874272076616C75653D27247B62353F69665F6578697374733F68746D6C7D27202F3E3C2F703E3C2F74643E3C74643E3C703E3C696E707574206E616D653D276331272073697A653D27342720747970653D2774657874272076616C75653D27247B63313F69665F6578697374733F68746D6C7D27202F3E3C2F703E3C2F74643E3C74643E3C703E3C696E707574206E616D653D276332272073697A653D27342720747970653D2774657874272076616C75653D27247B63323F69665F6578697374733F68746D6C7D27202F3E3C2F703E3C2F74643E3C74643E3C703E3C696E707574206E616D653D276333272073697A653D27342720747970653D2774657874272076616C75653D27247B63333F69665F6578697374733F68746D6C7D27202F3E3C2F703E3C2F74643E3C74643E3C703E3C696E707574206E616D653D276334272073697A653D27342720747970653D2774657874272076616C75653D27247B63343F69665F6578697374733F68746D6C7D27202F3E3C2F703E3C2F74643E3C74643E3C703E3C696E707574206E616D653D276335272073697A653D27342720747970653D2774657874272076616C75653D27247B63353F69665F6578697374733F68746D6C7D27202F3E3C2F703E3C2F74643E3C74643E3C703E3C696E707574206E616D653D276431272073697A653D27342720747970653D2774657874272076616C75653D27247B64313F69665F6578697374733F68746D6C7D27202F3E3C2F703E3C2F74643E3C74643E3C703E3C696E707574206E616D653D276432272073697A653D27342720747970653D2774657874272076616C75653D27247B64323F69665F6578697374733F68746D6C7D27202F3E3C2F703E3C2F74643E3C74643E3C703E3C696E707574206E616D653D276433272073697A653D27342720747970653D2774657874272076616C75653D27247B64333F69665F6578697374733F68746D6C7D27202F3E3C2F703E3C2F74643E3C74643E3C703E3C696E707574206E616D653D276434272073697A653D27342720747970653D2774657874272076616C75653D27247B64343F69665F6578697374733F68746D6C7D27202F3E3C2F703E3C2F74643E3C74643E3C703E3C696E707574206E616D653D276531272073697A653D27342720747970653D2774657874272076616C75653D27247B65313F69665F6578697374733F68746D6C7D27202F3E3C2F703E3C2F74643E3C74643E3C703E3C696E707574206E616D653D276532272073697A653D27342720747970653D2774657874272076616C75653D27247B65323F69665F6578697374733F68746D6C7D27202F3E3C2F703E3C2F74643E3C74643E3C703E3C696E707574206E616D653D276533272073697A653D27342720747970653D2774657874272076616C75653D27247B65333F69665F6578697374733F68746D6C7D27202F3E3C2F703E3C2F74643E3C74643E3C703E3C696E707574206E616D653D276534272073697A653D27342720747970653D2774657874272076616C75653D27247B65343F69665F6578697374733F68746D6C7D27202F3E3C2F703E3C2F74643E3C2F74723E3C74723E3C746420636F6C7370616E3D273230273E3C703E266E6273703B3C2F703E3C703ECCEEB1A8CBB5C3F7A3BA3C2F703E3C703ED2BBA1A2BACFBCC6A3A841A3A9A3BACCEEB1A8D6C1CDB3BCC6BDD8D6B9C6DAB5C4B1BEBBFAB9B9B5C4C8CBD4B1D7DCCAFDA1A33C2F703E3C703EB6FEA1A2C8CBCAFDA3BA3C2F703E3C703ED4DAB1E0C8CBD4B1A3BAB7D6B1F0B0B4D5D5BCDBB8F1C8CFD6A4BBFAB9B9B1E0D6C6C4DABCB0C6E4CBFCBEDFD3D0BCDBB8F1D6F7B9DCB2BFC3C5B1E0D6C6B5C4CAB5D3D0C8CBCAFDCCEEB1A8D4DA4231A1A24232C0B8C4DAA1A33C2F703E3C703EC6B8D3C3C8CBD4B1A3BAB0B4D5D5BEADBCDBB8F1D6F7B9DCB2BFC3C5BBF2BCDBB8F1C8CFD6A4BBFAB9B9C8CBCAC2B2BFC3C5C8CFBFC9B5C4B2A2C7A9B6A9C8FDC4EAD2D4C9CFB5C4B9A4D7F7BACFCDACB5C4C8CBD4B1A3A84233A3A9A3BBD2D4BCB0C3BBD3D0BEADB9FDBCDBB8F1D6F7B9DCB2BFC3C5BBF2BCDBB8F1C8CFD6A4BBFAB9B9C8CBCAC2B2BFC3C5C8CFBFC9B5C4C7A9B6A9BACFCDACC9D9D3DAC8FDC4EAB5C4C8CBD4B1A3A84234A3A9B7D6B1F0C0B4BDF8D0D0CDB3BCC6A1A33C2F703E3C703EC1D9CAB1A3A8BDE8D3C3A3A9C8CBD4B1A3A84235A3A9A3BACCD8D6B8CDE2C6B8B5C4C1D9CAB1B9A4A3ACBBF2D5DFB9A4D7F7B9D8CFB5B2BBD4DAB1BEB5A5CEBBC7D2CEDEB3A4C6DAC6B8D3C3BACFCDACB5C4BDE8B5F7C8CBD4B1B5C8A1A33C2F703E3C703EC8FDA1A2B1EDC4DAB8F7C0B8C4BFB9D8CFB53C2F703E3C703E413D42312B42322B42332B42342B42353D43312B43322B43332B43342B43353D44312B44322B44332B44343D45312B45322B45332B45343C2F703E3C2F74643E3C2F74723E3C2F74626F64793E3C2F7461626C653E3C2F666F726D3E3C2F6469763E3C2F626F64793E3C2F68746D6C3E);

-- ----------------------------
-- Table structure for `ck_finder`
-- ----------------------------
DROP TABLE IF EXISTS `ck_finder`;
CREATE TABLE `ck_finder` (
  `ID` varchar(32) NOT NULL,
  `ATTACHMENT` varchar(255) default NULL,
  `IMAGE` varchar(255) default NULL,
  `REMARK` longtext,
  PRIMARY KEY  (`ID`)
) ENGINE=InnoDB DEFAULT CHARSET=utf8;

-- ----------------------------
-- Records of ck_finder
-- ----------------------------

-- ----------------------------
-- Table structure for `doc`
-- ----------------------------
DROP TABLE IF EXISTS `doc`;
CREATE TABLE `doc` (
  `ID` int(11) NOT NULL auto_increment,
  `DOCCONTENT` longblob,
  `DOCDATE` datetime default NULL,
  `DOCID` varchar(255) default NULL,
  `DOCTITLE` varchar(255) default NULL,
  `DOCTYPE` varchar(255) default NULL,
  PRIMARY KEY  (`ID`)
) ENGINE=InnoDB DEFAULT CHARSET=utf8;

-- ----------------------------
-- Records of doc
-- ----------------------------

-- ----------------------------
-- Table structure for `gzentity`
-- ----------------------------
DROP TABLE IF EXISTS `gzentity`;
CREATE TABLE `gzentity` (
  `id` varchar(100) NOT NULL,
  `templateName` varchar(100) default NULL,
  `templateId` varchar(100) default NULL,
  `lx` varchar(100) default NULL,
  `addTime` varchar(100) default NULL,
  PRIMARY KEY  (`id`)
) ENGINE=InnoDB DEFAULT CHARSET=utf8;

-- ----------------------------
-- Records of gzentity
-- ----------------------------

-- ----------------------------
-- Table structure for `jeecg_demo`
-- ----------------------------
DROP TABLE IF EXISTS `jeecg_demo`;
CREATE TABLE `jeecg_demo` (
  `ID` varchar(32) NOT NULL,
  `AGE` int(11) default NULL,
  `BIRTHDAY` datetime default NULL,
  `content` varchar(255) default NULL,
  `CREATE_TIME` datetime default NULL,
  `DEP_ID` varchar(255) default NULL,
  `EMAIL` varchar(255) default NULL,
  `MOBILE_PHONE` varchar(255) default NULL,
  `OFFICE_PHONE` varchar(255) default NULL,
  `SALARY` decimal(19,2) default NULL,
  `SEX` varchar(255) default NULL,
  `status` varchar(255) default NULL,
  `USER_NAME` varchar(255) NOT NULL,
  `create_date` datetime default NULL,
  PRIMARY KEY  (`ID`)
) ENGINE=InnoDB DEFAULT CHARSET=utf8;

-- ----------------------------
-- Records of jeecg_demo
-- ----------------------------
INSERT INTO `jeecg_demo` VALUES ('4028d881436d514601436d521ad4015e', '12', '2014-01-07 23:28:53', null, null, '123', 'demo@jeecg.com', '13111111111', '66666666', '111111.00', '1', null, '小明', null);

-- ----------------------------
-- Table structure for `jeecg_demo_course`
-- ----------------------------
DROP TABLE IF EXISTS `jeecg_demo_course`;
CREATE TABLE `jeecg_demo_course` (
  `ID` varchar(32) NOT NULL,
  `NAME` varchar(25) default NULL,
  `teacher_ID` varchar(32) default NULL,
  PRIMARY KEY  (`ID`),
  KEY `FK_g3jn8mfod69i7jfv5gnrcvgbx` (`teacher_ID`),
  CONSTRAINT `FK_g3jn8mfod69i7jfv5gnrcvgbx` FOREIGN KEY (`teacher_ID`) REFERENCES `jeecg_demo_teacher` (`ID`)
) ENGINE=InnoDB DEFAULT CHARSET=utf8;

-- ----------------------------
-- Records of jeecg_demo_course
-- ----------------------------
INSERT INTO `jeecg_demo_course` VALUES ('4028d881436d514601436d5219b0015b', '海贼王', '4028d881436d514601436d5219ae015a');

-- ----------------------------
-- Table structure for `jeecg_demo_student`
-- ----------------------------
DROP TABLE IF EXISTS `jeecg_demo_student`;
CREATE TABLE `jeecg_demo_student` (
  `ID` varchar(32) NOT NULL,
  `BIRTHDAY` datetime default NULL,
  `NAME` varchar(32) default NULL,
  `SEX` varchar(1) default NULL,
  `COURSE_ID` varchar(32) default NULL,
  PRIMARY KEY  (`ID`),
  KEY `FK_r86q81koyocgod3cx6529hbpw` (`COURSE_ID`),
  CONSTRAINT `FK_r86q81koyocgod3cx6529hbpw` FOREIGN KEY (`COURSE_ID`) REFERENCES `jeecg_demo_course` (`ID`)
) ENGINE=InnoDB DEFAULT CHARSET=utf8;

-- ----------------------------
-- Records of jeecg_demo_student
-- ----------------------------
INSERT INTO `jeecg_demo_student` VALUES ('4028d881436d514601436d5219b4015c', null, '卓洛', '0', '4028d881436d514601436d5219b0015b');
INSERT INTO `jeecg_demo_student` VALUES ('4028d881436d514601436d5219b7015d', null, '山治 ', '0', '4028d881436d514601436d5219b0015b');

-- ----------------------------
-- Table structure for `jeecg_demo_teacher`
-- ----------------------------
DROP TABLE IF EXISTS `jeecg_demo_teacher`;
CREATE TABLE `jeecg_demo_teacher` (
  `ID` varchar(32) NOT NULL,
  `NAME` varchar(12) default NULL,
  `pic` varchar(255) default NULL,
  PRIMARY KEY  (`ID`)
) ENGINE=InnoDB DEFAULT CHARSET=utf8;

-- ----------------------------
-- Records of jeecg_demo_teacher
-- ----------------------------
INSERT INTO `jeecg_demo_teacher` VALUES ('4028d881436d514601436d5219ae015a', '路飞', 'upload/Teacher/pic3345280233.PNG');

-- ----------------------------
-- Table structure for `jeecg_matter_bom`
-- ----------------------------
DROP TABLE IF EXISTS `jeecg_matter_bom`;
CREATE TABLE `jeecg_matter_bom` (
  `ID` varchar(32) NOT NULL,
  `address` varchar(255) default NULL,
  `code` varchar(50) NOT NULL,
  `name` varchar(50) NOT NULL,
  `price` decimal(21,6) NOT NULL,
  `productionDate` datetime default NULL,
  `quantity` int(11) NOT NULL,
  `stock` int(11) NOT NULL,
  `unit` varchar(50) default NULL,
  `weight` varchar(50) default NULL,
  `parent_ID` varchar(32) default NULL,
  PRIMARY KEY  (`ID`),
  KEY `FK_fldfyrevj0li4hej5b2gu2q7w` (`parent_ID`),
  CONSTRAINT `FK_fldfyrevj0li4hej5b2gu2q7w` FOREIGN KEY (`parent_ID`) REFERENCES `jeecg_matter_bom` (`ID`)
) ENGINE=InnoDB DEFAULT CHARSET=utf8;

-- ----------------------------
-- Records of jeecg_matter_bom
-- ----------------------------
INSERT INTO `jeecg_matter_bom` VALUES ('4028d881436d514601436d521ae40163', '广东深圳', '001', '电脑', '5000.000000', '2014-01-07 23:28:53', '5', '10', '台', '100', null);
INSERT INTO `jeecg_matter_bom` VALUES ('4028d881436d514601436d521ae70164', '上海', '001001', '主板', '800.000000', '2014-01-07 23:28:53', '6', '18', '个', '60', '4028d881436d514601436d521ae40163');

-- ----------------------------
-- Table structure for `jeecg_minidao`
-- ----------------------------
DROP TABLE IF EXISTS `jeecg_minidao`;
CREATE TABLE `jeecg_minidao` (
  `ID` varchar(32) NOT NULL,
  `AGE` int(11) default NULL,
  `BIRTHDAY` datetime default NULL,
  `CONTENT` varchar(255) default NULL,
  `CREATE_TIME` datetime default NULL,
  `DEP_ID` varchar(255) default NULL,
  `EMAIL` varchar(255) default NULL,
  `MOBILE_PHONE` varchar(255) default NULL,
  `OFFICE_PHONE` varchar(255) default NULL,
  `SALARY` decimal(19,2) default NULL,
  `SEX` int(11) default NULL,
  `STATUS` varchar(255) default NULL,
  `USER_NAME` varchar(255) NOT NULL,
  PRIMARY KEY  (`ID`)
) ENGINE=InnoDB DEFAULT CHARSET=utf8;

-- ----------------------------
-- Records of jeecg_minidao
-- ----------------------------

-- ----------------------------
-- Table structure for `jeecg_order_custom`
-- ----------------------------
DROP TABLE IF EXISTS `jeecg_order_custom`;
CREATE TABLE `jeecg_order_custom` (
  `ID` varchar(32) NOT NULL,
  `CREATE_DT` datetime default NULL,
  `CRTUSER` varchar(12) default NULL,
  `CRTUSER_NAME` varchar(10) default NULL,
  `DEL_DT` datetime default NULL,
  `DELFLAG` int(11) default NULL,
  `GO_ORDER_CODE` varchar(12) NOT NULL,
  `GOC_BUSS_CONTENT` varchar(33) default NULL,
  `GOC_CONTENT` varchar(66) default NULL,
  `GOC_CUS_NAME` varchar(16) default NULL,
  `GOC_IDCARD` varchar(18) default NULL,
  `GOC_PASSPORT_CODE` varchar(10) default NULL,
  `GOC_SEX` varchar(255) default NULL,
  `MODIFIER` varchar(12) default NULL,
  `MODIFIER_NAME` varchar(10) default NULL,
  `MODIFY_DT` datetime default NULL,
  PRIMARY KEY  (`ID`)
) ENGINE=InnoDB DEFAULT CHARSET=utf8;

-- ----------------------------
-- Records of jeecg_order_custom
-- ----------------------------
INSERT INTO `jeecg_order_custom` VALUES ('4028d881436d514601436d521ae20162', null, null, null, null, null, '11111AAA', null, null, '小明', null, null, '1', null, null, null);

-- ----------------------------
-- Table structure for `jeecg_order_main`
-- ----------------------------
DROP TABLE IF EXISTS `jeecg_order_main`;
CREATE TABLE `jeecg_order_main` (
  `ID` varchar(32) NOT NULL,
  `CREATE_DT` datetime default NULL,
  `CRTUSER` varchar(12) default NULL,
  `CRTUSER_NAME` varchar(10) default NULL,
  `DEL_DT` datetime default NULL,
  `DELFLAG` int(11) default NULL,
  `GO_ALL_PRICE` decimal(10,2) default NULL,
  `GO_CONTACT_NAME` varchar(16) default NULL,
  `GO_CONTENT` varchar(66) default NULL,
  `GO_ORDER_CODE` varchar(12) NOT NULL,
  `GO_ORDER_COUNT` int(11) default NULL,
  `GO_RETURN_PRICE` decimal(10,2) default NULL,
  `GO_TELPHONE` varchar(11) default NULL,
  `GODER_TYPE` varchar(255) default NULL,
  `MODIFIER` varchar(12) default NULL,
  `MODIFIER_NAME` varchar(10) default NULL,
  `MODIFY_DT` datetime default NULL,
  `USERTYPE` varchar(255) default NULL,
  PRIMARY KEY  (`ID`)
) ENGINE=InnoDB DEFAULT CHARSET=utf8;

-- ----------------------------
-- Records of jeecg_order_main
-- ----------------------------
INSERT INTO `jeecg_order_main` VALUES ('4028d881436d514601436d521adb0160', null, null, null, null, null, '1111111.00', 'alex', '别放辣椒', '11111AAA', '1', '100.00', null, '1', null, null, null, '1');

-- ----------------------------
-- Table structure for `jeecg_order_product`
-- ----------------------------
DROP TABLE IF EXISTS `jeecg_order_product`;
CREATE TABLE `jeecg_order_product` (
  `ID` varchar(32) NOT NULL,
  `CREATE_DT` datetime default NULL,
  `CRTUSER` varchar(12) default NULL,
  `CRTUSER_NAME` varchar(10) default NULL,
  `DEL_DT` datetime default NULL,
  `DELFLAG` int(11) default NULL,
  `GO_ORDER_CODE` varchar(12) NOT NULL,
  `GOP_CONTENT` varchar(66) default NULL,
  `GOP_COUNT` int(11) default NULL,
  `GOP_ONE_PRICE` decimal(10,2) default NULL,
  `GOP_PRODUCT_NAME` varchar(33) default NULL,
  `GOP_PRODUCT_TYPE` varchar(1) NOT NULL,
  `GOP_SUM_PRICE` decimal(10,2) default NULL,
  `MODIFIER` varchar(12) default NULL,
  `MODIFIER_NAME` varchar(10) default NULL,
  `MODIFY_DT` datetime default NULL,
  PRIMARY KEY  (`ID`)
) ENGINE=InnoDB DEFAULT CHARSET=utf8;

-- ----------------------------
-- Records of jeecg_order_product
-- ----------------------------
INSERT INTO `jeecg_order_product` VALUES ('4028d881436d514601436d521adf0161', null, null, null, null, null, '11111AAA', null, '1', '100.00', '最最美味的地锅鸡', '1', '100.00', null, null, null);

-- ----------------------------
-- Table structure for `jform_cgreport_head`
-- ----------------------------
DROP TABLE IF EXISTS `jform_cgreport_head`;
CREATE TABLE `jform_cgreport_head` (
  `ID` varchar(36) NOT NULL,
  `CGR_SQL` longtext NOT NULL,
  `CODE` varchar(36) NOT NULL,
  `CONTENT` longtext NOT NULL,
  `NAME` varchar(100) NOT NULL,
  PRIMARY KEY  (`ID`)
) ENGINE=InnoDB DEFAULT CHARSET=utf8;

-- ----------------------------
-- Records of jform_cgreport_head
-- ----------------------------

-- ----------------------------
-- Table structure for `jform_cgreport_item`
-- ----------------------------
DROP TABLE IF EXISTS `jform_cgreport_item`;
CREATE TABLE `jform_cgreport_item` (
  `ID` varchar(36) NOT NULL,
  `S_FLAG` varchar(2) default NULL,
  `S_MODE` varchar(10) default NULL,
  `CGRHEAD_ID` varchar(36) default NULL,
  `DICT_CODE` varchar(36) default NULL,
  `FIELD_HREF` varchar(120) default NULL,
  `FIELD_NAME` varchar(36) default NULL,
  `FIELD_TXT` longtext,
  `FIELD_TYPE` varchar(10) default NULL,
  `IS_SHOW` varchar(5) default NULL,
  `ORDER_NUM` int(11) default NULL,
  `REPLACE_VA` varchar(36) default NULL,
  PRIMARY KEY  (`ID`)
) ENGINE=InnoDB DEFAULT CHARSET=utf8;

-- ----------------------------
-- Records of jform_cgreport_item
-- ----------------------------

-- ----------------------------
-- Table structure for `jform_leave`
-- ----------------------------
DROP TABLE IF EXISTS `jform_leave`;
CREATE TABLE `jform_leave` (
  `id` varchar(36) NOT NULL,
  `title` varchar(50) NOT NULL COMMENT '请假标题',
  `people` varchar(20) NOT NULL COMMENT '请假人',
  `sex` varchar(10) NOT NULL COMMENT '性别',
  `begindate` datetime NOT NULL COMMENT '请假开始时间',
  `enddate` datetime NOT NULL COMMENT '请假结束时间',
  `day_num` int(11) default NULL COMMENT '请假天数',
  `hol_dept` varchar(32) NOT NULL COMMENT '所属部门',
  `hol_reson` varchar(255) NOT NULL COMMENT '请假原因',
  `dep_leader` varchar(20) NOT NULL COMMENT '部门审批人',
  `content` varchar(255) NOT NULL COMMENT '部门审批意见',
  PRIMARY KEY  (`id`)
) ENGINE=InnoDB DEFAULT CHARSET=utf8;

-- ----------------------------
-- Records of jform_leave
-- ----------------------------

-- ----------------------------
-- Table structure for `jg_person`
-- ----------------------------
DROP TABLE IF EXISTS `jg_person`;
CREATE TABLE `jg_person` (
  `ID` varchar(32) NOT NULL,
  `AGE` int(11) default NULL,
  `BIRTHDAY` datetime default NULL,
  `CREATEDT` datetime default NULL,
  `NAME` varchar(255) NOT NULL,
  `SALARY` decimal(19,2) default NULL,
  PRIMARY KEY  (`ID`)
) ENGINE=InnoDB DEFAULT CHARSET=utf8;

-- ----------------------------
-- Records of jg_person
-- ----------------------------
INSERT INTO `jg_person` VALUES ('4028d881436d514601436d521ad9015f', '10', '2014-01-07 23:28:53', '2014-01-07 23:28:53', '小红', '1000.00');

-- ----------------------------
-- Table structure for `optimistic_locking`
-- ----------------------------
DROP TABLE IF EXISTS `optimistic_locking`;
CREATE TABLE `optimistic_locking` (
  `ID` varchar(32) NOT NULL,
  `ACCOUNT` int(11) default NULL,
  `AGE` int(11) default NULL,
  `NAME` varchar(85) default NULL,
  `VER` int(11) default NULL,
  PRIMARY KEY  (`ID`)
) ENGINE=InnoDB DEFAULT CHARSET=utf8;

-- ----------------------------
-- Records of optimistic_locking
-- ----------------------------

-- ----------------------------
-- Table structure for `t_finance`
-- ----------------------------
DROP TABLE IF EXISTS `t_finance`;
CREATE TABLE `t_finance` (
  `ID` varchar(32) NOT NULL,
  `APPROFILETYPE` varchar(255) default NULL,
  `BUYMONEY` float default NULL,
  `BUYPROJECTNO` varchar(255) default NULL,
  `BUYPROJECTORG` varchar(255) default NULL,
  `BUYUSE` varchar(255) default NULL,
  `BUYYEAR` varchar(255) default NULL,
  `CATEGORY` varchar(255) default NULL,
  `COLLECTORG` varchar(255) default NULL,
  `EXPENSEACCOUNT` varchar(255) default NULL,
  `HAPPENYEAR` int(11) default NULL,
  `MONEYAREA` varchar(255) default NULL,
  `MONEYSOURCE` varchar(255) default NULL,
  `MONEYTOTAL` float default NULL,
  `MONEYUSE` varchar(255) default NULL,
  `PAYTIME` datetime default NULL,
  `ZBWNO` varchar(255) default NULL,
  PRIMARY KEY  (`ID`)
) ENGINE=InnoDB DEFAULT CHARSET=utf8;

-- ----------------------------
-- Records of t_finance
-- ----------------------------

-- ----------------------------
-- Table structure for `t_finance_files`
-- ----------------------------
DROP TABLE IF EXISTS `t_finance_files`;
CREATE TABLE `t_finance_files` (
  `id` varchar(32) NOT NULL,
  `financeId` varchar(32) default NULL,
  PRIMARY KEY  (`id`),
  KEY `FK_ij2p74feypwcda4n0n96pyd10` (`financeId`),
  KEY `FK_28m7vvi0cy5r5keke68b6f7rt` (`id`),
  CONSTRAINT `FK_28m7vvi0cy5r5keke68b6f7rt` FOREIGN KEY (`id`) REFERENCES `t_s_attachment` (`ID`),
  CONSTRAINT `FK_ij2p74feypwcda4n0n96pyd10` FOREIGN KEY (`financeId`) REFERENCES `t_finance` (`ID`)
) ENGINE=InnoDB DEFAULT CHARSET=utf8;

-- ----------------------------
-- Records of t_finance_files
-- ----------------------------

-- ----------------------------
-- Table structure for `t_s_attachment`
-- ----------------------------
DROP TABLE IF EXISTS `t_s_attachment`;
CREATE TABLE `t_s_attachment` (
  `ID` varchar(32) NOT NULL,
  `attachmentcontent` longblob,
  `attachmenttitle` varchar(100) default NULL,
  `businesskey` varchar(32) default NULL,
  `createdate` datetime default NULL,
  `extend` varchar(32) default NULL,
  `note` longtext,
  `realpath` varchar(100) default NULL,
  `subclassname` longtext,
  `swfpath` longtext,
  `BUSENTITYNAME` varchar(100) default NULL,
  `INFOTYPEID` varchar(32) default NULL,
  `USERID` varchar(32) default NULL,
  PRIMARY KEY  (`ID`),
  KEY `FK_mnq23hlc835n4ufgjl7nkn3bd` (`USERID`),
  CONSTRAINT `FK_mnq23hlc835n4ufgjl7nkn3bd` FOREIGN KEY (`USERID`) REFERENCES `t_s_user` (`id`)
) ENGINE=InnoDB DEFAULT CHARSET=utf8;

-- ----------------------------
-- Records of t_s_attachment
-- ----------------------------
INSERT INTO `t_s_attachment` VALUES ('297e7eb6469a4a8901469a5d96ea000d', null, '19343396_845725', null, '2014-06-14 20:32:43', 'jpg', null, 'upload/files/20140614203243Hk6qikWt.jpg', 'jeecg.system.pojo.base.TSDocument', 'upload/files/20140614203243Hk6qikWt.swf', null, null, null);
INSERT INTO `t_s_attachment` VALUES ('297e7eb6469a4a8901469a5ebac20010', null, '1384480985636', null, '2014-06-14 20:33:57', 'jpg', null, 'upload/files/20140614203357CLkYJbzQ.jpg', 'jeecg.system.pojo.base.TSDocument', 'upload/files/20140614203357CLkYJbzQ.swf', null, null, null);
INSERT INTO `t_s_attachment` VALUES ('297e7eb6469a9a0f01469a9b59d30001', null, '1384480985636', null, '2014-06-14 21:40:10', 'jpg', null, 'upload/files/20140614214010COJ3srhx.jpg', 'jeecg.system.pojo.base.TSDocument', 'upload/files/20140614214010COJ3srhx.swf', null, null, null);
INSERT INTO `t_s_attachment` VALUES ('297e7eb6469a9a0f01469a9bc74b0003', null, '19343396_845725', null, '2014-06-14 21:40:38', 'jpg', null, 'upload/files/20140614214038YRSIWjjs.jpg', 'jeecg.system.pojo.base.TSDocument', 'upload/files/20140614214038YRSIWjjs.swf', null, null, null);
INSERT INTO `t_s_attachment` VALUES ('402881e446394419014639453ce90002', null, '19343396_845725', null, '2014-05-27 00:02:57', 'jpg', null, 'upload/files/20140527000257Q4m5Y6eh.jpg', 'jeecg.system.pojo.base.TSDocument', 'upload/files/20140527000257Q4m5Y6eh.swf', null, null, null);
INSERT INTO `t_s_attachment` VALUES ('402881e4463cc88701463ccef5340001', null, '19343396_845725', null, '2014-05-27 16:32:14', 'jpg', null, 'upload/files/20140527163214CKTFLZIC.jpg', 'jeecg.system.pojo.base.TSDocument', 'upload/files/20140527163214CKTFLZIC.swf', null, null, null);
INSERT INTO `t_s_attachment` VALUES ('402881e44643207c01464333b1f9000c', null, '1384480985636', null, '2014-05-28 22:19:59', 'jpg', null, 'upload/files/20140528221959CZ99E1i2.jpg', 'jeecg.system.pojo.base.TSDocument', 'upload/files/20140528221959CZ99E1i2.swf', null, null, null);
INSERT INTO `t_s_attachment` VALUES ('402881e4464381350146438691940002', null, '1384480985636', null, '2014-05-28 23:50:30', 'jpg', null, 'upload/files/20140528235031DMUhg2PP.jpg', 'jeecg.system.pojo.base.TSDocument', 'upload/files/20140528235031DMUhg2PP.swf', null, null, null);
INSERT INTO `t_s_attachment` VALUES ('402881e44643813501464389b02a000b', null, '1384480985636', null, '2014-05-28 23:53:55', 'jpg', null, 'upload/files/20140528235355miw0YqCA.jpg', 'jeecg.system.pojo.base.TSDocument', 'upload/files/20140528235355miw0YqCA.swf', null, null, null);
INSERT INTO `t_s_attachment` VALUES ('402881e44643a1cd014643a510060003', null, '19343396_845725', null, '2014-05-29 00:23:49', 'jpg', null, 'upload/files/20140529002349G6XE4cA2.jpg', 'jeecg.system.pojo.base.TSDocument', 'upload/files/20140529002349G6XE4cA2.swf', null, null, null);
INSERT INTO `t_s_attachment` VALUES ('402881e44643a1cd014643a55d6f0006', null, '1384480985636', null, '2014-05-29 00:24:09', 'jpg', null, 'upload/files/20140529002409iN0ffyA8.jpg', 'jeecg.system.pojo.base.TSDocument', 'upload/files/20140529002409iN0ffyA8.swf', null, null, null);
INSERT INTO `t_s_attachment` VALUES ('402881e44695183a014695210478000f', null, '6e061d950a7b020896cc3c1162d9f2d3572cc83d', null, '2014-06-13 20:08:27', 'jpg', null, 'upload/files/20140613200827S3Ft6XCD.jpg', 'jeecg.system.pojo.base.TSDocument', 'upload/files/20140613200827S3Ft6XCD.swf', null, null, null);
INSERT INTO `t_s_attachment` VALUES ('402881e44695183a0146952144320012', null, 'd1f3d003big', null, '2014-06-13 20:08:43', 'jpg', null, 'upload/files/20140613200843IviG7AmD.jpg', 'jeecg.system.pojo.base.TSDocument', 'upload/files/20140613200843IviG7AmD.swf', null, null, null);
INSERT INTO `t_s_attachment` VALUES ('402881e44695183a0146952187bc0015', null, '1253192_135516023956_2', null, '2014-06-13 20:09:01', 'jpg', null, 'upload/files/20140613200901Ojk0MGav.jpg', 'jeecg.system.pojo.base.TSDocument', 'upload/files/20140613200901Ojk0MGav.swf', null, null, null);
INSERT INTO `t_s_attachment` VALUES ('402881e44695183a01469522f1ed0018', null, 'd1f3d003big', null, '2014-06-13 20:10:33', 'jpg', null, 'upload/files/20140613201033crByRcxc.jpg', 'jeecg.system.pojo.base.TSDocument', 'upload/files/20140613201033crByRcxc.swf', null, null, null);
INSERT INTO `t_s_attachment` VALUES ('402881e44695183a01469523431e001b', null, '6e061d950a7b020896cc3c1162d9f2d3572cc83d', null, '2014-06-13 20:10:54', 'jpg', null, 'upload/files/20140613201054g0kYQE93.jpg', 'jeecg.system.pojo.base.TSDocument', 'upload/files/20140613201054g0kYQE93.swf', null, null, null);
INSERT INTO `t_s_attachment` VALUES ('402881e44695183a01469523eb7f001e', null, '1253192_135516023956_2', null, '2014-06-13 20:11:37', 'jpg', null, 'upload/files/20140613201137iG8QIvk5.jpg', 'jeecg.system.pojo.base.TSDocument', 'upload/files/20140613201137iG8QIvk5.swf', null, null, null);
INSERT INTO `t_s_attachment` VALUES ('402881e44695183a0146952422130021', null, 'ADIDAS', null, '2014-06-13 20:11:51', 'jpg', null, 'upload/files/201406132011519hkg5QtC.jpg', 'jeecg.system.pojo.base.TSDocument', 'upload/files/201406132011519hkg5QtC.swf', null, null, null);
INSERT INTO `t_s_attachment` VALUES ('402881e446955c7c014695970aeb0014', null, 'duote_07_10-55-22', null, '2014-06-13 22:17:22', 'jpg', null, 'upload/files/20140613221722NSivMHPF.jpg', 'jeecg.system.pojo.base.TSDocument', 'upload/files/20140613221722NSivMHPF.swf', null, null, null);
INSERT INTO `t_s_attachment` VALUES ('402881e446955c7c01469597394f0016', null, 'duote_07_10-55-22', null, '2014-06-13 22:17:34', 'jpg', null, 'upload/files/20140613221734ZEujKDpc.jpg', 'jeecg.system.pojo.base.TSDocument', 'upload/files/20140613221734ZEujKDpc.swf', null, null, null);
INSERT INTO `t_s_attachment` VALUES ('402881e446955c7c0146959757810018', null, 'duote_07_10-55-22', null, '2014-06-13 22:17:42', 'jpg', null, 'upload/files/20140613221742gfNHuIR8.jpg', 'jeecg.system.pojo.base.TSDocument', 'upload/files/20140613221742gfNHuIR8.swf', null, null, null);
INSERT INTO `t_s_attachment` VALUES ('402881e446955c7c014695977560001a', null, 'duote_07_10-55-22', null, '2014-06-13 22:17:49', 'jpg', null, 'upload/files/20140613221749dsYZWnuE.jpg', 'jeecg.system.pojo.base.TSDocument', 'upload/files/20140613221749dsYZWnuE.swf', null, null, null);
INSERT INTO `t_s_attachment` VALUES ('402881e446955c7c014695a1de0a001d', null, '537f1f63dd1c9', null, '2014-06-13 22:29:11', 'jpg', null, 'upload/files/20140613222911w09Nh7qi.jpg', 'jeecg.system.pojo.base.TSDocument', 'upload/files/20140613222911w09Nh7qi.swf', null, null, null);
INSERT INTO `t_s_attachment` VALUES ('402881e446955c7c014695a38b470020', null, '537f1f74d031c', null, '2014-06-13 22:31:01', 'jpg', null, 'upload/files/2014061322310112yaMHm6.jpg', 'jeecg.system.pojo.base.TSDocument', 'upload/files/2014061322310112yaMHm6.swf', null, null, null);
INSERT INTO `t_s_attachment` VALUES ('402881e446955c7c014695a3cdea0022', null, '537f1f86602b3', null, '2014-06-13 22:31:18', 'jpg', null, 'upload/files/20140613223118fWHj2S0v.jpg', 'jeecg.system.pojo.base.TSDocument', 'upload/files/20140613223118fWHj2S0v.swf', null, null, null);
INSERT INTO `t_s_attachment` VALUES ('402881e446955c7c014695a4383a0024', null, '537f1f98d6f42', null, '2014-06-13 22:31:45', 'jpg', null, 'upload/files/201406132231453VVP7RXR.jpg', 'jeecg.system.pojo.base.TSDocument', 'upload/files/201406132231453VVP7RXR.swf', null, null, null);
INSERT INTO `t_s_attachment` VALUES ('402881e446955c7c014695a4913b0026', null, '537f1faf595dd', null, '2014-06-13 22:32:08', 'jpg', null, 'upload/files/20140613223208gwvPwwpZ.jpg', 'jeecg.system.pojo.base.TSDocument', 'upload/files/20140613223208gwvPwwpZ.swf', null, null, null);
INSERT INTO `t_s_attachment` VALUES ('402881e446955c7c014695a4dda10027', null, '537f1faf595dd', null, '2014-06-13 22:32:28', 'jpg', null, 'upload/files/201406132232281L92gsCP.jpg', 'jeecg.system.pojo.base.TSDocument', 'upload/files/201406132232281L92gsCP.swf', null, null, null);
INSERT INTO `t_s_attachment` VALUES ('402881e446955c7c014695a726df0028', null, '537f1faf595dd', null, '2014-06-13 22:34:58', 'jpg', null, 'upload/files/201406132234583cgLyGHg.jpg', 'jeecg.system.pojo.base.TSDocument', 'upload/files/201406132234583cgLyGHg.swf', null, null, null);
INSERT INTO `t_s_attachment` VALUES ('402881e446955c7c014695a7705a002b', null, '537f1ca3cd562', null, '2014-06-13 22:35:16', 'jpg', null, 'upload/files/20140613223516i3wMpi1u.jpg', 'jeecg.system.pojo.base.TSDocument', 'upload/files/20140613223516i3wMpi1u.swf', null, null, null);
INSERT INTO `t_s_attachment` VALUES ('402881e446955c7c014695a7b814002e', null, '537f1cb75c597', null, '2014-06-13 22:35:35', 'jpg', null, 'upload/files/20140613223535gu4iUrA4.jpg', 'jeecg.system.pojo.base.TSDocument', 'upload/files/20140613223535gu4iUrA4.swf', null, null, null);
INSERT INTO `t_s_attachment` VALUES ('402881e446955c7c014695a7ecf10031', null, '537f1fc8d750b', null, '2014-06-13 22:35:48', 'jpg', null, 'upload/files/20140613223548eQq5swwP.jpg', 'jeecg.system.pojo.base.TSDocument', 'upload/files/20140613223548eQq5swwP.swf', null, null, null);
INSERT INTO `t_s_attachment` VALUES ('402881e446955c7c014695a831d70034', null, '537f1fdba507f', null, '2014-06-13 22:36:06', 'jpg', null, 'upload/files/20140613223606Lfh0WaQd.jpg', 'jeecg.system.pojo.base.TSDocument', 'upload/files/20140613223606Lfh0WaQd.swf', null, null, null);
INSERT INTO `t_s_attachment` VALUES ('402881e44695ebe3014695ed3bdc0001', null, '2385844_083138053_2', null, '2014-06-13 23:51:30', 'jpg', null, 'upload/files/20140613235131snYOuQDL.jpg', 'jeecg.system.pojo.base.TSDocument', 'upload/files/20140613235131snYOuQDL.swf', null, null, null);
INSERT INTO `t_s_attachment` VALUES ('402881e44695ebe3014695ed79fa0003', null, '1384480985636', null, '2014-06-13 23:51:46', 'jpg', null, 'upload/files/20140613235146eEgyESpy.jpg', 'jeecg.system.pojo.base.TSDocument', 'upload/files/20140613235146eEgyESpy.swf', null, null, null);
INSERT INTO `t_s_attachment` VALUES ('402881e44695ebe3014695ef476c0005', null, '19343396_845725', null, '2014-06-13 23:53:45', 'jpg', null, 'upload/files/20140613235345vGK3pfjC.jpg', 'jeecg.system.pojo.base.TSDocument', 'upload/files/20140613235345vGK3pfjC.swf', null, null, null);
INSERT INTO `t_s_attachment` VALUES ('402881e44695ebe3014695f2c6280007', null, '537f1f63dd1c9', null, '2014-06-13 23:57:34', 'jpg', null, 'upload/files/201406132357343zuaHgX4.jpg', 'jeecg.system.pojo.base.TSDocument', 'upload/files/201406132357343zuaHgX4.swf', null, null, null);
INSERT INTO `t_s_attachment` VALUES ('402881e44695ebe3014695f3176d0009', null, '537f1f86602b3', null, '2014-06-13 23:57:54', 'jpg', null, 'upload/files/20140613235754hLRC87rF.jpg', 'jeecg.system.pojo.base.TSDocument', 'upload/files/20140613235754hLRC87rF.swf', null, null, null);
INSERT INTO `t_s_attachment` VALUES ('402881e44695ebe3014695f339a7000b', null, '537f1f74d031c', null, '2014-06-13 23:58:03', 'jpg', null, 'upload/files/201406132358039IpFSyet.jpg', 'jeecg.system.pojo.base.TSDocument', 'upload/files/201406132358039IpFSyet.swf', null, null, null);
INSERT INTO `t_s_attachment` VALUES ('402881e44695ebe3014695f3a3b3000d', null, '537f1f98d6f42', null, '2014-06-13 23:58:30', 'jpg', null, 'upload/files/20140613235830M96wj4Lr.jpg', 'jeecg.system.pojo.base.TSDocument', 'upload/files/20140613235830M96wj4Lr.swf', null, null, null);
INSERT INTO `t_s_attachment` VALUES ('402881e44695ebe3014695f3f89f000f', null, '537f1faf595dd', null, '2014-06-13 23:58:52', 'jpg', null, 'upload/files/20140613235852gBTueAWO.jpg', 'jeecg.system.pojo.base.TSDocument', 'upload/files/20140613235852gBTueAWO.swf', null, null, null);
INSERT INTO `t_s_attachment` VALUES ('402881e44695ebe3014695f443990011', null, '537f1ca3cd562', null, '2014-06-13 23:59:11', 'jpg', null, 'upload/files/20140613235911chsAs0Md.jpg', 'jeecg.system.pojo.base.TSDocument', 'upload/files/20140613235911chsAs0Md.swf', null, null, null);
INSERT INTO `t_s_attachment` VALUES ('402881e44695ebe3014695f45e1a0013', null, '537f1cb75c597', null, '2014-06-13 23:59:18', 'jpg', null, 'upload/files/20140613235918OA8vt546.jpg', 'jeecg.system.pojo.base.TSDocument', 'upload/files/20140613235918OA8vt546.swf', null, null, null);
INSERT INTO `t_s_attachment` VALUES ('402881e44695ebe3014695f494290015', null, '537f1fc8d750b', null, '2014-06-13 23:59:32', 'jpg', null, 'upload/files/20140613235932htqZFtCs.jpg', 'jeecg.system.pojo.base.TSDocument', 'upload/files/20140613235932htqZFtCs.swf', null, null, null);
INSERT INTO `t_s_attachment` VALUES ('402881e44695ebe3014695f4d5570017', null, '537f1fdba507f', null, '2014-06-13 23:59:49', 'jpg', null, 'upload/files/20140613235949UuUHp1Bs.jpg', 'jeecg.system.pojo.base.TSDocument', 'upload/files/20140613235949UuUHp1Bs.swf', null, null, null);
INSERT INTO `t_s_attachment` VALUES ('402881e845d1723e0145d18fef940019', null, 'svn', null, '2014-05-06 20:44:02', 'txt', null, 'upload/files/20140506204402BgVrby8Q.txt', 'jeecg.system.pojo.base.TSDocument', 'upload/files/20140506204402BgVrby8Q.swf', null, null, null);
INSERT INTO `t_s_attachment` VALUES ('402881e946ddea480146ddf061b50001', null, '634490825089531250', null, '2014-06-27 23:27:36', 'jpg', null, 'upload/files/20140627232736z3SvfVEj.jpg', 'org.jeecgframework.web.system.pojo.base.TSDocument', 'upload/files/20140627232736z3SvfVEj.swf', null, null, null);
INSERT INTO `t_s_attachment` VALUES ('402881e946ddea480146ddf730350003', null, '19300001024098134717639977056', null, '2014-06-27 23:35:02', 'jpg', null, 'upload/files/20140627233502FEzyc38j.jpg', 'org.jeecgframework.web.system.pojo.base.TSDocument', 'upload/files/20140627233502FEzyc38j.swf', null, null, null);
INSERT INTO `t_s_attachment` VALUES ('402881e946ddea480146ddf991610005', null, '20120823024251636', null, '2014-06-27 23:37:38', 'jpg', null, 'upload/files/20140627233738xqDsNzfy.jpg', 'org.jeecgframework.web.system.pojo.base.TSDocument', 'upload/files/20140627233738xqDsNzfy.swf', null, null, null);
INSERT INTO `t_s_attachment` VALUES ('402881e946ddea480146de02f8ba0008', null, 'Img305735292', null, '2014-06-27 23:47:55', 'jpg', null, 'upload/files/20140627234755MS58ckJV.jpg', 'org.jeecgframework.web.system.pojo.base.TSDocument', 'upload/files/20140627234755MS58ckJV.swf', null, null, null);
INSERT INTO `t_s_attachment` VALUES ('402881e946ddea480146de0522e3000a', null, '30_1i$1JxIOB', null, '2014-06-27 23:50:17', 'jpg', null, 'upload/files/20140627235017KDQfXcBu.jpg', 'org.jeecgframework.web.system.pojo.base.TSDocument', 'upload/files/20140627235017KDQfXcBu.swf', null, null, null);
INSERT INTO `t_s_attachment` VALUES ('402881e946ddea480146de09f959000e', null, 'Img305735292', null, '2014-06-27 23:55:34', 'jpg', null, 'upload/files/20140627235534VJM1pkx3.jpg', 'org.jeecgframework.web.system.pojo.base.TSDocument', 'upload/files/20140627235534VJM1pkx3.swf', null, null, null);
INSERT INTO `t_s_attachment` VALUES ('402881e946ddea480146de0f340b0010', null, '30_1i$1JxIOB', null, '2014-06-28 00:01:16', 'jpg', null, 'upload/files/20140628000116OF07rm7E.jpg', 'org.jeecgframework.web.system.pojo.base.TSDocument', 'upload/files/20140628000116OF07rm7E.swf', null, null, null);
INSERT INTO `t_s_attachment` VALUES ('402889f146e0e6620146e0e882c60001', null, 'logo_weixin2', null, '2014-06-28 13:17:52', 'png', null, 'upload/files/20140628131752uHYw9KLU.png', 'org.jeecgframework.web.system.pojo.base.TSDocument', 'upload/files/20140628131752uHYw9KLU.swf', null, null, null);
INSERT INTO `t_s_attachment` VALUES ('402889f346dc66c30146dc7c11630001', null, '1348502732_4991', null, '2014-06-27 16:40:56', 'gif', null, 'upload/files/20140627164056wwWqB80c.gif', 'org.jeecgframework.web.system.pojo.base.TSDocument', 'upload/files/20140627164056wwWqB80c.swf', null, null, null);
INSERT INTO `t_s_attachment` VALUES ('402889f346dc66c30146dc7ccb410005', null, '13840528444553', null, '2014-06-27 16:41:44', 'png', null, 'upload/files/20140627164144bzcSvQNs.png', 'org.jeecgframework.web.system.pojo.base.TSDocument', 'upload/files/20140627164144bzcSvQNs.swf', null, null, null);
INSERT INTO `t_s_attachment` VALUES ('402889f346dc66c30146dc7cf66b0008', null, '1348502748_9205', null, '2014-06-27 16:41:55', 'gif', null, 'upload/files/20140627164155hUT3hMVJ.gif', 'org.jeecgframework.web.system.pojo.base.TSDocument', 'upload/files/20140627164155hUT3hMVJ.swf', null, null, null);
INSERT INTO `t_s_attachment` VALUES ('402889f346dc8a220146dc933f720007', null, 'fdfb6e9cb6103298f5497760962ebbf7', null, '2014-06-27 17:06:15', 'png', null, 'upload/files/20140627170616I8PtmI3X.png', 'org.jeecgframework.web.system.pojo.base.TSDocument', 'upload/files/20140627170616I8PtmI3X.swf', null, null, null);
INSERT INTO `t_s_attachment` VALUES ('402889f446efabff0146efacdbe00001', 0x47494638396185035D0277003121FE1A536F6674776172653A204D6963726F736F6674204F66666963650021F90401000000002C0200020082035A02840000000000000B090A0706060303030807070A08090706070504040605050B0A0A0C0A0B0907080908084D4D4D6868687C7C7C8C8C8C9A9A9ABDBDBDA7A7A7B2B2B2B3B3B3D9D9D9D0D0D0C7C7C7E9E9E9F0F0F0E1E1E1FFFFFF01020301020305FF20208E64699E68AAAE6CEBBE702CCF746DDFB81AEC7CEFFFC0A070482C1A8FC8A472C96C3A87B9A8744AAD5AAFD8AC76CBED7ABFE0B07815E898CFE8B47ACD6EBBDFF0B87C4EAFDBEFF83C3B30EEFBFF80818283848586878827657A8C8D8E8F90919293687C899798999A9B9C9D9E9F608B94A3A4A5A6A7A796A0ABACADAEAFB0B1B230A2A8B6B7B8B9B9AAB3BDBEBFC0C1C2C332B5BAC7C8C9CA73BCC4CECFD0D1D2D363C6CBD7D8D9B8CDD4DDDEDFE0E1D4D6DAE5E6E78CDCE2EBECEDEEEF86E4E8F3F4F56AEAF0F9FAFBFCFD31F2F6DA5C88B0C381040DF7023848F3E3C1843D40CCEC38A321C08333030B52D890E682041E122E047C84CF9FC9932853FF7E0338320D861F0E109E79B943E499200F13FE90282A43000A662AC094D941E88F0A2DD3A95CCAB4A9D35E2C939A7910A002C70D0425A0F9482180D69BB5845E4C08F1CC470C1D38ECC8C90142000866D406C8D961C20E0E52F104B0C07707DFBF4F030B1E4C384C54A93B886E987873A1835A8CC1AE89CC50D4638E5DBF9AD110016F87AE74CDF8049AD7CE5EBF1650972CCCBAB5EBD7280E27FDF8D3A6CB9F9F03A0E58946EC64798C2B8EA56A5B0D558E0CC796A6737A6F6AE7AB614B9F4E7DA9ECA46E3522374350A45ACD417657F621B9C368DE6D28975FCECCF9DFE716AACB9F4FDFDFF5A41868D734B378E154513F44505C253BA177167A6591C55EFF7BEFF5B5577D104628A137F7E595D1583EFD9001826FA857DE65663C36201A2026B72033F0A518DD842CB6E8E22715DA53227AD9F90057071E2648967066E17606079D99F15168E67975A21CCD39D8D78B4C36E9A42631D6D31504C8F9D65F1A20E6F85B59E7C5B5565C5445E065001B9A6157009E1DD9E15FA801F6E49B70C6598D9A676CF0980F22757986501B6AA92059079ED1950F31ED09045274AEA9E47B7236EAE8A3544459CF0614DC29A0196E0D58115C7E5656D68C66604090421B75A45F4889C291A48A90B6EAEAAB2D489AEAAC0BAEAA1AACB8E60AABACB4F68A987B6C3EA8EBB0C4C2C9ABAFC8DAD366B0F115EBECB32C1E9BECB4E7D80A1DFFB4D8662B9FB4D4768B8DB54B6A2BEEB88571EBEDB9C8B8B76CB3E4B6EBAE4AE6A22BEF2DEA02CBEEBBF8E69B4FBCF3F65B0AB8A9E92BF0C0EBF0EBEFC19200BC22C10C370C15C21097B32E7C0E576C31300647ACB15EF6527CF1C720B7F2C4C824976CF2C928A7AC32102A5E1BF2CB30BF02DDCC8BAA4673CB35DF6C73CE3CE3ECF3CE3FEB2C74CF40173D74D0441F6D74D24C231D70CC5047CD498AEF4D6C75C757374835B30D66DD35D6606BED75D5617F2D76D9649FADB6D96CA7DD36D76EC7CD97D474D77DC8D68BCA9D37DC7CEFED37DE808FDD77E0680F2EF8DF8713BEB6DE8ABFEDB7DD9047EE87D29437BDB4D397675E39E69B6B6E79E7A07F2E3AFFE692976E3A17A1733EBAE7AAB7CEFAEBA9C3BE7AECB4137DFAEDB84FE178E38C27EE7BE18803CFBBE1C2FFBE38F1C7079FBCE2B937EFFC0CBB1B1F7DF1D42F2F7DEFD54F6F7DF6D86FEFFDF3E087AFC3ECE4BB5EBBF9E5CB8EFEFAEAB7DFB9F8F0C70FC0F9EEA74FFFFDF6E7CF3EFEFB872BFFFFCD1B9EF2B447C0EE151079071CA001178840062AB0817303A0042748C10A5AF08218CCA00637C8C10E7AF083200CA1084748C2129AF084284CA10A57C8C216A684078110C0005EE0030214400A3B50C4C25CC8C31EAEC0003C30002072E80220DC3007442C41127DC8C426B2E000012840000E60020310208A24B02216472000040400010218411289B883FF2E0620010A985F0F00A08004EC60006954A22A044044050C600768048017170080057C510476C4631C77A0450688511506F022189DC8482706800000B86209E8C883068880923BB02400305946118CD1123F48801A61E8451E88528E5C24A21B79800000485188403CE22A77D0CA5156D29396E06400C2D8C85EB63096AE0C801047E0460128E08F0028E6316BE9464B36E08CB83C242E6F48C968E2928FB1F9812149704C3E00918A501CE608BA894B67225395BBDCE4147DC94E1542318C743CA53549B0C479925115F794A61A47C0003C6A528EACFCE72619B0CA3E3E3292BC100041F369CD7BF60092ED8C68098180CD7DA2F2A216FDA43D41C98B060CFFC08B33C46809FAC90072265398D01401494DAAD18CFE40A2300D21107F204E651EF4A4C6BC693301F0CC5376528A1CD5673DE7A94F13EC4001D504403FBDB84D3522F59E9604A24F2D51CC985A3584EF4C652DD5C9832372D2AB3EE0E52C6168518B5E719D630D293DF151CA47E69207BCD4230F2469CB4C5A53976ABDAA5E2D58CFA38E408B471401604960C64502D28D0898E946057BC5192E008A0180A351F1A100901EF3886405A465B148C82B363589897C6460F74ADAD286C18D5434AD6A57FB09378A93B5B08D6D3C6C28DBDADAF6B6B8CDAD6E77CBDBDEFAF6B7C00DAE70874BDCE21AF7B8C84DAE7297CBDCE63AF7B9D08DAE74A74BDDEA5AF7BAFFD8CDAE76B7CBDDEE7AF7BBE085EDCAC64BDEF29AF7BCE84DAF7AD7CBDEF6BAF7BDF08DAF7CE74BDFFADA37BDE1CDEF4477A8DFFE4E70A8FE0DF005012CE0024B90C0064E30FC10ACE0063B8FC10E8EF0E9202CE10A438EC216CE70D430ACE10E878CC31E0E71C5402CE2120F8CC4264EF1BB50ACE2168B8BC52E8EF1B3602CE31AEB8AC636CEB1AB70ACE31E378AC73E0EF293802CE422BB88C8464E728490ACE4266F8BBF4E8EB284982CE52AB386CA56CE7260B0ACE52E5B07CA5E0E3361B82CE632EF83CC664EB33BD0ACE6368783CD6E8EF338C02CE73ABF03CE76CEB330F0ACE73E4385CE7E0EB434F81CE12B56948E7975C131E5C9023F4676047704FFF10218105716749396AF35C1A42B2DE858013AC6778C6BA865004C175032A49864F40ABC18C71600719BAF4C01AB3B4D8B4FBBF8999A44F425BD98C750DF51935644C01D61D95811DCB1000808EC52437A47A63E969661540064F3B84633F63A8AC91E41563DD9CA677F318C3DF0B66169AD432BEB1A00A3A66303747D4503389A8D919DE953D7BDCE2B16A0D5E80E400344494761EF528A0A382624BDB8490250319EEAA4F70CED8D6F824B13E00257A728217E53724F36CB393C775577F0EE7DBEB39A6E4C23C72B2E4602D031DF5A54222477C0808A0273E301F0234447E04746F71592A52EB9C5CB6DE5908FBAAEBBC4221DA998F147DF73E8938C2C1DFFE3B94CA50E6000F606801685A9527D031DE984B5FA25D7C980A747BD9F96EC3AD4B7B8F3B566598A5254EB129F19465CEFF39986CCE1A29F9969202A7C97B16CA602A418D7675A62D46BA73A09FA29EA5DEA9DEFF916C0E1D35976B35B79A68C0FA600103DEA517B51F1547F27E17FAEED74BE31988A558024F9DE7435F291EF948FBCB15581F67D8A9EA3EF7E7DE3451AE56E261AA837A4ABA1A51ED9DDE73BB10835C11ED518C63D5A9100335D4020231B47A08A00F7C107281E8779FCE407539804403EC7675F54EE7B7FCFB6FEBEF83341E8F19B3F14E13FBFFA0751FEF5BBFF0AED7FBFFC7198FEF9DBBF0BF1BFBFFE8B51FFFDFB3F52FDF77F028803FFF9378006487B0798805B50800A68800CD88002F88010E87F123881FA578116687F189881F2B7811CE87E1EF881EA178222687E245882E2778228E87D2AB882B3D7822E587630188316378334486B3678838296833AE8673CD8837AF68340686742388472568446E8664898846AB6844C68664EF88462168552E8655458855A768511755F5CD8855EA80405A685ED1480764386CD55815F98866AB8866638056D28356F487F6C388774185F7D80860386087108357B884479580D7DC80281F8328358038508328748038978318B7871D5F087F1008991C85777D8884A24898460890EA3893484895F80879478089CC830A3182B9EE805A05841A54806A72808FFAB2830A5988A14F48A29408BF9628BB1D18AA8138BBAF807B8B86289F08BEE128BBC188A93A88AC1D88B5A208BFFA587CA3839CF8805CC7860CE688CC7388B957887D12806C2D82EDD484FDB6805D30840DFE849B1807953846F00B8562C870232040EE5688ED6887EDA388FEC070B48D76FD2C80B39F46A3C4721C9688FA8588C22C34AEA584474C6623DD05493946832538DAE5055250054A9C5728F344C14894B09204A957591659551ADD491DA0743229969C3108FF3B3090D504A07709062B0923BD09282181D0BE98E0E497ED9F888AE50745B556BF8E74D01C090DD070BF188923E399101107046B74B11477133D4497A24722BC78F418500526951FF56393F33E70C2869947FB54EFAF807DFA44E3D994D6400944249549B408CF55890D1944F78244A0BD06C2217941E59929BB44A92954316897C6C746C4B444621E9452329778469929D509444C9517CF05270E9036535690515984125997C690996E99591129098209124007D6AE44604D00050E49716999578D997061072F0264F9E3902A0D991FD640919E9787F54926B849797C0963AE996FAF898BC04454D57461197950765688BB64FC479501F4799D1649C532902D0293210D90A3F779917859D8E2757D5E49CF3D34A97A79DE1A9996EC899BBC90DAF044C65E468022073C4A76BD3B99CDA6748FD244E43959E58146AD5E494B6C907F16909D3B99BFF39C98D3263902E5556DE9943997952F1F69641C5500DC5070B4A440BCA0A8AF90AF99843E1744C4F19541BBA9487444ECE69774EA59D47258633D09550C20D8F19A1073AA1414500E0B99543D5A2CA09994225A10BD59898B9A398C09B04BA93CD60A31F994FE379490CA04837EAA0442598DC299E41479EB5589DAD808E0380919F77A0D71752A01545DA894B8FB44DB1D48FED36A6521A052A9A09AF79A00C65A2FE19A5074A77648753D9C9A34CCA737F74A44474A4020A886D69A1CD70454F65A722209C7FF498E4C49A07E5A600F04E8A254D247AA2842AA9D4298AE168189A3096FA889F37D4A63C6A004847A9F9E46831974560F9479CDAA8BB544DFF1F9A57FD6875A2CA5126659EF4D89B805A0285F4A581649C4165A67D346D7579A0B24999612A585EEA4D657AAC957A8DCD48A589B09A6FD47C3B80594175A3FD2459BECA506957457A29AD5B34ACB499A58754ACBCE77C5A6400BEDAA7DC489085E1977E5496E3E0ACE448ABE037039C671D038AA9AD614667E4928326AFFF93A65C096698F61440AAAFC868A902E98A97BA8EB6DAACCC4A8D002B3F071B0A0D8B8A178BB10BBB8B7F0AB18570A6C422B0D8E8A70F2BB1113BAF131B3F15FB89198B3A2DEBB21BBB80ECEAB199F8B20B68B337308E019BB20B46AF28BBAE1D6BB21F8BB35900B2C3B2B21A9BB027BBB33C2B3E488B7F440B7F512BB531BB8CFF332BB4355BB5D0A8B5FB18B43F3BB45C5BB25F5BAB41AAB4606BB6673BB2402BB64CBBB414EBB36D6B18573BB6F718B665ABB672EBB5719BB568CBB7784BB608FBB775DBB7832BB803A9B76FABB084CBB0765B053A9BB86EABB2700BB979CBB694EBB7348BB958FB8973BBB7859BB99FBBB9876BB992ABB886CBB88BCBB1A4DBB3A60BBAA87BBAAA7BB7AE3B44532B8EB5CB7F885BBA91CBBAAD2BBA3F99BBBC9BB6B34BBB8DEBB0B2EBBBC49BBAC90BBB320BBC4EDBB4E123B2C36BB5CE1BBDD00B3ED28BBCCDBBBACFDBBB741BBADFFBBBDC6BBDDEEBB9E06BBEE27BBCE1BBBCD3BBB5CA4BBDE38BBDD7FB3CD9BBBEDBABBEE8CBBEDAEB8BB7FB0F9D7BB9FFE70BC001ACBB958BBF021C08467B63934BC0806BB18A5887105C87FF30BF0FB6C0C1DBC02CAB881B7330044BC1CD53BFF97BBF81FB0F1BEC2F1D5CBE078CC0FD7B94062C8825DC2F27BCBBDD8BC20CCCB9D51B1B2F3C2F312CBCFE1BC13E9C8613ECC1ECF8C344CC8541BCB62D4C0637311E8B600C0092C32DB1C39A4B0B507C2E523CC54554C5567CC4053CC2542C110CE129E8D1295AFC2D5C8CC5595CC6D372C503ACC46ABCC6676CC3F1AB084B5C09628C236590C76F3C0F6CACC286B8C7C8D2C77ECC7F801CC8713CBA49AC03750C168CA1C77A0CC6852C315076A11A1CC9B322C8FA3B93F363C9B482C9F09BC8B5B8C890BCC48E2CCA9CAC0C842A88FF424C4FA3CC1394610D1973CA79E0C9EEEB696264CA3DE0CA4E2CCB664C0BF9EAC0298ACB618C23A31CCBBC5C07F8B422941CCCC46CC7610C19C67CCCCC71C8AFAB03432ACCCEDCCC782CCDA84CCDB1EBC534C4C84D3CCCE3DCCADCBC0D08088E34ECC2DA6CCEC4FCC4D17CCEAAE2CD999CCE4F9CCDC50CC6F12CCF6E40CB5D3BC746C5CFCBA10E04B6CCC560CEB9ACCD9021D0BB40CFFC5B8B2571CFE2ACCBC3CCD0B6E0CFF0F7BFEC6CD1510CD146B5CAB7DCCE224D1EA6CCD1A480D1F80B61128DD0A2BCCF267D130E5DB41AEDC62FAD2C67A9CE32ACC8235DD10B5DD3FF12D3418B612BBDD3ADECD2358DD28E3BD33AEDD3F4B0306404D29E44D1EDBCCBFFEECCD49080D4C0FC91349DD04ECC03156DD50903D4197DC374ACCF5FDD2127AD0BE6721F467D0F346483E1D7D6606D1A621DA42826D7738DCC759DD4641DD00A5DD2FD9CD6BBE008787D07045B8E719DD7E680D59C0B6885ADD871C0D8F4D7D74A94CF90ECD5098DC78DBCD95D9DC74DECD59A0DDA98FDCA9CEDCAA6ADD9522DD5F05CDA5C2DDA13F1D99191D92431C154565F90AD0D45AC32B78DDB7B6DBCE09CC6F75CCEDB6CD6C4FDCE9371D977DCCC0002CB8B1CDBF0DCDCD9FCC8C65DCC43FDCAF93CD48D405F686A038FBDDB7BD0DB8DCDCCDEBD0C928DA64A1DCA53ADDC243DDDEC2DDDCE5CCEB98CD9BAEC21CB2DDBCF6DD9D74DCA2D5DC7F1FDDAFFF95DD57AD0C12D98D8EC0DE0C73D0A6C8DE07A61E0F7C0E0840DDE1A7BD7FA8DCF68ADE0483212E420DCA650DE4874DE383CD52B7DDFED2DD2C83DE2E5D1D3D11DDD221EE2136EE2C3EDE2C3BDE261CDC2681C2B7FEDE0671D09D711CFB222291A3E091C7EB343A9D3125D213C7EE118BE0738FEE0BE4CB2A0FCE1546DDAC1EDDA3F5EE2B0EDD99E2DE50DCEC8A72DDA0442DACEEDDF5C3EE5AF2DE6649E31FC95593C4CC5452EE5A01DDA5DAE1EA3ADDA243DDA28DEDA585EDFA81DDF3A11E77CEEE73DBDCF41BE8C8EE8C66DBEE76F8EE7A73DE6573EDFB08DDACD5DDA6E4EE765DEC82D2DE9700EE9CA8D0A83CEDD1E5ED6DD8D18C980DD4AA1C929B9CEFF4A1CDCD4DDE2D2EDDEFC8DD081BE1EAF5EDCB1ADD0191EE5B67EE2FF7DE3820EE150FB8F503EEBCBCDEA7F9DE1252EEBC24DDFAB6EE5B47EC7E37CE732AEEA244E099D6E889FEED7D3BEC1A1CEE533EED16204D59BBCD0575EEBD17EE0F06DE7EA2DDBC79EE7E4BEDEA10DCB95FEE69B5EECD09DEDB3DDE4348C601AFEC80532E222FEDE978DEEE3CEDCE9CDEC26BEDECF8ECFD1CED54B9EDDBEDEE194CDCAE34DDEDE8ED36B1ECED0BCDFCDFEEFC27EE3634CE1F35EE0FF5EE40061DD1F4FEF96DDEBF82EC300B6EF2CBEF12D0EF0306EE9259DECD29EF0B4AEEAD04EEC04DFD6D5FEC0111FD2133FEAC06EF135EEC2B82EDF012FE9C63EEFFD9DE57BBEE5FF99AEF4E90EE2F2EEE793AEE71E5FE53AFEF0426EEA219DF4629EEE8F3EEDF04DD1731EF53C8DE9679FD9085FF36C4FE5B3BEE15E9FB3D75ED93AAE2A0D7FE020BFF7309CCEDF8EEA8ABCED0983DFA26EEF4CDE89143C467EDFD4016E1A858FF8575DF79E1EF4513DD8E920F59AFFC2C9ACCA828FDE849FF79A7EF82EFDF3B6EBBF9BDCF87C3CCBCC81E6AAAF17946FED969FFA904EE5793EF568BF135AAFEE701E116EAFC5A9CC8A9F9F4DB95DFCF215FB54CB7FC6BFFCF085FC297AF7122FE3B01EF3F0BEEE1E7FFD2F3EF7394C62064DC2439F2ECEEFB87FFCFDE0BFF2189CB4078DF2BCFEFB21CEF0EA7FE7F33DD1928F30A6BF99E34FFE0D6DFE47BFD4FFF88FCEFA8FC820008823599A276A06292B065DF7C2AF1CC3761DE4363FDFBAAF47FBDD8442D9AE575C329BCE27342A9D52672DD535ABDDBAB8AA2A382C1E93CBE67378C5557BDB6E00BB5D43D3EBF63BDE1ECFEEDF6F9D5F60D7DF0F90928E21A221CE0C62A3E211125111648C2292A352DE2667535FCBA7A0E820E19C6694E95312D410E5A36450656A27ED5D68CAEDA8602E68D024D5ACE7AFAA2666E2A46CAD721E2F96AE5CF3B3B35BB0ABEFB21EB6B69E57B4F496370A4D4EB5F0D431EB358F297A52F936BC6AF7B774F8976521D87BFEE9122CB23F58EEE211AC620F0E3D7007EBF9B9E4F021C488122752AC68F122C68C1A374E9C9750D44212FFC8FF155A94095F234A23D90D5B1730D6AF7D05091E0CF9719A9C98FC2C99ECB91325496BC5D4B5D339F3A8278F3759005ACAB421D2A85267D674DA30D048982EB70AF4C768AB2F963C89B4AAA46E6AC1AA56FF400DABB52B57A25FFF19B1767288B13932D1D652BB5685CD5181F7F22D6C589FD2BFE0B0922D09F7B15CA0D756694506F7EC616C7E152F26D4F8D5DBD043251F6A4977DDE57E99956DE60C2730C8B6AB67D33E97D83528C63E28C7ED2DB6A8518076B362AECDA935EEA79E779B169D1A75E5BAC22DBB2D6E9CD96DCE4D930F8E0CECBBF5CF96D1A1267F9D75F6E42760EB0D78F92EEF558BC2423A3DB0FA795AC8D5AF974D14F858297917544CF5FF0D881F61F991B1DF5FDBE1D61D4A119E03CC694CD8F75F65152A880783FC8DC0DE61091AB4A17EE97928927F7C89081E899B74689583AE41285D4F35EE341F79F349171D69F2B5E8A289272294225A2BA2F2E371410A39A36146A68324766BF017A376B2DD07996F5E95355973013292975050D2F1A287208A79663C649649249A6D9628A57A542AC6642B3C6189257560EDA827747A3AE9E60F4AAEC926A085D6A1E694841ABAA819887E246783FED5F99B739101B8E785A4EDC9A86D700A89534E9C8ADAA8A08352A3D29F679C44CC9166DD579E5EE6FDE8684290AEC5643100C2D7E5115EBDB2A550C4A9366A529E7E8AA2A2C42AEB04AD0F5AD9D232BCFF5978645D571AF5EAACA5DE642B8CC91E952AABCBA2A22D77BA897BAE3CC61EFBE1B31692738997B23842D92C38FA14EC7492B4C76378C635FB0DB74EE1AA2287E88EABEEBA661ABC70A00827DCAE5DA165DA9558116759602603C56AEFBED93ADC206CBB78CB30B1FFCE692EC9069B7CF272A9DC0956C630552C9C40ABFA58EDA49849ABE0CABA04BCD4C0298BDB73B7230BBD28D1459F5ADDCB2FBB54B1D3F55E9B2FD3C1B598F42E216365F4D18662BD2DCA5D2BFB35D8CB791921C535BEE789BDA89614ACCD26B9221F8E5092FD87D657B5BCEA84CCF2DD6A32F4A98DAA86E7DE4D8FC2628F4D6EB9662F2806B8D4F625E6E1D024DA32B44F4E9BB9392EFFE307B3807CA25B39435C2B8E26E9A52FDD681AAC4D4E39E388E7CD16E6CE61025A98B79F2D6D9DA555CB2CC9A9FB1CF6E99C0A3FBCE3C51B1F3BC0B35363E55D95665A29C6C7740CEB789C2FFEF192C42BEF35F35526FF3DF8DCC3E8BC1C10D3CCE568D47F9E12BD19E2CBF0F1B1994EFED5E1B3BC3AFE48EBEF33FAFE07076835CD3B177BDFEFA88636ED954C8002F35EFF50E7C0078E2F8212349FC0028841A610306602AA90ABDE563DBA800941360BDE04CB56410BDA2D852A0C150B0155BF2BFCEC85DD488B015F473F17D60A8231F45867D6852CFEFDF04C330485068308C33449CD75293BA2DE5658C40D41318A4B9C620B37B8AD246A2168582451FF159F77BF2F66268C62242219C1C8436A70910F634C6393D608301FC2B136664C9F14EB489B3B96A0868F7AA31EA7C247255E3190FE92E31CF368C81021720D6DA4212017F9AD46224F91922C12252B59C84BAE66901F7A646E2CC949A978D28D911CE5364A694A34A2328E5A7C142895C3CA56AA2893F613252D6962CB5B6E329782DC25122F374B5F464595A1C42531B561CC63F63299937C65AD62898B533A3349D094111DAB098F65CAB299DA4C133099224D7150F39BB60827ED90694E6B1252885E5C672AD1298E71F6479DF08C523B8F9538437204229DE0E634EDC9C27E3EE49FF25C0F3D41B5867B3E339F9FDAE70F25528F88A8EAA0781CA60525FFFA0C8954F49ACD13A63719DA178B7AB48F3174C8921C829892EE2FA48A7B484AE16510928A24A17D2CA748CB00D07A0A74599710222ECCC22C9A3A940FF8FB2950E7F9377F10D505361DA24B730A2496DE2A9B2A434452BBA1A38615B57B3D151556B3EAC860A8D28F3DFCAA5475DA5448E2B44D61152BDE70B456B662D4706F852B34E44A55C13C955D684DEB1876AAD08506EFAE78CD1A0DE6CACC1B3ED1AC87A52110CADA575244158B0455293BBB2856F66C15AC867DEC46053BD82E76D6B38E05AD42D67A5AD555F67B1A05A03F49B5570A2236729D0CEB64513BDA878264A96EC5AD6E791BA7DCBEB378303D5141673A5BA035AFB43CFB6C6E83EBD7FFACA24FA84852C46EA51BA9E18294B1CA432968313BD4E5DA70A2D62D2352C9A9DDEEBA1396E7452F7603BADEC67187B86D75537CE75BD3AD8A16AA1994E9B7D2BB4AFD8A8FBA20033055C0AB59026393BB71BAAFDD3ECBE03E664CB1F2AD6F6CC7F4DA334EB8AA9B9D12470F1511917578BBF565AF421696DF12F3E1B4D1EDA63B2F2B614DB2B8BC0FA3AE8C57DBD51AD3583BF6C58A73650888174B97C8EAE5B18791FCC70F2B59694D4EE4891FCCD7205FEDAE46D6ED95B3FB64C16C197170CD7291BB0CE507FDD8BC948314981F9BE6E98A79CC6D26B181DFEC6639A793CC28862D958BB4629ED2D98AEDED738F014D5E1B0BFAA285566D99FFFBDE6D2AFF78C087DEF19D1FBD6049433AD2945EECA561EC634B2B3AB91A86089C338D697D8ADAC2C15D339B4B4D57551FD9CE524E6A8E753C6956F3F9CFB41EF5AD8714E75C5F98D7949551A27D7D5361A7FAC6C41EF6B151FDEB63EB9AD8C40D36B395CD6458331BD9CEFE72B5FDEBEB67733AD7D2DE3550BF8D5771871BDBD95E36AFB9FDEA6C93DBD6E53E77B3852DED76835BDE20EEF6ADE94DEA7A47BBDAF38677BCB77DEF75FBBBE0FC4EB6C10F7EED7E3B98BEEC4EF8BBCFAD6FE12ADCDE0C8FB2C3216E716AC37BE25EADB8C02FEEEA8C8B7CE3117F78C9DDADF19063DC591D5FF9BE250EF398A31CE10D77B9CC534EF399E7DBDC39B779CB1BFCF385737CE8FF263F39CF69AD6E92039DE848D7B9B77D5E73A7031BDF4A4FBAA9A67E749543BDE73717BAD659FEF4A66FDDD8614FF7C0994E75B1739DEC6C6FFBDAD1FEF5029F3DEA2097BBDBCD8E75552F1DE775F77AD1FF7EF5690B9ED57D07FBDE4BAD6C8FEBFDED8DCFBBDD834EF7C48B7AF100677CD6C71EF7C88FDCEF94CFB4E55FDEF58F179EEF69F7FCE80D4FF8CF5FFADFA287FCADA00DFBC1079EF59476BDD11D0F32ABAB3EF5BC37BDEF7FAF78DB4F54F89527BE894B3FFCD507FFF8736F29F20F1DFADCE3BDF6CD07FDE9117FFDD6337FF6BDBF3BE7CBBE7B826FFFF6DDDF3CE0ADEF7DE04B1EFAE597F4F495EF7CF0A75FFCB1373EF6DF9FFCE8171AF7F2CFFF7FFBED9FFE49DFF9D91FEDA91FFA1D60D591DFFA2D1F021AE0F73DA0EED5DFA63160024620DC4120FB4960F569E016E11FF70DA0938960FF491DFF09DAE14D1E09025AFCAD200B9AA00BD2590ABA5F03CE9FE64D20053EDE056EE002AA9D07DA600676E00FFA200E62600512A1102621C59D200AC2600D0260E769DF13862007E6A0122E2113F6D90C0AE0149A1FFD196111665E0CCAD91626D9FF51E10D5EA11562E118BE59198E601BB6590B76A1177E211886DF11A21E1D3EDA1CEE200F06A11ADEE1FD59E010A22120AE212222D7E5656143C89E1F02A10E86E11F46A22442E29C386221D6611AE261252221277EE2207A62224E221B3EA225EE5C1C8AFFD91BD2D6196AE2212A6026AAE01E12E0F371A1291A222582E22882A02B76A2ECF022FC31E259B5622FE6A22E0AE2F900231F0AA397515F208AE12C96602D9A61B4619E32129A2FE2A231EEE22986A21ECA9BAC35A11D3A6034C26139BEE0349AA3C085233A56212C66A32CDE62318E9F289ADE0A58E337925E2AAAA213CA6330A6232B2EDC3D9E23363E232996A23F2E23403297C1A9013EC6A33E12A416F6632C2A64005223CB39644262E446D2E23892634502D035CAE0743DA42D46A4B399A414A2A2449261F6416404B2814AAA234A82233336A3337263348DA41B42D54C32A43BAADE4F72244B76A4385E244DF2601C0CE59205A5E20D644B0E23315AFF6414C22424EE0153E2E4262A9D461A6540261B3B4EE44216E4555A1B324223DA75654812E5B68525498E655372621F64256BBDE2F0C9A4570265BF41E55AF6164F6ED927CCE531FEA51C92025D4AE5560A65C0E9E42F1222146ADB626A23427ADD52F6E557869C5A1A242C11A69285426032A6553A6065C2230DCA5D660EE6073AE63C46E661F2925D52215692E649D21E5ECA265F71268FDD8267BEE3646E606C6A663DA2616D02676306673BD61A64FEA3535265C0B566A015E5018E266A6EA66A32A75926A7754227480AE6741A27734A2768165F750655AC95A7799E277AA6A746981A721AE16786676962E06FC2A7488EA73800563C0D1A62C2E27BF2FF666F9625764AA637AEA451E1A766B0A79615E36EFA674DFE2177326806F1627C781059E49981F657B14DE2829E255A82E4B239A76BE62181D210AF844EF418282B20E8757A28BAB5A8722EE751AE28886E0D5CEE27389428DA5C0F8A5A888A06E83CEA268476E86366E88CFA998886262E9846CCE00503ED2886BAE86AE642911A5A627AE4684D29951E697C92680E3169E1EC2857CDDA6B1EE78A66E88B56A934B667649EA996CE662F74A9CC80E9C1549A77EE977ADE299EE6A99EAEA77EDAE890622796F6A9E5D8E77A3886A5FC8A6D55D393AE2997CA696639DA988A65AB956976D2633E36AAA3E293986EE37D66EA54D1699D7ED29E8E2AA9966A9E22FF9A847AEAA76EAA76BE293B64CC890E0B982E2AA3BEA9AA9E93A06A55AADE2AAE82EA88BAAAAF4C8DACCE6A8FFA2807F12A37E4AA23ED2AB28E49B14229B086C9EF24EA37D16A7135EB4AF9EA4711EA3D606B4769EB9646ABA1DA493E50ABA23E2BB41E6BAE24027C58287E4A16B3F6CEB04AABE68407612C1AE4F88DBB3629BD6A2AA4B6EAB1CE4C0299AB3359ABFAB4CF38786B0CA02AB79A148DE88341108839F4CDBC526CB02608C17E2BABFE67C0066BD5F40B8A1A6CEDF0CA38EC2B60C16BC38A04823C02B9E20EACBEAA63B0ABBC94ECC5B26C80BCACCBD6EC0EE0ECCC1A03F6E08E5A29EB731668E08CEBA664AAC8AECEABCAACE7202BCA86AA0B7CFF2C81E4CCCE0A0393FEC44AB04D8E4CEDC36A6D56D08D925ACC57546C8A0A2D97FD95C2262D0C096C7C34EBD35EAAB8CE058051AD78CCCD97CC4B64216AE7E8AD4EDCCCE6F4ED30B803DE02CBD882CBA25EABC24A81DA7A17DB8A47C6FAD2DBFE6AC7DE08BE542D736C8EEE1C0209EDADEF2C90DF7AAC1180EDE56AAE5BEC4CB66E6C83626AE2420EBAD6AABA162DD0FA96A3462E9276EACCCCCB78F86C3FA44D64F52ECB365179D82C85B6ACC092EBC6E04CEF126E09052DB8BAA9BAAE2EEB9AEDD9D615F4A64BF3D627D40E10D93294E92AD7F526A5AD56EFE9FE2BC026A9F8A601C3666FF79EACC98ED7F75E66178D2EC8F2AB4E8D88889443D3FA0A59CDFFEF814A6F88DEE8F98EEFAAF520DC3E6F002B2EBA76C7E72AEE3F81C7FDD6ABBDB2CAE30656EB22EE018729F90E68ED16EA0577CAFBEAE50DDDCCE0BE8BEEF20DDEBAAC4C0DEE70306DCBFAC9CB8E30CCC8CDF68E94FF869A777570D97E3090C5EB52ED2FB61E2E54588B89866EDDAE8F4A882D7FBD8F0C9FD0E8F2D773884E5A54F0B3146FB830C388F42B033F0EE84EC736A56F019BEFA654C304E712109782DDDA89DC58EED85A0C98E02E1A37ADE09EA88EECECDC16AD1CFF520DD3E8D22CB0E458B1C5F26F366C31172B93174B2E18D331BC8490DB2670101F31FB142E11636E133BB28E820ED7AEB11AC7F0593C7114E7B19102B008272F090BEF1CFBFF2EF1A670F2C24DDEEEC60BC742BB2E6DC9D6C71D839327CF53BC86ADFEFE30239B71EEACF2CF0EAF11CB72C28E051CBFB210A3F030A7B00841B12ED5328731D631A7B1E3EE2E8FD44DAFE4F224ABB1F2EEC8844AF20C27AB0E37E22DBBF22B03F2C9EEF2A98C712AED9139BF4938C725349FB178D1ADFC06B30AE745124732245BAE36CF4F1D5F0A213B33608C73E112873AB75219EFB11175523BBB33EAA66EDCCA70E94E7313E94BE06E2E36EF33454FF4234F8A4137B4B30A3485F1B0DAB0F0374B5542E795A9AE344BB7349FBEB39F12ADC7BAF12FCB8AEDA4B2CC9EC2281BEF46232F2CF36DE01CB4FB3E7484A6EC87A081508F524ADF300E0F750643FFF4E4DA8D0ED9D6973AF45317B5FAAA8AB72E356135B5F512B590DA6A523BD13FB52FF09CF4A114F20603864BB7B55BBFF58CF51AA772B0573BF50047AA9DC2B55EEFF59EAA75B81A705D53023AE7041557B1E6EC83BC96501C57B58A4931DA6EB55F3B2F1807365389F4F70EB38464B1E232F6C4BC04E8A0F5F258F6655376B1C0F4A06675FBFC71B820F668D871CEBED460C7337D18EDAE848EA6CC7197C0EC6783B6FF8836589B6F619FB566B3F66F50A8629F0EEDFE35704BAC66A302671F2A257F6CD77035280733F55C08B0744C7157EDF2F276F998F69C813273F7312B3C776B7BF6478B4D724B76A7D2C84EC78BC46E6DCD8AED07ADEC74C776577BFF3470384D9E60F4790F47748CF5752C6E7E17086DDF8B84C8F7FC0CB2AED0EFF680F7B21A75D44AED7557F35C74B4FE4A73770BB81DE1370043321BBB8F2B07786E67B87DDFB76F5FF5EB5AF7C560776F28B1CD7E09D07AB70C45365B62AA7E478D85F7C882EFF8A570F81E7978FC2AE97B2038D4FC4424ACF291772D8A43F846494A9257389FE88E7F530A80FB897ADB38F83E6FCE84F8018D389643777F5BCD1309798116C6E3027987A7F85D7F3888B3F873503986D3779FF0F10EA5B85B7EF29013798618F97C67360913AE74AFAFE198B9EA1649C120B76313D1D2F6F92507076EFFCA942B108DE39796C3EF99A3B98BC0369B6B9A9B93B61574BAA7EFFFB9A6FB7193FF3675A27688247A968BFAA47635A887BA930FEDA123BA2D283A9E6362AD5336750F39BE0A728CD7AF7569B70931F6A810F8A783FA7ADF78F8C67AAFCBF4FCFAB06AC884B078B468245063BBFAAB273B692FFB964FB6B31BBAB82AB61B17AF30C70BA43B2EC5F4AB9A6392B6AB69A6877BAE93F403EB2BC6A271B1BF37F10ACDB3732982C585BCEAB4F4A8728E308745BB8D837F37AAABFAD9A4529E1177AC1A74DC18FB21CDBB846BEFD11A76E03AB037FB8EE00EF2E8887B54BF8BCCE4B3971FBC7D2B3350047CC637D0BB27E821277C200FEB3BA4F78BBF0AC507B9C5ABBA10B3EB8C7BBCEE2250EFEC0BB660F1832FBC21DB2E9CAF318503FFFC82A777C13379C8BF3CA5366ABD047A2A237397EBCCF1DA76D76A8C3F4F6CFEECFC17B7B72243C6F47C79A0CB2FD1CBB144AB8CC82FF7E03CCD262F31FC902C307779DB57B24F2DFADA7AF3BAFF37CA6FB2940B4ED40FFDC41BFD805F3A0817383663F4ED5E7B186FFDCDF7F8D4CFFAFF923A55FCAD7EA010D51B6BCC3F7E9C4682C46CF19D3031B6DF4ED12310CF303E59AEB8E8D37D6AE3491873B1C49379A17F7EBA823B4D08F77194B9EEEFBED92FFD85B738C216FED30FBAF283742D917DD2D3B5CB18F7132BF2EEC42CFB50BFBEB7BBBB63BE0DC3BABC737FF7BB79DCAC4F39EF36C2DB76BB12FCF9B707DDF07D7E783BA6EFBA1305B7A9673BF8EBFF79BC2BBBDF337560E56B0393350874E24896E689A6EA3A06C00BC7F2EBCEF68DE77150EBFE6FEB0177ACA2D1C43B058E4C64F3098D4A3BC25F7588CDC2AEC3E5F40B0E8BC7E4223777D6AA7D6936D87B849749F239D58E57B583EBFE6EEFC7D6579757687888980228B318B8D61824C29364860247B8B23459277729D9F2099A38FA9605E9A875CA48CADAEAFAA5AA8ABA253B0B504BF3AABBCBAB646A0B7C3B187AC782597CAC48EC79E9E5BC5C92DCFB1A1B0C8C7B3BADBD3D5A6D0DC4F30D3EDC42A9D45D5C3E2969EE49B59ECEEDEA2DEE87FD1CBAC99E840FCAD9EF2E1DB372F9E21192260F11BD7A83C8BD33F704E1B9299AA289DAD70C9EBE780929FFFE6288069BA37B178F4914D38F4E4976055B7624B510E44735CE368A7A56D162A7823B3102FC943327B18B2F59C594898564BE93618446640955A8BB83378B7A4C8AF446B8AC33947244B60F89268DF01E1254397465347C01995A2D85956B5C9AD0C2822D4B30234EB4027D2E651990E85B8533E58E7BA4962D594A63DB41047AD631C46691FBBA54FB75B0B1C286B71AA6E1D06CCB941CD98E1E1A9868D98A35276B3674F4B35672534F3BADCBC960E2AAEF703B794D78AE6C1D5E6B833DBE17B9C5D3A5F9B2BE3375E3A6D63D819BE12CD7F367AF684D4307C898B94DCBCB97D7BCECD67A93D8C319D15EAD1172F39BEDCA4BD7C91BE87DF585D8B7DFE1FF9071DE9936E05AF13D949173D07D77E071DDF1C59F22D871A55D6701F2E61D86E2A555977D18FEC46184B04CF8DF16A1A1535E1EE989B81E89258286986FCA2957A0820EA2E7CF82C6DDD8E18A9AF9275385D985061F638F21736082762D635327F5B9941A8B5775F1E26C31C264497F52E2016489C5155963724AA6259591AE8D965B93FB91B7251D2E06295220DC1D42DA6F2AB6D9D49BFFCD89679FC15159251F57DE99192C89F8F8A39E0C0949E189749E84A81191FAD982A2C3F14969A67374B9A7A3761C89129D9A4A62A9388C6685E9A8AA8E285CA030D285A0A47A3C359E6E504233E9AA9CB697EAAABE4654EA37A722D5EBAFC65ED7AAAB4A4539FFD139E981B860545066782CB280BA0AE0A0D56EBB59B214C6698FA7DC8E1B4DB016C6189D994139E1E4593DE6286DB4F116BAE974F6DE8B2FA828997B2EACE4FE8B04BFD780DBD0954D46F12483EA62D620C0705D8BAD30E8D64AE057023AA81788CFC9ABA360B0E41B4CBEB9522170A3DA3AFCEFAEA612FCC8859729A39298166B2823CA531E16B1C4B0B6151E8362354C156EFB196959C250D85BA5BD2D7A1B68B1361BABB2B02CD3E4F25D8B35B6D2C641DF05A1C7DA880CF6BD2A964C2C6D34EFB575C5E4EDA8988C469BB149CE41D4EA0BD3498BFBF41B61EFAD6F9E76C3C96B80AB3D78E340414937F83FD5CD03B22D22B30A31B6CB82C9136AE65156FF52C3F2A62495D73F4F7D295E6EFEED25DE791BD3F82C8FDF6C05AFA0939D0D87AD31876BB441538609B35C22EDA5D271C00E92D3872A94C9B07277F158D4DB997EBA3A71F73E1D13CA87FC3AE96878BCEE8CB5676F23DB9E3735DDF15D452FA1F597328F22A19F8B3F303FC0078FBEC3BCB34F03F996BC6F4FF59127857DACC805C6B306716E49F442D824E887BC234DCF6434E99BAA9E8740A9E1AF1EC21B1704231812054EF011FAC3592A3695BE8F190F831974C606AD012EBAF9E98224BCDBF12A08B503B6D0141A39612A3AD83A0E8250541491E10CE534C2AEBCB07D23FB9A0F7FA82CF1DDA388226221126FB840C7E15010F963E28F82F8C4450D51FF6A2A4CC8FCB228392502D18A833922188714BAC0A1A28B5272E219D198B329FEC17EBAF8E21BE328C6358A0E4F6EBC63D9D2783EEA91B18E58F4A316E526C712FA0E7CA93324FB1259B0F6B5C98C8E84E3762069252E3A901BE1AB64A7108948BE85CD9359C424D556B6C797749294B231E5F8D408273A52C38EAC0C241E6B89CB19BAD2868ADCA44268994B4B766697D96AE5EA1879AF60861194CA6C661E9969CC7C8D4164CE74A131611931518EB29ACFCC2637BFD9B46E4A4E9BD404E72DAF694B73AAB35FDE5CA73B1978CE77CA9382AEC3E63CEF798D2DE2739FAA13273FFF794A74B612A0046D19340B8AD01C1E34A10CCDE425EDD9D0889A68A112FF952831F757D1865EB47E10CD2843374A458F5AD49F224528480B29AC928E94A22A25284843DA5293D6339D3175A93E6B6AD39BE2F49F273DE94E0BFA5234FC34A72C1DAA3C7BDA51A3BE33A83860AA52E3D9CEA7DE13A93495AA3B9D2A28AB1E95A45A05275507DAD5A5EA34AC5EE52A599DF9D5E59D559D5815E25ACDD956B7BEF59B6965E75CD13AD6BB0633AEEED16B35EB2A4CBFE692AF1315AC32095B58C30E76A66055EC628BEA584722F65591652560E159594F4E76B2995DA3593B7BC6CBA20AB4A4DC2C6935FBD9D32251B47F54AD1F4DEBDAD7A636B624646D90687B47D8E2168C9CE5EC6E3D38CCA4FE1683BA1DEE0F7B6BDC27DA167EC93D6EFF5E9B4B3FE442B785CB3DE47489FBDCEB42F645BED56E311F5A55EF6EF793E27DE46CCB5B3A403616BDE3152E7BB97BDEF7AE37B8E1952F7CDB6B5FB5E237BF81FD967BF9ABDFA802F8BEFB1DF06DD51B6003FF77C10A3E70811B6C2AC62618C2764D2285EB6BCD0B57D8BF18D6B07505ECE1D16637C41146F086494CCF07A3584EF15DF148247C6217876CC432EE278D6BFC6213F717C78EBB318F2309D51FF758C79815B28D836CE41CAB38C930A5EF7C99CCE22543B9A92D9E327160BC632BF372C85A0E978FBB2C54228B18CC0645329981BBCC33A702CB4556B34241ECE637C339CE5716736BE92C670BE339CF7ADE739D053A613F6775CE82EEAB94D5FF5CDD14179ACA873EB37417ED5027071AD2944D33A50D6D664A27BAC497C6B4A53B5DE94F837AD32905F57745DDE9479B5A67E07D72AABFBC67559B9AD4285C7562517D69598F9ACD635E7571675D653AD37AC6B66635AE351DEC380F3B9FC5FEF5AE618DE76573D9D7D01676B2DD2CED2353BBD164D6F5ABEDECE06DC7919CE42EB7B9CF8DEE74AB7BDDEC16E5B511CDEB3B03BBD81EED6E79B3EDD966D3BBDEF4C6F748DA0DF0800B7CE0042FB8B9F79D51832B7CE10C6FB8C3B70968844B7CE23C4629C52F8EF1FC5A3CE31CEFF87537EEF1908B9CB6201FB9C94F1ED992A37CE52C5FABCA5B0EF3981BF5E532AFB9CD454AF39BEB7CE740B537CF7F0EF4FFE8FA3CE8442F7AD2866EF4A42B9DC34B6FBAD3E98AF4A74B7DEA1CA4BAD5AFFEDAA8637DEB5CBF85D6BB0EF6A9E73CEC642FBB14CD8EF6B44B5AED6C6FFBC0DC0EF7B80351EE74AF3B38BE6EF7BC677CEC7AEFFBD5F9EEF7C03F1DF0822F7CD2096FF8C4031DF18A6FFCCD19EFF8C8C31CF292AFFCC9296FF9CC7B1CF39AEFFCC539EFF9D0EF1BF4A22FFDACF16EFAD48798F4AA6FBD9F59EFFAD8631BF5B2AFBD7D616FFBDC4319F7BAEFFD8F79EFFBE0BB18F8C22FBE87896FFCE43718F9CA6F3E7F99EFFCE8B317FAD2AFBE76A96FFDEC2717FBDAEF3E6EB9EFFDF09F16FCE22F7F65C96FFEF40B16FDEA6FFF5BD9EFFEF87715FEF2AFBF52E96FFFFCE37D14FFFAEF7F49F9EF7F016851B4278005B84E00688009C85304A8800D78580CE88011685910288115684808688119D84C18A8811D584B1CE88121285914288225F84824688229984D28A8822DC85D2CE8823118713248831A05833588838BF2703BC8833DE8833F088441288443488445688447888449A8844BB86E2100003B, '1348502772_8826', null, '2014-07-01 10:07:01', 'gif', null, 'upload/files/20140701100701bqIgAZQQ.gif', 'org.jeecgframework.web.system.pojo.base.TSDocument', 'upload/files/20140701100701bqIgAZQQ.swf', null, null, null);
INSERT INTO `t_s_attachment` VALUES ('4028d881436d514601436d5214bb0008', null, 'JR079839867R90000001000', null, null, 'doc', null, 'JR079839867R90000001000', null, 'upload/files/20130719201109hDr31jP1.swf', null, null, null);
INSERT INTO `t_s_attachment` VALUES ('4028d881436d514601436d5214c00009', null, 'JEECG平台协议', null, null, 'docx', null, 'JEECG平台协议', null, 'upload/files/20130719201156sYHjSFJj.swf', null, null, null);
INSERT INTO `t_s_attachment` VALUES ('4028d881436d514601436d5214c2000a', null, '分析JEECG与其他的开源项目的不足和优势', null, null, 'docx', null, '分析JEECG与其他的开源项目的不足和优势', null, 'upload/files/20130719201727ZLEX1OSf.swf', null, null, null);
INSERT INTO `t_s_attachment` VALUES ('4028d881436d514601436d5214c4000b', null, 'DMS-T3第三方租赁业务接口开发说明', null, null, 'docx', null, 'DMS-T3第三方租赁业务接口开发说明', null, 'upload/files/20130719201841LzcgqUek.swf', null, null, null);
INSERT INTO `t_s_attachment` VALUES ('4028d881436d514601436d5214c5000c', null, 'SAP-需求说明书-金融服务公司-第三方租赁业务需求V1.7-研发', null, null, 'doc', null, 'SAP-需求说明书-金融服务公司-第三方租赁业务需求V1.7-研发', null, 'upload/files/20130719201925mkCrU47P.swf', null, null, null);
INSERT INTO `t_s_attachment` VALUES ('4028d881436d514601436d5214ca000d', null, 'JEECG团队开发规范', null, null, 'txt', null, 'JEECG团队开发规范', null, 'upload/files/20130724103633fvOTwNSV.swf', null, null, null);
INSERT INTO `t_s_attachment` VALUES ('4028d881436d514601436d5214cb000e', null, '第一模板', null, null, 'doc', null, '第一模板', null, 'upload/files/20130724104603pHDw4QUT.swf', null, null, null);
INSERT INTO `t_s_attachment` VALUES ('4028d881436d514601436d5214cd000f', null, 'github入门使用教程', null, null, 'doc', null, 'github入门使用教程', null, 'upload/files/20130704200345EakUH3WB.swf', null, null, null);
INSERT INTO `t_s_attachment` VALUES ('4028d881436d514601436d5214cf0010', null, 'github入门使用教程', null, null, 'doc', null, 'github入门使用教程', null, 'upload/files/20130704200651IE8wPdZ4.swf', null, null, null);
INSERT INTO `t_s_attachment` VALUES ('4028d881436d514601436d5214d10011', null, '（张代浩）-金融服务公司机构岗位职责与任职资格设置表(根据模板填写）', null, null, 'xlsx', null, '（张代浩）-金融服务公司机构岗位职责与任职资格设置表(根据模板填写）', null, 'upload/files/20130704201022KhdRW1Gd.swf', null, null, null);
INSERT INTO `t_s_attachment` VALUES ('4028d881436d514601436d5214d30012', null, 'EIM201_CN', null, null, 'pdf', null, 'EIM201_CN', null, 'upload/files/20130704201046JVAkvvOt.swf', null, null, null);
INSERT INTO `t_s_attachment` VALUES ('4028d881436d514601436d5214d40013', null, 'github入门使用教程', null, null, 'doc', null, 'github入门使用教程', null, 'upload/files/20130704201116Z8NhEK57.swf', null, null, null);
INSERT INTO `t_s_attachment` VALUES ('4028d881436d514601436d5214d60014', null, 'JEECGUI标签库帮助文档v3.2', null, null, 'pdf', null, 'JEECGUI标签库帮助文档v3.2', null, 'upload/files/20130704201125DQg8hi2x.swf', null, null, null);
INSERT INTO `t_s_attachment` VALUES ('4028d88146f762f90146f765233e0002', 0x89504E470D0A1A0A0000000D49484452000001000000010008060000005C72A8660000001974455874536F6674776172650041646F626520496D616765526561647971C9653C0000037369545874584D4C3A636F6D2E61646F62652E786D7000000000003C3F787061636B657420626567696E3D22EFBBBF222069643D2257354D304D7043656869487A7265537A4E54637A6B633964223F3E203C783A786D706D65746120786D6C6E733A783D2261646F62653A6E733A6D6574612F2220783A786D70746B3D2241646F626520584D5020436F726520352E352D633031342037392E3135313438312C20323031332F30332F31332D31323A30393A31352020202020202020223E203C7264663A52444620786D6C6E733A7264663D22687474703A2F2F7777772E77332E6F72672F313939392F30322F32322D7264662D73796E7461782D6E7323223E203C7264663A4465736372697074696F6E207264663A61626F75743D222220786D6C6E733A786D704D4D3D22687474703A2F2F6E732E61646F62652E636F6D2F7861702F312E302F6D6D2F2220786D6C6E733A73745265663D22687474703A2F2F6E732E61646F62652E636F6D2F7861702F312E302F73547970652F5265736F75726365526566232220786D6C6E733A786D703D22687474703A2F2F6E732E61646F62652E636F6D2F7861702F312E302F2220786D704D4D3A4F726967696E616C446F63756D656E7449443D22786D702E6469643A62376265633638382D666330312D343464642D393066632D3532326432353061353536312220786D704D4D3A446F63756D656E7449443D22786D702E6469643A42323545383742393337393831314533394243444445313732463737324145462220786D704D4D3A496E7374616E636549443D22786D702E6969643A42323545383742383337393831314533394243444445313732463737324145462220786D703A43726561746F72546F6F6C3D2241646F62652050686F746F73686F7020434320284D6163696E746F736829223E203C786D704D4D3A4465726976656446726F6D2073745265663A696E7374616E636549443D22786D702E6969643A32636437383062302D616266662D343932632D393261312D376565366536336233383932222073745265663A646F63756D656E7449443D22786D702E6469643A62376265633638382D666330312D343464642D393066632D353232643235306135353631222F3E203C2F7264663A4465736372697074696F6E3E203C2F7264663A5244463E203C2F783A786D706D6574613E203C3F787061636B657420656E643D2272223F3ED5858941000026914944415478DAEC7D6BAC24C955E689CCACC7EDDB7DA76FF7F4CC747B3C1E763C7E08BCC6A085655762616C6381652CED78FD071B094B0824D04AB61192415ACB3F30FB63C13F0009F0E295ECE50F6089E165C9C6635B8B6D2D685976CD8267F0789E74CF74F7EDC77DDFAACC883D2732322B2B2BEB79EB9159F97DADE87AC78DAA88EFC4774E449C54C7CF7E9156887BB97C0F97EFE6F2289787B95CE17291CB2697B30400D5C60997032E77B8EC71B9C1E5392EFFC4E5EFB8FC2D979BAB6A5CB0E4BFD7E6F218971FE5F2562E6FE0A23046803546CB950B435E375CBEC94566E2CF717992CBF1B21AA796A00084E0FF8ECB07B8BC9BCB16C604000CC52E9727B87C8ACB579C81A8A40190D9FE27B97C88CBEBD1AF0030359EE2F2EB5C3EBD2855B00803D0E4F2335C3EC2E5F2A837EA28A4CED101758F0FA97B724C51F7844BC73EAF7544864B2A9200A04A708EAD521E29CF23CF0FF8D6273F6890DF6851A3D5A6467B939A1B67EC6B63708DCBAF72F91D2E9D321B801FE6F25B5CDE58E8EC184D27077B74B477874EF6EF32E90F2DB94D96E1066C07D6D930A88C8D50D650345A67A875F61EDA38779E5A9BE7ACD118827FE4F2F32E4E502A03703F975FE3F213452F0AE90FEEDCA0A3BBB778660F99E3066407809C51507CEB79016DDC738136CF5FB2C660087E9FCB87B9BC520603F0235C3EC3E5BEFC6C7F7867877677AE51787C641F83F40030A931F028686FD0D6C5CB74E6FCC5225520CB89EFE3F2F95519009FCB47B9FC3217AF477C4307B76FD0EE8D7FB63E3D667B00389D2A9098C1D6A557D1E6F625FB380399557F85CBC7B844CB3400F770F9432E6FEF93FA877B74E7EAF3D4393EB084B7BE3D880F00A7320471AC4051B3BD49E72FBFA6C835F80297FFC0E5EE320CC015273BBE3379220A43BAF3F28B76E617A364677D101F00E66B08ECECEF592570FE8157931FF4AD1EFC3D977770B9BA4803F010C511C84792278E0FF6E8D68BCF50C8721FB33E002C470DF88D265D7CF56BA9DDAF069EA17887EDF38B300097B87C8DCB6B9D53CF7EFECB74E79597F86E84591F0096AD06944FE7EF7F90B62E3D40991DF5DFE2F26F280E128E8537E19F9443397F9A905F36E9DC78FE1926FF8B203F002C1BA2B42DE722CB41E1A2D6690CF0B58EAB9BF3320012ED97BDC9DF1FFBFB5DBAFEEC5374B4778B1B007F1F00566B04B4E5E2F5679FB6DC7410AEFE89E3EEA95D00D9E0F3A184FC379E7BCA45F9417E00288F3BE0D955824BAF793DF98D46F2AA9C23F8F06914C08F73F9A095FD51C852E36926FF21C80F00255402C2CD1B2F3C6DB9EAF041C7E1990C8044167E4F6C8CD19A6EBEF46DEA1E1DC0E7078012C70484A3C255E12CC591C1DF735C9EDA05F8232E8FCB9D9B2F3C4347BBB7ECE93CBBA517E4078092BA039E3D75B8B17581EE7D285DADFF2C97F74CA300DE9990FFEEF56BF6F49EB1B21FE40780722B8198A7C259E1AEC3E38ED3131900495FF409B9239B7CF66EBE1C9FCB4F0EF30000507243A02D6785BBC261874F386E8F35003FCDE5510924DCBEFA424A7EF8FD0050A578406C0484C32E28F8A8E3F64803B0C1E597E4CE9D57AEB9D37C514C7C901F002A6304624310590E0B971D7EC9717CA80190F3C5974F0E0FD2A09FB524C8C90500D5B201D45301C265E134C529FADE37CA00FC82C887BBD7AFA6117F487F00A8AE2B609C11B09C8E792C1B83D28303D9F3843FC0E57587BB77A87374C87E4364D712610000A0C2600E6B8A2CA785DB9BF76C4B866E49D3FFE5BC02F84921FBDECEF55ED41FE407808AAB00DD5B15106EC77CFE40DE0590E581F71EEDEF52D83949D712E1FB03C03AD88198CFC26DE138C517E869670D805CAEEBC2FEAD1D37F36B2224F60080B55001E4028252F66FEFC8B37275AE1FCEC6001EEB9E9C50F7E428DE439CAC2556EEBBC66D3605CF016B38AE29734D897C372717E6A024B9E66C7F47F5E5F11F7CAE32BCB06E80A6EEF111758E8FA9D96ECBA4FFB9C400BCF570EFAE1CF9B3258E0154470118777191D8D819D2AEDDC92D6CC07A113F5EE28A07B671033C6FE8953B26AB12C2AAD8184CC3DDE4BD9EBB636F6DBD66EABA560E99D855CC6F090636DB0FBC35510017F8C77BF3F1DE6EC6EFAF06F9B3C49701A0B5146D892FC5E8DE00299A3D80EA41C79D1EF731F775A463F227CF2753B5E70C80EFC9C5363C47DE1E994711BECF88C8ADD4A15C91BABC98FC8AA81A86407E1B651C57341DEFEF91B974FF9BF9FB5D1403F07D2C093C9B4D2499F52B409094FC3C002247FC904BE328A24B37233A7B27A2E05893D260FBDACCFECE0048092DF9357DF2C107477EE6A75F7A898D80478133029E52535D8FDE30D9C3B647FBE77DBA75AF4F9D0D3FAE8B8B18171B453355300294F2DB5E939339DFDAD8F8576200DED461BF8032A7FDCA1EFDCF92DF0E8488C9DF8DE8F2B590CE5FEB88B103D6D60560832F85FBBDA3C71F5093F73433B3F9B44C9509A47118D13697F3D788EE5C6ED2B5CB01050D9F47201B16B100153002C21795591614CEB30178931880474F0E0F63C92CD6A1028B7F3A43FE308CC9FF1DCF7569F35697A24E878E6FDFA6CEFEBEBD0FBDBF5EF25F3B524B39E6F2BF6E8C4E7EFBF69B37A9CDB375D3158F46BB01457E81DF6C52F3EC596A6F6FD3F655A2E6B1A1671F66FFB9C1C32B206B0494B503AAF4BCF19C8212CE9FDBBEF0BA80A5F3237269EEAA6CFC499A28B25F66FE6E18D1AB78E63FC3E43FB87E9D8E767640FA355700D2BBA202BA132800794F83499CC682A69DA6456D9C9CD091945BB768E3E2453A43F7D1E596A2AB57C8C502D848B8BF516A572075F19937CC79E6FE770461A77B29F5FB4DEA68957B0088CF2FE4E799DF1769F67287F65E7C913A7B7B60C8BAC7009C129024D8E104863E74EFB5EA416200A724D0112B0A3108DBEAD5746DCBD07E2BA426BB031BAD2635029F54595580FC565E86E31247E974AF7861B77B2E5946A984EF2F11E044FEB311B8FFB6A6A3975F01F9EBE40A38424F6A0012D7615E90B176F4CA75BAFF8EA1E3932E9D7442EB8A965F40272B017161EE5F0CA26EE79CFB493336B6C4DF82E58B5C04218A2296FF216DEE9CD03E4B33A03E2A2059F62B5AE22D540DE904373F88ABB9B97391F69B218FC30605BE472D5602E47B65FFF51213CA06A0732608C3E85C55B6FC4B1726CB4089FF1F5EDDC16EBF3A919F7AD3553441BF476EF6D7D4EFE5CE438E46D77668EF9E361D1E77ACEFDF6417A0DD6A5857A00A3F66148667031D854D22D35B27AC820434F1DABF5D0ADA85F40756832E8FBDE38E6FBDFE5633A0B3675AE4B302087CBFBCC1C0749F8FB147FE0309A8A52671AE267231564BFC7F13B95D7F722B4B7D00B08A8988C75EA7C32A5488E44B20F0C48E51590E0C5805046573074406A90C9758450726BF945266F7DFF4FB81A2008C46B6E2FAF80066B04CFB99B936270E465B57346435DA0DD91DF0AC0B20676D3DB785B8B43FA716035031FF39D9F71F177002582DE25894B601E9E3938E9D6065E617852AF7C518F8250D0C0A8782349A5A0D0FA0326D0516D7FF3445DF177DC6CC9944F1391451A4F106B5135602C27E21BEFCAD66C99440F67708AAAC06210180952B00178C8EDCBE9464754A20A4D76EF761838D4119954050E857959558036D84010056EF470BF9ED3174D99FA259FE471EC9A53842267C87C92FA707C9C42B03AB5502833CAFA402C0C40F6425F82A91EC4991206076795A789E280139362CED94E792A3C465F108020C2100389D0148B6D127E754B293945D2988C420447655401817A8F8F0100CC09C021A404D667B9A3E00BCF0C0B189837FC9F6E4C86E55374CF65EA622310002C949900A16530E2500050000A7354A96E894A6A0D3C6E45CED5EBABA2852147931EB037B3A71B5894482A1A6B2EC5300A67FA00C2E80CEE49F7445676E3D151FC34D8C402487704409488E4E63A382CB5502397E575F01202258A3E9B65C3B017BD5179F36CC3F9355038AC45590D95F348059594AB1C025D81AF857660950F65602357302AC0BA0D3D3AAC6C5027C1DCB7D4F4BDA20CFBD4EF63521BCECCDB7A358C5F181C50706FBF9230D400C00A8B82830ABE73F0D0A8CEC2A80C9AEBF3B92671370C741C33811D7B2D38C0795DA5F5BB0AF132AA056736DF95601B263D1F4B2ED8CFC8399312C275A951BC82AF604DC350D96F323420100C0DC0D0115C7044CA2586CFAD03E15634FEA9A34C3F8D262021E7A0D00CAE1861877C5A378397139DA36A04AFA00380B08946544F6026BF9B19975098CE9F75F4D1C01E4895EBC7EAFD018CC3FCDF8601BB11310A86C0CA02CD34695C76000010000F31993D93D01431311E4C7EDB0712CF5A40181392A81B50B026223509D9CED814D3D66DACD4040BF0280000080F9C8FF51198B8AC66DF656E51FBB83434699B95F6D682D3202210650EF18C0A47D6F4E193F5877601910004AE9EDB82DC2D4BF7370EE2EC0408AAD2AA504834F0794614CF6A5DAA2FEBDC185AF9BCC6769F8385EDC96C5B4400100408D81ADC040F5A5328018000000B32A800AAF036206A8D76C3FB8BD76CACF2CCAB5261ABED66768F43AE0307FDF2C98435000000017000080BABA00BD0441BAF4C9B64C859297014BF10067FA8C99FBA81C4C56670A9F917F2A1DB5F9DB452AFFECAF91E57AB50F03014019ADD238FFBF682F30AD2006808C4040E5F987203062000000CC1803C00C0054A9AF4BB90C08050000403515805CA4C0E627ABC0211B1C06024A372693FF0676A8E50EFF649F53BDF19CBD55347E73D0691B9BF246388F0B83007001EBAD0086652D29ABB1C5B54181D209001A9DFDA768DCAA11E3D82CB1ED954F0A0A23502FB295312BF058D60FCB15366E3FC012F60120080800757601D6C009442FD6C7E1EF0FFE4E9A1138FB59206F00AAEA03200E005760B6F79A85B5AA2832304994CDACE0975B932B030175170598024EEF0298194C6B194C3FFA1E28C398249AFC505051F87FD941C0CC2DAE0B005452FA97E738F01AC400AA72CABEE89C3500AC7E4CF68FCFFEEB059BA10C8BAFF96356900FA0D782EA5F1C143E609D1CFE81A8FED818C0B4AB06A795A1C3228E93E403C03E00000096EC022006002006505740010040AD15C0C0F15A1C070680A9C664F60870C1F5F7068E06BB0B7FC6EF57991885AB532D48DEAAC136C105002AE902A48FC74C02B83CF8180580A4C000B098B88499A22C7352CBFE5D1C0602AAD5D7D3BA8070194702414000A8B30B8018005035B94D34FD3220C17D1C62008CAE4E74BD68C502A8B95750823190DF993AB2502E59284D7EA5A0B9BB501A2E0000C005800B0054C80528654E40188015BA05405DF4FE6C6E2A5601861B8061AE4B15FA1FFD099446968C09018CDB1C9895B30B1BD7D976D0BAEC03006A2E0A300B9CD205A8764200747F7D6300E5380D38C901FF71890056F70B621500006AAD00AA26008810CE05CA3B26C74DFCB35C21688112AAFACB80F0016BE5EF1795A93E8379A32806A02B1603204800A0E4B2745C9EF055C70034620000507B053074DDB294127030B10A3440BDE6DA32E60434F96440D4CFA1C2BD0094DB0790B960C852F601B802050000F58E01004085550182C0353700180075623B3202CDDD00543208D073A4D0A58801AC34066068D0F91FE6E80FE40148B203ABFE562D2D1F00560100A0D680010080BAC7008A96294AEF0110B602D5DD0588C78499FA7366CE6DA2A2E56953702D531AB2946D06C7F9A27E4095FB9B500000506F05A0A9DAD7070780328CCBFCED34D703372BE28FC66120A05A7D9D1E009AE020503A3E7018688402A852E2740800A0AC63729C00488A9A806F66496D35D809084001D63D06B01EDE17509FC9B66C8781AA0CAC0200409D1580711B008CD113675959A5DCEB15C83FA01CBA24DE0B90E58E2918AFAAFFD67DB2681C9B056E058EDBA01DE70D5601806AF5F534E9C00A3F031760BD6200008C02701A0350E9D380E87CA02C63327607FA4FFC0DBB24504EEB0FEC055E1E7FB00A0054AAAFB10A305F6015000060000000A8650CC05075430003E957819AF8DB3DDF796C10B0EF3CAE594893525774C491E071C9828AEA5C840F956F03620000620075560055BF3A3000946B2A1A760CB8E844D0AA8F0323272000D45C01545C004003D4D70588FDE5D5A6041BEB6B4C7B894045B83AF0745F0A26A03E1660C64835368E0D57005515004498FD81F278FEA3A20093440586D5B96811805500A0B22E005601E61203D01497AAE505473702251B93648AAF145494373CEBBE2E6B2CF7B525E63D4E030215E71F2682D300CB8000506B1700330050A1BECEA7F99EFA338801E46300848D8000709A31396A7C4E9A1E7C45FC095C66324A6E4DFAB88CBFF5E03F0058FD982C1E9F348457C659802CF386D994C5B4B6778B6540A0527D3DB0963EC60D9864DD1D3180AAFC42700180CA58A631AFADFA2C9003560100000AA0C2C617AB00F5996891167CEE800200805A2B80BEEDB5BA3A5B8109DB81813228C0DC584CB7FC52FFF6E03E5E99FC99E625F247232D3850DDBE9E25FE8BD8F10805807D400030BF8968D8BEA0491EAB258CEB3C7F10030000C400706930003180D9A7D4DC65C068445EF0ACCF5F180358604EB0B5BC34188C40ADC88E65C0F9022E0000D4DB0518119528DD1440880002E51B93C3C666D1E3A25380CBDE0A9CB98F6540A0527D8D9C807001000098970B604857E69C3DF201000363A20441E0ECC9FFA2711A3F537CFEBFFF738B56B5F996695C1804A8585F4FBB0C8C65E3D10A003100003180BA1B80AAED0526F42450C25968D24B03AD7A1520D306040101002E000054352C0019784A0350EDF380E87EC400561B0318A5FF69C873CBBC1CE8E85F23187676A19CD6BEA09D9801EA34DD97EEF2E0F9CB02169DFF31439ADE7726C82C212450904F07310000A831600000A0DE3180EAFB85006200AB8B0154DD00588740573008809E04CA3403E51D7C2A0E5AF5250651B4D4E4B67DFCD6EB911004A839FF1004860B00D4CF0538ADFB00AC8901C03260ADA6FB5CFE7D33FD6780C118409C2F4D4F956B6D5572AFAF8DE850A00CBAC4E51AECED0570C76DB3B76EBC1AF6FBE5BECAB82FE9EDA2556D8EEBF218CB80005063C00000006200951660407DC4767ADBBBFC9E19FB199C228702000060A802C0C501016001F2849010040080522B004D55CE09869D60359A64F397F89AF4D260D95B5A443E003346020C9BEE572D01749C0FA092D70685070094684C169DB5A721C700FA8E04A8826B852E90FF799EC30500807ABB0000506DB700A8B10140F7D788EC847C00F3065C0000A8B502A85C149070A927A05C63B26F7C0E8B02D260B4CFBEAE5693100487810000403E00A05A7D7D9A8B8302EB6700D0AD35E23F4D7FA867D8161D605D1400507351003A9FCA005471272041D5012553A0C6F4DF4F6F4DF6E8F2E06DDFFB17AD6AB1131000809C0B808B8302D58A014C3B42173FBA471DFE1935B7671FAB25F06EF097800200807A2B80539AD7D50A000028DF981C754298261006CB68AB03140000CC88680DA2D0D8080454ABAF4BB411E86EA7B30E06A0CA414078017557DBB32AF479E0F6C949C15F4AEEABDC5FCC06F9D48A7836F84B602310507151B09A2940CB419A75500085E98A2A90128CB0110858219EDDDBA348EBBEF474C336D5F51555828D40848D400030335E3C3CA44D9EFDAF76BB95FF2E30000030E904AA147D6B77970236007778F67F650D0C00620000300291EF53A7D5A28346834E6EDCB033FF0193FF6614D13FF3FD7B61004AD869ECDCBCC456FAE8E484CE6D6E121D1C10698DD15C7168D7B71D2E275C8EE4B6DD1EF999EB77EED006CFDC2D2E4D2E3E97D3C8DEDB3C8E6E31F95F64F21FAEC1980AC8F097B0A56A1706283E0BF00213BFCBA5C5F73765D0ECED81396B6400F265DACFA819FE66E88CCD1E13BECBB73B6148DF3E3ECE8D4972D1BBA20B020C4B0D964F11B64CFEC4BC5F1B0520BFE1D36CEDCFB05FD6E0FBFBDC59076EA6880C0E0DAD4B1F4B5F8AE7DD757D3B0E2FF17890D9BF21851F8B0250B336803FFB12ABCAE7B8ACCB785A9B9D804FDDBD4B6DEE6CB1D2B79DA506D6CF00CC43014C65008280D4D616A9071F24F3C823F4ECA73FBD56BFE95A2880E7D9C76F32F9C537BBEBFC32192C2FB39FF6D07BDF4B6A7B9BA8D100832A6FEB0D79DCC7C47D6DB8443C13EF7EE10BA307F87BDE4341ABC5DDDFB0C5F77D9EC867D30061DFCEBF75310055BD36A02B22090F8F8E689F07C6AE23BF04899E3A3CB4D1DAD7DC771F98032C5E9A148D512ACE6255968C40F2B8F20A40827E1D267A76E6FF263F7788A83F004CA00094AA5EAB334DDE6359266BB2DA9951D99C01F203F3820E430A8F8FC9E371B5D56C160C4555DD2FC7DC97D3801DBB442A73A7AA5E46902E933DCCF82CB7B8C3B2E8DEBE4DFFFE9DEFA4072E5FC668AE3864EF7D978978CC843C60B76F6F7F9FBE302606F0F8DBDE46E7CE9EA5CD8D0D6AB7DB711CC09B6D27C05F7FE94B7D8F1BBE9772C6987199418AD285ADE03420B757B81ECFFB9A3C7EB45755EB25DFE188099FFD790F25489401C80FCC0B5FCB199BFBB636A9D30DC96383A2AAA8A449ED7B4CA3BD786D44C572A662DFE3508D5E166A17C836009816FFFBAB5FA5BFF9F297FB9E7BD5E6193AEE46AC28942DD5F09E95E57A7CA30EAD02E8F3634CF98B32CA2A2F6977E34CCBCAAFA4DCE3FB7D5FF8931FFF38DDD9D9C10806669B60D8CD78F28927E8373FFAD1BEE73D26FCD671973AAC4003E591FC1B990BB00C65C010D04EE079FE8D74F6772FC8A9A7B2AE05AAC480499BF976EBDE2DDADF3D4C5FBFCC33FE6DF60F13FCDDD7BF4E3FF7AE776124AF0192716CCF0490CBC977E5CAC8CF7CE4FDEFB7BBFF645AF068868D4043F0A6FB2E50E7A8DB7347CB2E00721C8FDBACAE7A5EA3F16DEBBF782AF663CAFC4554AF03E3262B3AFFAA8B7D46EEFE4683CEE5540000CC130F5FD8A22BC721ED3583742222AA80F7EC26CE84EBCCFDE73CDFF79F5629F9551A5C2BB5254B4E7571D9B8BC4D1B67375203208736BEF7CC19DA821100E60C196F6F7AE022BD412BDA8D34855B1B7645219990CA6C0454463E5BA3C59C67F5FF14BB2FDE377AD36A2CB44CBAAC514E2198B800127809029F1E7ACBBFA07FF81FFFCFBE2A6701DA4CFEEF3B7B965E92AC2DEEFC7684B301C00C683702DADEDCA0FB365AB4DDD5D4380AED21B3DB72C86CFBAC3D62ACD27C9F267318B01797A2CC7D93BC26AEB61B93833B0115F53F332FF56C28CB759EFDBF11F88DE65FB311D06C11BC54052CE53245B35BE194FCBE67CB9907CED3C3DFF51A7AF61BCFD956DF0C43BAC846E04176071EC41980B58A0124A701939C009F1BF3997FCD1341920B60E6D380127438881380CA767329EA816DB60E8155009E04014BBF0AD03FFB0BE78366EB6F642BF02DCFF7FE0F3FF116E5D633A5943110989825E9C4480C00B7B7C90620642B7DFE7557E8219665CFFFC30B245B81AE47116DF2EB1BEE28A8027FD6C200CCBA4D6DD6CFCAFB43676C64E697FB3ECFFC4797B66893D56723F0EC8620CF2E057A54CA686042FCC4FF17A3C59CE7577682C3BBB749F9FE17952F0620B60EF64DBA9C1A20F6B7E21F3BF00D35B913226D48371B74F18D0F52FB224BFFFFFB3CEDDF3DB0EE00D281AC970148B20209112749CAFD0A4F04B21324C864033A4D3E0075FF793AB8748E5A0D21BECFE32F56A1413A790EB6B91CFE3F39BF9FDBE97B96F3C2FDE430D093EC0FFC827DC17E91A8BC4B81763637B6330DB7571B9F4BE687BE7F9B1EFEC1737472F32EED5EBB457B3B7B747C704C5A2306B04EB051EC09C6A7E7DE3BBBCFC97C680564B636A87BCF1932AD06B59B01B578E269D9D93FB02A400C80DD1054C695B49EECB7E4F7E200B9DDD71CB8D63EE9051EBB02FE05FB266B044C69DD00F942A2B67C8AE300491313752071029F2D356D6F52A313D251A74BA1446D752F18233389D126BDBE90CE066FE668BF27FDF9A61DA375AD57486FFB8DD59DCF7DFA9690FB956779DBB7CEC82BEB1ECAD8F0C9BB72D60DFA58A6AB09DCC14E18D91D7E5DAE57FCFB38DEA4D8DD8CC9DE6297B3DDE0D99F6F45FEDB384032BBBAFABDB2B802A9DFEF39E9CFBF49E0EDF20B4F3A036071C22FFC01FF503F2B5F42679603CB1A3C57F6A2066C79A5917E4C7ECFFDF0D2F91D5133EE5F642542C80325B4074AE4B0A036DA9E201465608D413642EB8C8031E34D403E5E3B10BF9D71E4A3DEC17A8CAB47FA4DFA54FA520CBB96551E6D7A1381BB028774BBF4AFBCC71A00D53300A3DA2B677C84E06779B6B723C86DF59559DE1A00EBFB8BFC670320CFB9D93FB01393728141455ED159C16167828605FE159DCAA750192390C87FCFF39FE0678F630390768CFAB417F83FABF88BA9900BFF68463B3953C660A0FD814D2CD1DCA620CFC5066CE7B015970EDA0C1BB4D16CB045EFB21208AD758F2221BDB10347F72DCD901B48890198FFF7CE67279C5778B22EF5EA44C1A546C019F1D4709B54057A8EB442CE84FC93CCCC562950AC322D891362A7B127CFC69EECECEFBBFADDECEF658A72BBEF56469F34E8A7C4E727E136735C9EFF54D2A86C4290AFFB81FF7414F8AF136BA9ED17D2549479B76C464029CF1D71749DAE6575C067E2CBE068D0B9768B4EC2900E4EBAD4650370D40DEDA0893206207103E47E925B401B335CC34E2AF1A6ED7DD43BB2DE44A969670474A4D3FBD9D9DCCB18811E21C9CAE089C6965B8D4F486CB9E48C4022F76DF49F5FF39DBAF0DDECEFE7FFE68ADC81B4FD9E738198FCC2717EFA2BC97B82EC193AE5ABFFE207DEEF6A96395EC8948A94CD1E3C53072ECD08B80EF7E243423E1B83C833F6A28731B9D918340CB5A338622B0AA0D5F1D8BF33D6C74B0653A202B419A200C649B34942D89354837A47D61BBB65B9FE72F19C3E49EFA4BE9F2E819193F3E3DDB9AC0DD2A647E224A018CFF46E4F8A730FE4B16F630CA6F7F7E209983C354CFB2F78F64F22FFBE12BF9FC9EF598E671B904F09F6DFBD86FF31AFEB5F166B21D655C50E73796301D9600719A70A543C7B67068B48B626FB75117FA7A34EC3057A929840D60DE891BFD80D50938DF02983634A8DAB1BF5A6AE4366B64FD45BB140EBD56349A8BC91350F1B5D9ECAB829C966942496A0B29BD33CFBDE64A39AE75443EC522C377B9072E4576EE6B7A5E15F138E6727FDBC0138E2377EDC6F04BFA199201E17A3BD9804658E0866831DD4DB2C14B757A55D6B570C02633BA411C6522D4C02497D2A20233773836B9C9A3BCD4F34AA6ED4DB5F6F3EB868464C0C3D393C7D7B5541C3F2D524523F560064570E52D590893B644FB166CB62D8AF7AAB1F22FD1B81DC7E5C389E7D6B5152D04FFACDE03FB2017854DB40A08EE595D16914B6EC50A33A8C9F3BD36CD848AE048884FC271218744A20F6FDFB0DC0E00C05A2A2DEA2785B4F01649541F6FEC2970733CB7E96FC4C7C213F73FA9F84DBF9B7171980139E223FC81FFC335100DAAE08B835D612BB02D31988385620AB049E8A2CF1451C86145FEF5DFCB844E6A5EE809ACC6F3433FAC4F98A506F45EACD54A6FAFEEFFD1BAC3C1E57E25D8BC1305EAF4A956BB2997A6C53BADD5722FF76DD9F0D0073FAC396DB131800C19FFBCDC66759013C6E22ED365E2421722AF149C1690CA5B27101DF2DF9882B202B04DAF4969A8AA465FEBB0F8DF00EF9FC3003620ADA877ACB5FEFB0BAFB560132CF2501C4452411C91CF44965BFDF6A9070995FFED3A2CF0443B9ACE8E75936FC9089A28B89018889A15D38600D8C80C40AE440119B415FC7BD61378E88DBE3AC767E11D418353A24A8FAA714738AB6A1DEEAD5DB8B47518FE889C1490FDB66828273DA399C9CE4ED237FD3961DE1F2303767D485415EF602EF035CC11FEB2852BEF69C5691B557B3564640B679C627B9E2D4D35E945D1A9C6EA3D628A578AA018A7A2B516F56CB2BCA06FA4C7A4EC053F9A0A49903F9A9B7DCD710DFDF13F21BE1B07079D867C75D19E84F58427C8267FF0F65931A28BB1F9BD6C608243FA2DDD8E11CAFC86D1336B3A64658404E07D45B917A55FF7D2FAB02F22FE715C1CC33BF8BFA377C3BF307ADA6C8FF4F0887477D3E98E09BFE62D06E7C374BFFC74C662F83B64B84EB65046C47C99649393F205B4D23ED82357A168BD2E753CED152A1DEAAD59B3B20941882D3E610C992BF27FB1BD6EF67CECA619F5F1C67CD26B936200B62F5EEA0D9FC4BD2F4FDE97E591B2C8B77D2AD9512C87494FCB87649D06D1FCB7EC7A41393E7F28F932D277A9ACEEC8B35A0DE75A9379DD9B3AE41FA58C5A9EE7351453546792A97B9CB06157DBBC5D71A80800D0073F57F0A6763EE8EC6A41707DD6779F1AEA0DDFC1A37EAB5599D23AB0476C7E0BA2901B7073C3E35A89CFBA30A260A55F838813F61A877209104EA5D9B7A93407272A6207B24590D2C4FAAC98C8E257E7CBA2F09F889EC678E7E4BB82A9C9DA4FDD35C1DF80657FCF660839580A24792F50DDD8D8D4CB259283953BF164A40349A8E0F1A25C7A24C910F37E2F1699528EA5D877A556FDC647605F6F258A83E03312C48D9DB45E8A5B23FF6F979D6B7B2BFF98C7054B83A697BA7BD3CF873FC077E90FFD0E7F9FE774A6322678D242660F708E8F55A21B046C05D8DA8686B30004C13175499730549FEDD6966FDFE757EDF2DF559F2FF3D73F31DFCD6ABD3B42B98E1BB5CE53FF46F1B675A9FE586BC35CE34D2B5493A6D60D06D1FCEA647AE7CC7B9CD1BF1B2A0A2DE91A1D90F780CFB3CEAAD57BDE9EC3F64E64FF70F5042FC2CF91B8EFC8D2FF21B1FE7B7DF9DF6FB0433F2E22EFFC177B03BF051B648BF6C538A7B61C60828D26E07A1CA0547AA6E086277404DE5B34D3200267D1EF5AE77BD03BE44B27B30F5F7B39B7C1ADA6F357E85DFF5B149027EF33400E4FEE07FE206FC1537EC336C9DEE93066A3962DB8DD85A69D2A91A306958B5CA86204942623D3A536CB927FE76B9CF0F7B1EF5AE57BDC3F2CAE40FB0792EC5782F99474CFEF4704FAB718395C0FBF8AD9F3FCD980EE6C08BCF7343FE2537F2D7BC8EFF1391ACA3FBA155022AE312F49D2748AF88524D63A0122390EDC164F96742CBAE860C39A58A070EEA5D8F7A951A3FDBA7E9BB931C7E89E4EF6DEFFD7D7EA31CEE79E5B46339981327A421EFE3067E8A1BFC5BCA576F88BA71A4D2AA8028B2B72E4B639C65A877A0BBEF57AB8A5118487639EFF3C2F94329A8772DEAEDDB37904D2E924DDDED2592DFB7597CE259DFFAFCDF64C3F073FC8927E7358E8339F3E2496EE09BBD76EB67FC46F491A8EB5F966542510336779BA4E072299D133590A672729B8B546194BD9CE9C82867C7261A48535B18D45BDD7AFB337E64B314A5DB82BDFEE87E4C7EBF97C8A36967FE6BFCDC7FE6B7FF3697CE3CC771B0006E48037F831BFC5FB9BC5F37F58774377C7D6A04C27E23604CCF3530F9D994A8324B6EB3E60C9D76A241BDD5AA37A3EE337B0032A4CF933FE8919F67FEA77842FD75FEC8672897C9A7CC06208134F877F90B7CD26B357FC834CD4FB10178371B80ADC425480D81295603659DFD610050EFE4F526337DC1ACAF06253F137F97EF3FC1AFFD377EEB97174D806019DCA0F832445FF203BFCDE531A6FA8F99483FC6E47FA38E4CBA5290288224992761C30DB00E5099B3FF6EC6EF45F8EDED3F2ADFFB12DFFB7371A39903C7CB6A5AB0E49F42BED85FB8C2BE4DE392DFA0EFE1BB6F66C2BF9E0DC0C36C011E601B702FDF6EB205D8AC921B0000C56A421DF083037E7C936F5F6603F01C93FD297E41AED0FBB73A8A6EACAA8DFF5F800100C75D3170DF07C3E20000000049454E44AE4260820D0A, '13840528444553', null, '2014-07-02 22:05:38', 'png', null, 'upload/files/20140702220539cvXJWvDj.png', 'org.jeecgframework.web.system.pojo.base.TSDocument', 'upload/files/20140702220539cvXJWvDj.swf', null, null, null);
INSERT INTO `t_s_attachment` VALUES ('4028d88146f768ec0146f76af8680001', 0x4749463839619203D30277003121FE1A536F6674776172653A204D6963726F736F6674204F66666963650021F90401000000002C020002008F03D00281000000000000FFFFFF01020302FF8C8FA9CBED0FA39CB4DA8BB3DEBCFB0F86E24896E689A6EACAB66E03C4F24CD7F68DE7FACEF7FE0F0C0A87C4A2F1884C2A97CCA6F3098D4AA7D4AAF58ACDD60CDAAEF70B0E8BC7E4B2F98C4EABD7EC2CB70D8FCBE7F4BAFD8ECFEBF7E337FF0F182838485868788828E697C8D8E8F80839F432495999108929B398C9D9E9F9791720304A5A6A7A8A9AAABACADAEAFA0A1B2B3BBB1A00EAB879ABBBCBDB4B254A1B2C3C4C5C6C7C6CEB5B98ABDCECFC0CBD753C4D5D6D7D5D1B0DC8ACDDEDFD0D098C507A402A5E8E9DAEBE4E9C0C1EEAFE2E3F4FCF276E3E0A2C70BF8FCFFE0F30E0A978F5E0702B8830A1C230FCFA392497CF9FC08914B1115C88E620468CFF963A7A64A1EB9C01722323EE435731A5CA62173796D1E832A1BE95346B026C99A9E14C930D6DFAFC990A674C86428722DC0934A9D25945C39974A88F1FD2A554533635AA0526D67953AB7AFDBA2F643E9427A33E058BF6DFD5AD57B87D7C0B57442873641F3E14D935AD5E616B1BE5DD0BB8625FB6BF70FE0D8CF8E6DCA766CDF2949838B2ABC1890E4BBE5C8D32E1286E317B66A7998CE3BB76458DB6FC19716843A853BB96B57A7393CEAF6B1B8BCD906E49D290C7D9FE8C7B50EBDFC407CA267A03EF59A8287D178F1CFCCB68DDBB4B2F7F1E387AA0E1D88B6B3F6E84B6E3F110797707FC3D2B64C6E51F9F572D162A2BEED5D3719F7F7D6A4F5AF5D707FF3535537AE04962187BBC0568E07B7A0988C574769907A1826831A88769FE0118CB7D7C4D93977EC8A882DA4E010EE885786459789672122EB8D88A2B5298078AFD38E71B3AA795646375089635D66E35E2A82344353256CE3845EAD6235245D6F7A34E65E9A415894E8827918C3BEEE762553056A16196986D395763F888F99888EC79285F4464CE38262A58A2E8A490EEB199629BED59491A99A60100A694385059676F737AA9658B8476D7271D23AD896702FE3989265E8DDA492786771D9926738BCE8967950F329AA79D97F86985894C02D8DC8587FA942867AB9ED7AA1C9BAA49A98C9472FA205DEB81BA26AA9E4A556B9AA0FE6A69A593D23A23A90DFF16F8EA73B13ED165B3E88162CBB19A2A375D5438061520A6D7F678DD5824CDAA2D908B5AB9ED72360E9463B9A6AD9BA4B25C322BED6FCF4EE98F73D798D94EB493E5FA0AB9205AF44932B6D69BDABDF2F2492FC2AF29CC449C007FD8DE86F60DC3EF7FD6409C9126E13A0CDDC2F32607726D1C2B21F1BBE9CE782E924FF208EE92E6BADB2EB8E39EE4F2CB712E7933943B66E6893BFE964CD5C97ED24634708BB93B10B2C0F26AA987BD667AB07BD6C299EFA0C09A3734889DC4D375D240192D25A06826FCF144611F46F6111253E7749946DE9AA9CEF9A6EB68A46ACE1DB7D5814A45E3BE9C1014B6D8AC8A5C18C90EA69D58E11CDE968D1D6F1F282CB2C4FF96775A8458579C75A5671AB8B5DF003B0E604ED270BE4E87866788F8149D3526B3CD35DBCCE3CC49DECE75733E2AF02DEEB8CF0E73F07CB32C12DC8CB71D5E82C653FE2DEC2495E6ADCA3E575DF9CB76FFAE35A7A96E6C3A0D19AB55CBEA01B72EC5EBC1427A79F59D06EB39D4987F1EA8B1E7CF6FF9D4C72F0D9BF8FC091E494B2AEABEB396C92E76D69B98FEC8413ECE14C87D79DB55E7EE319EE8592E543CC11BFCAC533FBA35308334A39D01C322B9B888708419E89FE2E827BFCA31D04D079C4F02A1603E0EAA2B7D5BBB1AE57EB6BEBE0DEB82EEA36184EE14B93A90AE8514415E56FE4441CF310F82C343D7CF88689C174E6981E7C3D6CD68F73400FFAE4F4400FCDDE67A87BD9C69D18BB3BA9DBEFE6244220C118A0149638390D8C34E3DAD58555B1C1B4128C58851D12AFB435D3B0455B4202AEA8ED3C2450EFEB73BA6A94F82E70A12211198473D92EC83EAB84F7FD6183CC6AD846D867AE457DCC8251D60F2719ECC472425690312AA7295106891BEC2079BFEB4917781CBDE900AC588ABB07297BC3CC0299780B452E252889EDA98AA5217B5CE510D74C344842E85F9C95FA2AC61D0540A288390B998894A47A76217751279457869AE98E4E1DA3169724DCEF06094D54486349310CC768ECD9575914F0D0795AB7B56EF81137CA2A36E38AE27CED3993D60A73CDBF14E2400AA6981D424F1F6A3A2028ACBFFA15671A59BB6A54F883234A344BA270EE9083A39FAD126E99C920FCAA5927A32347CB5AC9BF4C259C8841661A1C5B2269692892B0C66D38E3529E9491F5526D16954A844555F3FF3A3CC9D15D39A042DA8F2DA784E4A2A35A7E5AC1B587C6A14B3996BA238EBAA5779E7C1D9650B4A20A5EAFBF01955C15814553EE2A707C35ACEE285D141927AA918E5F4D49F6015653FB86922BBE832710A94ABC2CB58554357D5912E65AF31315B51E76854AB7A14439BC3E12D5DEA3BB95252AD92CB1F7E360B0B0D290934CD148466DEF4D819AAB0A6A9C5E09394DA2D6E0EB6B432C526B3320AAF2BB5166690BD5BF6129443C40231298C1565860236444B6ACC225EFF29EE4CB189D4C8FACC6FDF7BEC89C8E9DBC42EF5AAB59DE96D8BCA4F8E4A37A8980B9D393398546582566D9D3CE8E108119AA98A77BE9F72AB79973AD5659E7742DD55E3778525576DE94AA87FCDE970BDDAD1EAB6B45BAC25697BDDDB53F80A01A5035EA4222707D72B66529158C4EBA5665BB4FE1268926A630AC6A0CAD4CEE6952F2A65210B23D8D66DF2D436CE9DB0245862E28B91964522B62D8905A2DC3FEE38C5C45C713066ECC7FCCAD7C82613CE8D851CDA2133772F355E483C218CCEB55EEA81405A2985738B5F6632EF873436AD1AB1ACD71EFB3895687E6F915F4B54DD06945F1074ED3FEFACD3ED12A7CA279D699B1DACE6BE52F3CF9C7D73FF5CAD1651E05AF0BA6266CE98919CB06D248FD09B0CB4A049DC62B5C8B2C14D5B709DCEB8B2B4F0F9744BB4E572396AAB9DA6779FEBBDCCA877109D83D127CA74166C180DF7EA822CD4A0B094EA670FDBE8FCF257C5B9EB1938036ABC3AEF37A208D22C45BFF407ED60F8B3AD182A17CD8A6B4B9FF4BFBE4AD2B107F836FDC4B6C2C015B3AA57CA5D623757C7D8C9757214AAE89C15B6C2745597709F4D2877D383A6ADB53679813ADE2A5D56D9BEDB308FDFFCC97DBD47DFDE83A7B9FB1DBF5A8B29D1BC569AB6D7C96DFB8A8EB7FF8E6E0D19FD68716997C9441E24A52B5D2187D70FCC017FAAB5CD5B71CF305C1EBB8678C065AD71AB963BE43C6F7584D5FF7DF222A65CE529CC39CC1D58DFAE663369337F07D24E74E8C25A305C50D730C8419DADDC8178B10F0EBA62F0C02081B27CDE11E79B6177CEF48B63FCC747CEF19491797093A7B5ED9455AFF40007692FCD9C42319FBBDBD3AE76510EFAEFFF823BBB456D28EAE1F8ACFAFD1BC9F50EF688013933E26B3A38AEEC75B5241E7AF48EEB56773E5403F73DA68A9A4DE6851EF8430EFEF495D432642B0BDE0F6314DD297398BEB7347AD69B32F57F5ABDEEF967E8CBE6B9E5E72DA3E31FEF22778329F7BAB7FC374C75D35E27DDED97AC188CA35F66621F5AD9F40D3384E4BC75C8971E5F6F05CDD2636BBBC01ECAF9DEE037E1F37E6AD5165DD8DEC15F793B0F53FF4783FEC09AE2F4FAC74F7EF0F721DC875EC335720AC27EDDC06F01F6659DF63C81B5745E567C7A662F5D276594677B739028A8E5685D9661E7C7263B845DE8262109A80DA6722B3DE1578CF75BFDB76A770672F5077493674C20336AADC281DD37471F652101D42EE3E677D9C77BA99471FAC7452BB83CE2F47DE5656B98D56E16F87BDC130738E871883675CD06443DE86D552881596282D1B08078057BB48753FE045E4A168492C170CCD77C53E83A0FC76A46956A6DF2451CD8786C385043B80545A83203267CBB927E62D7801E567B4F38835148306DF02C14263B1DA53D48D7687BD38406E7857A48846C373617B867F4B469A4048938556DECB2411AFF263C74537269702FB9375A37916F96B88798988987E72CAE5749DD86602C287D4977763C8787ACC306A9C88A2E667895E88A338079880834DA27708DF24F5C053C5F2560B5C34DA4B88B007760BD383E6BA030D818745F080DC7888C1CC289AB3886DD478737177B66C8568FD252A7680610C38D27E78DCF808225C67FFF41237F787DF8966E86765104086057587770C272E2E57203934F1498666A008FE5778199B65976F529D5F74D3EE766C5C83093847D6F37516C1389F6866DD0A68C65487C71A885FE467C76186C68E78EA2D12068358C3A1755F4A782D367913F879119C966C5E68715046A10C8605B768DD1D593FBA5865A96846EC571FAB77139FF423540E89332F3791D867C29858A6E106F4559570FC85B8EF4615D595692953EF2376C395973726873F7A5854E08676D692604E995477988B9486531495C1D8395A5664F69894FF5C66A1D347DE1E67F2196933A793A51077E56A84FBEC59623576B2D289708178A6A288B2DC910EAA1978919908BA96878F7517D7937317893286796FF8598E878568FD998EAA55A2B2380D13497E1288E38501BC6A55FAF177B26098767A35D854896FD8891F5486EC7865857F899B7C861302841461932B1299BB79103B579486F358D8DF8941F478D4E498905943731A667F1C814856998DE031D9AD83850F89C08459BAF619BAE1173E0199E85098E13528BFDE2006DFF9478DE3999618990DB732D8CD86CC3638837E090FD597808E959A6D09EEE599F54269EF3B93A0F006B0F309BFE0893CBF5801EC98B5D98756918993670A1C278A0184A0C0B9A9E151A9CBE677B0B503E60159F169A9DCFA38264758F6306700A564914FA75049A9931168DD2780E1BE59ACE386086E94B7C72A252589AB0582F08D007101945306A742237902DA8244D126A13F49B47C60013BA004A0AA299B95B91A571F465307C429E494A0DF3E80C10EA85478A8A508A4772478EB7561741BA9A65B58A32CA5A5DA200B3D18C7C119D624AA6D6F94A9355A84E6AA4054782FBD289B59039F9F857FF031FF2A9A22F1225EFD8896B38822FA78B47B79209FF69603609A9705A2AAF948D3CBA64E3C599A9A943D4954A31306DA39963CA4580C0064832099B4BBA93F966AAF0C024F97958BB93A7C86975A1F96DC7F9317F2A1A81EA35EB79A75349A33F429DA3EA9D25C130D5E20729C3807EC888D0D88508E6952719AA11E7A13899A24CDA6E8A6A5A45829E2856446CF56AA86A0E833AA25E619BB5A48371267F0639716014A8E8A75884C9AB7B88809B90A921F4AEF00AAFBF1A424A62AFFBF915F99A605169B17F79A739978574E29BC3C78F8056B044089F395A14094B18238B4EF3A82311FB19140B9ABA48924AF482A21782E56A67E79A65968A712633180E4B22282B18262B448BC2B29EE1B25F89B483F8A3D1FF7A6DC33994179BABAF7991C598B0727A5542AB096CAA28407B13581B234683555C7B62C1E8A03A0B04F45A34ECEA5D5A2B2B8F2A735CC0B6EF981168639EC049B5C1E1A23D352A53A42C568B1E60C3167B25B6EE15B7BDE0B5BD87B616A1B68551B806E1B613920B8D7B99A8A8A66BFAA01BE8ACF6E9B36E20B98AF8B8C4B5B9689A55DA58B9287AB76DF1010CD9B99EFBB95611BAC68815C5157E16C395B053605B683D836B9566CB1187EB12890B64AF1BAB43E15CF6B378A2B297D66A80CDB2BAD4D2BC9CDB3AC0EBA8BEFBBC6DA188B512B09EA759FF8A86518BB34DC6BBC4EBBBE22BBD4CB1B7CFD558D74BA8FB4A2C70099829229AC418B2B15BBD1AFF080226F5BB0681BBEC0BAA357B6FAEC596AD18BE813BBEE2D9701BC167ABCABF1B5B87CA739CBA8B7AF3BB19056CC0A26B65B2525FC5997F787AB321D54D2C297E122C1B142C9F088CC1F6083EAF52BF83B3C22F41C2AED8C2D0A2818291C22A7CB922F3C24318C3B32177A5AB9E227C3439AC763B0C4C92E9C34776C30924C49646C47CD5C3478CC4031CBD4D6C08EAD0A62AE6B76BCA9FF8A845A147A91607C48823BCFD65C5CAC0A9BA2A8B59BA51AC399121E96A49FC4B4BAC2C19EC9F1E2C0A660C7659D99151599D5D19943FBA7F7DFABF100C1B702C4D632C4DA1DAB43A81C7F6C7AA7C2996639860923243EE3BB07177BADD25C7E0A1C8DDC6C886FF1B23BBE9AA9BB9711564A56CAC9A352992611CC79B4C1876AC51960CCAA17C9BE46590A56C84E68A56A9AC90D961C822E6CA58C13E62A97411C10BCEE76CE2AAB48E0860D768585DBC85B84AAB7729C5C04CC57230CC9E7A17C7BC07842CB11CF9A1997C71882C2FD607CD87B50BECE7CDDF8C8132F7CBE37CCD6A50C6D4126D50FCC3E9AA87E43C20F31C34DB60CF18F3CEBC17CCF4C0CF5FE3CFFF1CC5AC1C78FACC1605DD3DF59CBB094AAA514658F173204A388BD50CC3F12C2BED675A1F4B8252BBBC1BDBC98812D0F8FC4E1C7D48C2D19A1EB8941EA6CC1C3C633BD4B19BA8D1A5A9D25779822C5D8A7206933E7DCA94787D1467D2377DD262BCD33CFFCDCBF9575392AACB7F33709069D30A7DB939DD0760B80C648935F765D17F39CADD1B81538DD215DC7B4A8CD5F055C9C41AD1211D889C439C7547B3033AD6648DB8484D8FACA125750BBE544DD759BB3056AD0987E0CDBCB6CE966BD47DFD8AA402D8169CD508CD1F478DD8C931D077DD0C855BD8A5B4D8C291D9BE30D9E9CCACDCEC4C5BFA6B90E369B43424976D1F901DD982B7D90A75BEB720B91B59786B63B33A27DB6B5A01A0A1DAAB3DA15BF1DA05E3172D1D9442E2D22EEA9FD2FC43228D5CBFEDA5E55BC887CDDB18D7DA04D2D94214DC30AB9BE8B8A778E6C0518D0C0C2D68ADEB42D01DDD0535DDB6C5D1AB8B928946CA8BF4B4BD19AE2C068F59FF1CA5735DDEDE85C0E9FD08EBBDAC2FABCA13A8A5A23ACDE00DA8A2B5DBF71DDE171C124E0167C599CA02797550B795DC7D9304DEA2BEC8D7087EB630D24B1DCE4A7FC2E0B15883A125BBAD71DEF670E25C91C3A8ED4986D13F8B35E29391C09691E21552E3FBF61D2CFE48FE83093AAE69432B48E2ACE13084B73E7E4717B1C246DE7A791C14073EE46EC30CAD949CC8BA3C278AE439C1BCC8AC1F4EFEE4AECDDCA4167536AAA6843338367CD09094E15DEEE53D8B5D9FA9E42F02BB65EEAB9A8DE6F6ADE63024AB6B919C4EC461561ED85FA377718B235C7EE76E93B525DBA9D658B9421334C9D7B9166ECD851E4ADE432FB8BAA78B2EAB0503E7E140E892FF8EBE940EE6C74D94984EC5E2ED6A372E53D5EDE98C6D8CDBEAD85C7ACC72BDEA0A3BEBAEA37A48FAEAE66BB83258EBF0D0EBB6AE7AB9FEA2C7FCE690FAEB6087EAB16BA2C25E6D6D5AECA872EC5F1BEDEA349DCC1E5ADFF8ECAA3EEDD092ECCA8E445DADC5034E83DF1B918988EDD9D1ED81A6EDBD2E1435C94EB4CDB0E2CECED0A980A8BDEEDB4EE4F84EED874988C93AA446422E63846C52E7C1D0882DB2F565020F3CA354E3A65E44E90ECFFABEEFC6586E719444921C5C282452C92B3F67576F3D04D29341730E9F3AF72EF1F97EF2329CA61D84A332F4AA0578F181495D4D24F3CAC98CDE12F2CD8EE3290BF102DDF3DE4EF1E664F12B14F33E342CBDFF7541491FF32D9F8CF5E0DCDF6DF229EF3A3F0FF4B20A9A802575CC789B4CBBBDB7FB7165F42E06F883648473607A14F44DE2512FF523B3F6F86BF5D33CE2CF4EBB86FDBB79BBDC90DEF66D9BF7E543EE1B43F23267EE044C017B8F0B4DE1E1872F425B8BF88BEF1184EFF86B57EDD6AEF3272CF993FFF8979FD8DF5EF941AEBE9BCFF9988FF93021F795F7C49E5FDFA00FFAA25F70195BE5E9996B50F9F0341E8A9E661D5897F3BB8BFAA8AFFA3DB745634EA77D4FBB1A6AA02109D665EBBC8C8FFC93A0DAF45780A32FD6FA4B7534F3AD6295AB5C4976DE17E607C8E2D7ECFCD976D81477AD55797AAF7FA3638A96A8638EB2075B031F56980CE8A6DFE4DFFF9F57944C66C848FE5CE8AF10DE60B835AE2FB8F15B4C00F23175B9FD029093567B71D69B771C9E501CC9D23CD1544D22CF7DE1589EE99A0EDA0C1476DEE877C01F6455341E914945CED67409873E69304A9D5687BDE8956B6511B161EE18AA3423984EF51A16C469DFE0F2995EB72BD36CFD9EDFD7E336DC70D006A588DEB4EE14171919F2FCD4E00A7FA0ACE2280BBD1231090981260D113DC1B2482FB71A571E21596D34B72C51536769EF565B717375236F25366B81838579769D7E4F8E1D928F96939A87177A8BA72D5E0DE5AEA1B5B71FA4A9BFC18B01359EB9CDCF4BBCC32FCA43DA49EDDE53E4B7D5D77505252B41E8D1FD6DEF0514886B9C8E7F07FF118AB037B05F4287D0160EF4630D4D98860F312293B891A331691733865C143120489127EB90ECB8C65A255828611A51B992E6C6821F62E60C36339C499D3F51F0AC7903933E6CB280268D369469530A37D9A1F2A90C693A50481A3E937755A6D3099FA622FB52F58BA8A25E5EF2B814969B50AF4F94C64DF9966E47A8D5AEF14B29131EB3BD24D8A2A1EB7256A24CDDD26E321C4BCC4FB77503C9958C0772E5921FF3869A746AEDA1389F8B42E85C91C566D3F9440F320B3A31E7B5876165929D75B029D19DBA2092949AD36DCD6343215D2C664ECEC796A34E565EE43872E732EE56D0FB5248F543D74B9109EE08B60FEBD9BDF79D0E5EFBF72B86A9AB68FFBEAB0C632AEE2DC6AF381D2DD8D9DD4BA1EE1B73FD7300819753AA3FFF08240733FBC693C5BCF1E84B8FACF944410F3C06438323B3E0AA332B9BF2D41BB095F6E493CF92D1D09A82B1B4C6108F92C60014C643E45A0CD0B102699CE840DB16C410BBF03824CB3C07790C92420B2DD491BC235F01293A9A08EB223BF8B239B10A2941DC50C2EE8AE3AFC61AEA8BE74185B8E24B2CC4006BF1C52D695CF2AB14BD3B8DB70A3DD34E2DFC7A9B539037F7B92FCAB1F2446D0EB0BEECE63FAF00C56DC5DE4E24F15014AFB22FB5FB28DC6E4398CEAC2CC104F110735255FE1A21C64AD1F44F4D5F360526CBB6508A00D43D622C6C240143852EB342E7C4D333D554FF0B4D570947A9F3B5D3F8F95552FDEC44D494D9EA4C27D6656FC0ACD45A4E3927CC875A58958D565DF5125666E10231C76FB14B723F5B273452C8B2E6230D5C2CAEDC51236EE1F560D4FF64AC57D9419BC2D6DE54E3E520D7B3F624EDDCEFC40DB44DD670DCD1CF748F1A5843C5807CB7DF89D97176DF8B1DF92A5F8C395E8A6276E8F556617387244E52E0305D7760772F0512D3204D56F2E399BFB2381D467E01B0C8A94A74F129A61C7D361A810D76C437A28B34914E19ADCD97D41283A5D5B57FDB9473B52580F515CB5D1156B0353DFF2437289A699E37AB578776266DE68A1EE9E7A14EBD59E08B9A74B9E19E976B1AEE35F51D536817F925FB63B38DFF9D5237AD83C553CF6335595C585DB3409693AC1BF3F96D2655AC552DB159366A73149718D9E4B667249B09BC779A16A2BEE3117CF01BCB6D5744928D36B2B848CF3D8AB0F7D266DD53E9E07E13E62E27DD99CFB9936D69B5687DAF47F0D33B8EFE07D729269CD73BAD6637C25E1B361CEC4771CF4D51A5D5751E78CCBDFE7C31BCF52934E9A495DE3AC5E6B5D17BA534E8975E5AEA27B65EF4707587A4B5F5E87A273B9994429418F35DCE2E997B9293429739E2CD6E3B4D8A9B64ECC7913CE44F7F6DE15FBF08A7B9622DCF571641988662D3B8EF3D0A7226DA95F640813A5A3C228331B89D081D3740CD5D4D3CEE43D7E8FE96941A3224399C3201073B28FF980FC22B84FE40E2196458980FDC2F21BE7BE24E068713B6F92D89A918E212BFD144271A87748A58C517E5E590BE9949376D74A31BE7D23F83EC6C71C5DA611DAFD8413482511C1F79E31F011948410E92908534E42111994845EAA0815D44C61F79F14655C8D120105C59ECC69547FDED918FF8B0992303740B4E920394DDD04D4F0E07181046467C542B19799857CA468CB2931FFAA42C31480E0DE2F22CB40C442A33C6447F1DAD802A431E2F0152CB5089119971E9852FF1024A44C0285AD3E3963A3EE189482D4F85F06BA619A0A94C3E34B19A8551DDB8CAC299EE45CD739A9C47206C92C469D66835C21CA6A9BE194771D2D35917B4053A013A3A0BFF2AB0726AF49744CA19CA795E735EA24A23B4F2A9CF7D162884394310ADEE4891E279EE73B61128A3AAE2CE231E54830905CA3CC339D136C025A2DB5229812A1A4128412D3EBC0AA02535339AF368937B41F42049EF67D2902C54632F25D40B44DA52671815A6FD9429057DB853A2413596047561DD3C8A116C3AA58D6A3C2523990AB4362892AC6535EB59D19A56B286F5393185EA5B9D544008B2CFA303AD6056A9252FC87475186D442A5B6BA292A42A951980A5262B45D851F7504EA3C2EB280E63C842E111897153ADA25EDBAAD64472C9B0769115614BD7D9BA3033285C8422CE44B290946651B444FC2C688DD3DAD1DED2B4EE409BB686FA04D97276FFB7EB100A4667784E83B1B3AE108AE1D20CDA5BAED216B6B9D5AD72570A5D6AB8A5B1B30CA8D05A7237AB46D189D2051A739BABD5E87A17A8E4CD0575437A51C73E2E6C58E35EA38A1B22AC961122E6651278C39BDCE7DA17ACFC65C5637A36D3CAC1C7A6707D1F0FA5DAC2AA8AD7BF36B198502DCB17CA7ED47BF4CDE5781BCCC00CFFA109013630B97867D9992ED8AEAE0CE975F7B76181B8F56F66DAEEA1DC4061E90956C51AAE71878D415001CF955D2883AB8F659C5DD0E9F7C6E060B1EE5209ACE31253BB5372B29C7C3A9999ACD69EF8A2722DD783D1CD983068D54DEC71B52CD912FE6FC1792D322A5909B1E17D787E2CC34683E853668E4DB9C839FF5015BECE8CD91C6F516E9DFAA773F33C5DA71E4F7D06D6E96FAA146317B679C633B8F2B2EC3CA8477F70403C3BE26DFDCCE0404F83C554E2314E2F7457133EB94AD1FBAD72C7A4854D83EC5AF9A5D4AA39FD6030DF715189C24F7BD5196414E7ED06A8EEB3AA615DD456BBFA2493B62F69F189E98E51B7B76502A60082ED8B7112BBD8D1F6246221624679F256B6975E80B5CF94B23EDBF64A3AD5CF60356DEDFFE297DADDE5B6689110ED4A79992A0A49DF70B2A754639B17D9ED3E088077FB4850041B541471D364B33964A8256AD75DDC3779C929DC061CC3A23FC41A840123EACA4AA5700BEC756BBDAD0058AF4AC83BF6F4BDB71CE7C8B6F4E1DEED74FFA6087D24E06C711FBE2971F7FA6A0C908F1B01ABB6D682C6B76385A39C45FA56374106DDD325E7347D311FA0E4A6965545173AE639F3F8C73B7B44146EBA69392ADFA7DFE7F445973A9F2D976EC4775753B1632F8ADE8C859AEFAA17A94569E5F5D579D68F1068BDB91D36526BAF9D1A744CB27FD3ECD025ED626FCDB90BB57D6E7D5FD4B0F263A51559DDC274C832BCF37E66FBE5AF55E826F2D1FBF07250871881965C86F1705A6ADE053EDF06C46224F06E956B681E1FD9521B610BAF5CB4AFD73415DE28E3B84247C79739D72A8407F62A0F4596C4DE5330AB337BFC9D91DCF7B6DF512EB6177F2A0184300B7C61927BCF6F5C43CF475F19A05F37B667FF8E41D4661F00DB5F96C013107E7190DFCCE60F3DBBE95F3F0AB83F56F156F117812BE374E8F160469BC2629B5066CBE400B95ECFFEC609FFF22FE72660B2D443EC1E80FBDA66EB3AC91C3A6CC8F86C9D9E852D94C7E69A6CBE1AD001FF000223F004ADAAB6CA0803D924FD0EA09638D0158463E9604CF128EFF470E37170A8AE124ECD4E65B0A66FB776AFB406F0B10AF0BA2006ABE6AEFB24CE1C9840388849367AEA606A2D95FEA3A12003E764D00068901B3A70CC044C7616B0F49086D05E26D1C263EED627C2A005051F30CD1AAEF99CEE6502C50CA74E7E6EC8FA2450FB242FC13EEDA608ECFD7AC9A2A2250C51681EE86B0CBFEEDC1A8FA66EAA7652FF68D4A42EF284100FFDC98BE49055928EF77A50077BA77698A7EE6A2E07D70E0ED1610A0371445E286020F10AB63054422EFE36D09B52CD04C630ED6071102791070991E340AA0D5BCFE0AEAE133B4CD678F1ED5271877C848286F1FBDC30FDC66FE2F64FD4BAC40C13C849848D466A11FCF868F170B09CA2260B1F860BB508B238AAEF0E8DC90066E662B11C8F4F018D4F18E5EC04913119D16FAE0E2DAA8EAFA07E0CF28831135DAF1A8309107F10C60E2EB1C6CEF10E8616AD22116FF111A191CDF8C1112348CAB0EF18F3B159E8B022A5AAF4186E1453AFB8BE4FE33431DDF80F228D8006512F1ED530E828814B262E94D68F233B123A9491F782F0154BFF03F85E72BDDE8B3814F010936F86AEF11F60108E48C02529B2179FF2A6A4CDD156F0DF72D223F6B10EC7E826896C25D144EB24321CEDE8CB1C72010BE73DD0311DAB32C5AE924BC0CB2079CEF200ADFD0E6229F9AA2667700329B1111C11E3F032230D45E6F230749C9002A1102E0FB22D1D4D05D7528AFE6BA22A302FC53209EF6017B5D2B6EE70539A410FB3F0C5BEAEFE145327B3B231FF10128AB018FE92A7C0118C6A9026AD0407A9CE19230C7590EFCB8090049BF1281D333445939448530A09629F2E4E17F5721BFA921E67471BC9270603920D4FF2070B0C315980371713B1724D009DADDEB433EC8E862CBB464B8253993A81071381FAA8480D7DFF92E902661B8331D45CE239CD324BA45389A873AC3E9239612E193693CC4A101E43EB31C5D303F1CA08D167198F074AA292E22AD2397964A028EFF3EAB3038E2C367AE55F4A51AE6AE535FC930D33D2ED7422834E3317C6F32F814DB4F6CDEFD6714490AB289FCDD6E0A7F82A512AF86A3E212042EDD33785F0DE02D28010542077477E9AEED5CE2B40AFF00A65EB4453F3FAB8F2B26CF4093ED1F76453E818851D4D11C188E7EF7453FFF0210C2993015AEBE1F4F343958D499B5442930E814C6EC074ECC43CB3F5823470B674328BC04481E63781B34CCDD43A5934874CAF51C04CD1AAAADCF02D59DEB4DAD8A338B37335C3CAEC6894FE42D4441933323FFFC5BA3E94D3E4D4DE50C1B00AAF51C9EF513BABFAF0005BACE8A42C95357F4D515F2AF79E103B3DE59CB4E21F6554E9B6E73FF1540722D54E93491C4C35226D91A9A64FC8B4254CB75320DD34D4C0B3560D64347115294BF583FCCFA88AD0C31E4F436BB39ADA0357A68EE33814C80A35B590F5979475593971BA96E85955EA34A55512D3F498DA331A914CA30ACC50BFF5037692BEE8C12FD7863BA7F53AFD103475957F9C4D03CF75AFA8702C6572F4368E58728A0F3FD343636B5EE9F53EB94B4CEE953F8148125DAA595D27E44A74A242B4E4D013ECAA8E3D7D34BED8245EBD15622BE63E8FA54255EE0AAF3530274CE3040F3069F55F37F65425739F1EFF75557F45E8ACF54F1512F5CEF0271DAB5BE752656B8665B7715DE50A41B75545DF11EE48D5C800162C7B559C3C7554FB1533C7545E9576697154A6A24E64D7B347538861FBF30B8F358CA8C75CB10C46704654BF166CC37616C7B6692D72644DCF64ED2A0639F5777AE26D334F993C9554C4B534EFF608D593875CB43406F5B1D4D54F5513F0B2942DADD670A7F270DDD63902D7DF3897AD40152B2EB774BD5688EE217443AFA854F750DB2A7115376C47172B7446DBE4029A5A97C3A612CF0656540C9355C1E46C84312FDA07569DE96E9FE2566197324A828F4EA71B7996A25A502EFDD0EB5012E73E572190576C2B6979E3B079C1E879A1376EA5371025FFD70AAB15BE28B43B67D604E72B7B05657BF1B67BBD7737537789F0C7C63A2977E9A51575D46CE36B24AF773993CC662B557EC58868E5A66287ABABAE9545D3F380C1977FF2577FF1979E0AF61C9D16C844127C5A10582F934C91979C681678CB64301BD61E47127E13F37EA96783CE877CD3644D9F524AF3CD182FD65DD95648B797842D683726C79502104BA2D364C76E182578829FA71A98787FD1C467F9F471611688D5942185766A8F1781CF94CDF6365D4E6E78AFB441EF114E57CC7568A889C37799D0460497F46695B6A21CB7691D126D01158C39F811BFF861116A89D1D882CB26569A270A4D189C2EAC87B7D86C036F5DCD92D1E02E8C637313D3FFAD8CFF98D562F88521AD7EBFD79023033D1AA707A9D51D31547D67F48A07B86B57D1B366E68CA6C8922F1993ED777195570ADB9887F798B528B99227B9955D7996E4777ED532556CB76A35C896FB1897AB8789D2B06B27965B27CE81810F0819908C61395C77199CEEE798FBAB98B19959BC4E781F0985D796D4A6B76DA7D937ABD96DAEB91A346B9DD9B99DDDF99DCB4B9711705F79E38486B893A76A5B8F9858F57884FBA91D4F17653155098DB54F4C37926D229ACE199DB3999B69B84737D88B8BCE78C358E570519A65F7494D0B922911637107849926B0147AA173F596AF098B7D314A41B28EDDF38E916CA293B89C2B4950CD910AA998D604D46E72FFD85EC0543A489AA1B5D9A1B13139BB78911DB9665F9A9FC939A3D32CE53E93391598D19653A0B8E9A2A56C6F9EE2A7CD6895FB674FF07968632CE14EB665D525C948F96F5978097A7942595AF164F4E0F4551CCD0DA6431AAB11772CD59172B4BA4683FAA4F9639631FA8D9F74C212F9E942D61EE5AB4DD35A629824AB3D936A179BA7FBDAAFFFFACF84D99F99561ED507A0E92E1615C41FCB45A9794DACEEFA7D0D78AFAD697C4108B52D6FAD6399522DBB5E36B5B42FD483A77AAFC5B76C585BF9B4989AB30DB724DB69FAB7200BF6A05730B75379B7ADB9B7CD59B90B8BAB86FBE6FC93B523ED792238A077984C08FA45CF70993356A67FD9B92709BA83FF0671F41AB5ABE585B3144339B6E93E7A9C475B939B5BBCC77BB9E81B2B78D774506E0F97E652DA69F090276A439896C13B39F09590D9B52635984E0CDA94FFE157233BBCD252A8D54981E90A7BEDD8362BA8AA55F1765DFB239108DFF6B384E94EC6DC38B0EEFBB92998E83A9B4D21A71F8D377E4076C0035B6545EF7CB9AC14150788C55A87F35980239CAF0925C5BB82D28214CE00D2612708808195A32FBBC0A3C9401BB48B39B924A716C1220FAF833CB5B92AC6115C496C6F86689C3ED5DBAB7BCF8E1E145160DC50DA719E5D4F39F8F75C0FF9E4466C8EF9E48B4DBBACE93A600909A8376656320D09615BCCC79CCBCD1821B836B8E57BA61F1A910FFF5B9C5BBAA0CA0D899BF9AB90EA2EF1FB2DB211E1FC91B85863C12117F9E63A43DDE733FC5472D01C57765CB37D22CE5DF3DF625BB63F1C4729B70AA1768EF5557D0DB6AADD3C6E88EA5A0E3C7E871CF254E695A69C76120693885AD91D689E43EC92D61B7F89BCBE317BBE534BD97E7DDD4C225AD356DC027C6418EEEF8CBDD10FE747D4FC846A6A56D78CDA0F7DDADF89B9E9179871EB0D7C4B90A753D341AAD86927DC297ADF83B19814DCA59F3D625A5DDA1972492199B8501A9ABD1BA105DBB71D8ECA829D18F07DACCB36AF3184F51436D551B4CE87A478B9C6CE47284EA2DDC8F113B8639314BD50C4E19BC099DADA4B89DEEFAB1CB8DDC14FCBB837FFD2E6B35B7B4D3E6671331FC611D51F39948B1B1501DCE51F1EE6235ED337B336705E15ECDD89A25EBBD5C3E0A5BCB01DDDABADDC72B9BECA1576CB297ED1B548A0F1F2000DF6564CBD3368BE67F57330DEF9EDE13EEEE5FE8DACBE5D11F9608D3AC301F7CEF77CA9939ED18DC8D24A59D2BF64C283CA6386DDDDC7A6E7C97D47D1D4E8D9555AF33EA7EDF6E501BF68BB3372F85B832FF180F6C3D767F8DE135FF147AAE76BBDA6FB74B122FF7AA606524A19EC5D9D67077BA53FAC91AD741E479D10B624869C9EF44B7FC52B3BD6FB19CA7D1A2A375E45472CF2A7B79145FF8985BCCB8FD69C5E15311E06045188B345B8DD839F7A5117DEC73E641574ACA5FF5AC0A9167462BFF86BFECD6F6BC4CB3E9C9BFCE94B5AFB7D5F70C5DEC067B51E8DDACE49ACB6018F9D94275E082006A62EB73F8441D049AF30D7709BF50672D58679E63956675692ED6B79F38BC1369EEB3BDFDB4124281C128B4600CBA75C329BCEA7B3239DAAA04CE031ABDD72BBDE6FE420B19295C9B2A9025EB31FD8365C41FBC5EA3096AC8EC7E5EFF69A1420494AD5470A1A62D35B1C63E3592264A4640ED511D5E462A3E62667E78298C4E3A4E2E804A8276A6AE75C9A9F6B9FA19D291D6D9F4C212BECED0D6CEBCD68A9AA7051EFAF594D996915CD94A188316207634762E6F035763692B58328F077CFA9F6387998CBAB6C3A7ACB9EBA2DE5B9AEFF20EF3C3478743979F1D33EFF3CEB1F17DEAE88DB44CD0AB77C0A176E29E8E61E441F091952BC468890C018209CFD3983EB6288432B36C642360B10C9811115551C56EC16463A2A36361B192FA3C97337113A4C5568C9C49642876E23A672A5A49E44973AAAE60FDCD16848210565BAE6A5BB5A59D9F109F9AC9E337951945A8CAAC62ADA8A64BB999D0A656DDAB85CDAEEA04BF72DC4BB6E29C99D866CDD419C07DF7DF035E7302DC304AB6AFBA98371DFC806213720B9371A65C99ACD5DEEECF933DFCD60B0AEEBEA4AB0E27F2592B0D65937B3BE81B045D36E38FB935ED0706BF3FE04FA37F0BDB77BCB19A98170498130D3E1F28A02E68840F478ECA668FFD904F1EC5787E30E2E91BB76C9B9BD932F5F37BC25F3F69CBEDE7C3D03FAF859AA0779EF9DBE7CD133ECDF6BB73E4D60D2F907DD5FEAB1949F10E3F5570A75BCB1862084618057197F977110218288B985473FAD68E8CB0A1D1568A019188E412252F8319592892D26A0E21015AE04A38B72E512020AB24817A24DC915C6CB803881F8A358FFA1185A8DC51D99177A332469228D313A06D5854FC6772360596A89D549BDEC37D36032DDD1DC92255A8980826586239F0C674218A511812555A59B57EE84DC96C6A9A35C4058B6E6219E69DE57A7A06AF231215A74D6D924A296D4B498348B662824615D6E851AA07DDE691A9FD31969287C6E160AEA591136FF2AE950706E4705ABA8BAF8E50F319584DC4C1AA5F6633CCB0C46CD870091FAC3A232FE4ADDA9AE1A5BD6B1C98E33AA67CCD635EC63A83A4B62B1CA5ABB4AB5D76A9B20B44362D22D92C1826BE6B6E532A4AAB9E99E382EBB5365EBE0B4C1A1AB2EBDA3BD5BAFB9F1B6BB6FB8D2EADBD9BCF80A6CDBC005A7C72FC2DFDC4B9CB047066C30C452463CF1BA6192E25A6EFB71FACB61B526DCE0B50D9BF730C525536832CA68BAF6D44E2C93C6956A017D1CEBB622034772CA39E39CB3A834D52202ACD09CC4638F3E8F28889F2DCF8C9DA2C9DA0CF0C23C97BCB3D449621134CC9ADA23523B228DC9B57260A6B4341F72509DDD949F355D35DB8EB62DF01BBEEEFF628CC7897154F4AD1C1B2796976403CBC0DAAE3E0D4CE06F1B9E60D48733AA24DD000E22734E1E46BE55AFF5FC3B722821A74D78E18A7BEE46E29FF7668DDCC901FD95DDB3D64D77D07B547EF4C78C752EA99C91442A3AEE88E7EE74650E477439E652863EFAA3909EBD3BCAC7232F5E42C0B3A7B0DF65C7A93CA3ACB6BA3CF612677F6650CE47FF2B78B36F3F7EF2C3932FD45ADE7F0F6AA3E29FFF3EDCE6C3BF1064EAAFAF66B5EECFBFBFE6FCE74759E92E361E65188D1D8110D0A7EE57AA2390C87F0EEC0BF51E980DFAF8EA29198B59E384063B052ED0080DB48DF54228C21192B084263C210A53A8C2155642825A88A00B85319B007EA42B60F28A65FF9236B93F25707DE009C9CAAEA09525CC858346945E0CA79744DADC86867BA29CD6C262B9E7A0CE7E0EDB020659963A1E14F1885E0CD5128900C3306A82464EFC5AD7F4541A4FF16D8B152C050B59150C2D144863450309808086C309A0494556FC2279E487BC3192310EE1C3D8132597C1BE6170682B7B231AA60087E221048B1AF403D84E03C53B20E185803CA2207747C8426EA78B52A4550E79E43146DEED8EBCB2580FBFA3BF36ECE84059A8A38ED4481A02BDA28F0793D34FBCF6C74F569294F509E503C9D3BBFB40EF2D52500825A345C7E9046A91434C23183B498C46AE4648C44411327137CA647A6799CCFC962266598EDA61679AA6C391E96892FF4A227DA54DEA7C5116BBF9B86F2E299CA21BA7039D13C90DE2C09CC4BC5D646AF7430375119805DCC530F91905631E93A26C981C42086A038382F29E898A8E25D5D3D047EE0D72120DA4453397D22F44AE863DCAE3DCC262816DC46D70ECF2A866E0F4414F5293526039294A577A32A176A1A59BC454A5B2891B9B1A4A1A0095CC4EE7A346BC394EA340B5105101E74FFE19158D32B3C52A495094503075648A02C256D38553CE5C75696955DC53B9AAB7356A92AEEF7891F0224A866756064DFC23995EDB3AA3ACE286B0210D504AEAF933AAE661ADD1541B5F252007FFADD537829DD95B0F17D7FD51C72D6C782C9570BA88CCD6ABB248B82C660DFB22D2FF9EAFB35329632D3183D0F97C2286A2456DEC54EB4BB2C6B1B7BEFD2D70832BDCC82A4099A810EE67FB9A4475B29241B17C4C595D1B0589A41313BA1DEB43708B306E18D76ACA0DA3FB1CE9C8A448C5AA17732E50E6A8DAF46977BB73616D7826025F88754EBC40C25ADD084840AFEAD28DF26C9DAE8E2336364E7557451AB08FAE705DF6B6775FE1D3996429EA90A131439F59A3303D68E5A943C9A3C2FBBCB0982C7C1A0C23069B59E3C782AB12D8065BD76D2953F14ACF7ADFE3A4CEC320D63024614A63C5D8984087C8E48D03641A1BA358B70C7668C7A2CBE2A458426AB223EA8530FC61125B98CA23DE308F1363E51B8BD8BE1916F1874534C01473E6FF75455A72B3E254B5FA1176C7AEFB2F10F5C40C4B69047571BE5B80FF21B6F19A9897BCD249EBF64AE6137DC8A768569B18E7CBA6181976BCBA09A2BC86A56827AB78AAEFC4F2A137C468B66566D226EB10D4564C2C68795A6795C6B486330DB004B56D865915B5AA056DE4539BF9A7B11EAC4A39AD6628DF1A7C83CE2E92C3066B34774FB34D16EAB07B6DCB469F5AD9F8638BB1691BE3F2E26563D4AE6BB5932D915F77C3D94DFDAEE11E9C52415D101EB633F7409F8BE859B3D5DB57AC2D5CE7326DAE9DEE4BCB51DDD8A88AEF7B07F8C7A703E27F0B4D2D6E73D4DD061A6DA94DD585840F2CA953FEF2C3CDEDE1D2DD0820A97E8747CCAB1B82030EA3E8FF54D0E6F65A6DE99A615A7113A717188EAF4AFDF9E1440EE65FA0E3631C6E18AC61FD9A22DFBDDE4AFFB899C980B4C809775EDBF9F59F5F507969E199412E8719D0488B7995B5ACC83FBD0CD441DDB9397AFED23C67383A6EEE37D46385DF7A3BC7C0046EA5D9D9F8EF040365B3B41B8D8495CE9124F35BA0B9D2C59E3996F74E59ACB164D236C8B03E868A47BDC710EF30D0F30B71A6374EEB628EFA89AF3CE6DC650BE96A1D2EE633AFF9CD0797E3BEB1379FA56E781C037D352DBF89E1E75ED5C70F42C8438CFCB23F57796302DEE0D214FC4308EFF2C2EB13F14723F2E2B7BCE513FB1EF6A15F7C91519EDC42D6DEF6486476D6A1CEF578EED88057C633FF8705CA75BACBB9C67A26BBC5E33C79A34F92F9CE07A7E78B03F81CFFA6F9E492BD21CD7FFE83A71F9FEACE8B92A9446AE5C71FBC77B690B0A8847E6D8AE92596D5D11FBBADCBFC9587E5FD4F19F91FA6CD48E97D4A1B89484F9914FA2560762D2003929F2340A047801ED6E01B5884E073C8DDD969880E6D5106E25EB7716007C29F412CD13E381C9E64897F20551421901E50D1094E600CBA60C11D0354CC5F035EC92A2C172EE5C97D31871BB903995CE0984861DEF453FDA98C16099DF31D617C7902171A4B05DAE0261D1F13661C3749E181B1CF159ED6AC081B82C5029CED1B1066DA17A2CD71D9D6FF198DCD699FADF98801E6A1DD5D5AC4F9A11A6AFF60B78DDEEB2555EAB1A0B2D5E1E8A8822312CAB5A55711FE0EA944E2CAF19CD4B5E105FA5D74FCA0C62D1926321124BA10B94D575EA4E225AEA1F085980A369D19DE5F838DA27EC89004B9DF02D2A2BA1C59C0E1D9BD01C6275A1A2E8E8B2E8A87453CD0309E5F31E64BB331A032C69B4B20230C0621F429E0396D61B41D23652D1D111E43D7281EF6B1D832960B834DA3BC64A336EECF99756338841D8758603252639B35A3396E5CB835C636AA5D1ECA93D29D113CA5617B8D63CDA818E715A4411E2442BA5D8DC09740FE4FCC88E11AD190CF744914E25643F68F35D6639ABDCD7C5D649354D9CD41E44FED523505242B6AE4CD70643E78647C419E0E46FF24222D12406A174B3A0D3DA22456B51A34CD8FD730D69D15D08CD1190146605BD5E4B19463C8E19F005297EB69D2008A9FAFE91AFDC08F15E94B3C5E5D3502DB1CA2976CB4231A9EA1C059A154EEE4FBFC91C989E2496E8D08EE63DD791CD1C4D3265E1F40C6629918A55A584759E2A43D0A61C75D12446253633D2113A204388AD747F4A4583A594BD8A57EE8E5BAF1A56551DD51852437524E149A9994C5E255B693622E26F96CA6BB31A6BF94D94BFEA513A68648DE4A05CAA5D2242684A1CF67FEDFD0790BAE341DCD4985C0E117A01CA0A619A239B91430DA9B058A5D8EFC64BEB5922082D84BC9E263BE266C6ECF3AA65BCEC11E6D665BA71089A185FFE5464226E304DD6CA2932A7E5B67A60A74D651621567A0D1A6D5C5C41B2EC39DD891648E48B28926EDDC6416525778FA9C783A2779668F6EE68989D519067A1CC6714A895DD84412E75632896FF6A563E6247FF6E7F2C4A79F19869DCDD57A5A28CBA9E6E3381A44A1DB7CA6E5830A07CF38227DA64518BAA3964C5DE9655249A62057ACE64CEE6556BEE088F6E68BA128F68C1D1E616738C6CADD5D07BD295645BAE78801E52F32A77AD5E86F364CBCD857ADD5196F46CF89E2A38E0ED2B3B895BB0C4A834626109EE557FAA8620DA80F45A85554E952880268669425722977DA1F850AC85AF6E30A768CAD5C9F92B60B9AA6E39552DE8D9268972A8964BAFFE81866D9A6580A451E2728E5684289D29FE22893F6659C16EA8F02098C8AE98B2E6AF2E4949F2EE777CAA7EB3C8657AE5ED521E925EC67A47AE913D1596ACE5598CE0DACB62607ED692972AA38F5A1777A93A311549F114D158D6428D2E83CB2D561AA8EAF76849D859F20CAE882E6D6A7D5E23F99A7ACF8282706518724E9655EE785D615620E5CA0DA5FFB492020D1AA4F90A2ECFD24140528CE61DB51C1E82CE8660EE629A40E6B46364B7E7A11B97A616DE42B340D9994EED08512AAC4ADEAA11A5F88541068F2EBABD8E7A32ACCB3EEEBB976A28A3A1C8BFEDEA5B82BCC540E5DB660AA7667C3F6C7D4308CE7F02828D6D3EAF4E36DEE4991EA216102FF5A4D24AC887E2CC8520C4B2AECB26429A9A508AAD2EB062625CEB2602A3D426C65546EA26BD804EBCC4E4C4DDAEC04FDACA4B5E9B37D2B16B2DF7DF68D378C0ADFC067767A93B0168C5D32AD45C8ECEFA4256B9CE73F42A57A6E107BAEDDB26A6B0DF661882A6D17869BD832E89B62E1A589A1BAB6E5D50E4981C6656052588282A2BC125DC48826D8CA50DD266DC7822B52AD4E7A3A1DBB4A2E27C614C67AE8C182E8391EEEA2B59AD10A513AF5EDA80A53712EE701E929D9BE6446502CA61889C0B252D2BC2B58CAEAAA712E127A2E156AA19A8EEED9B12688ACE979482D1B525FC9DA5C3F3C143B0D29C629AA91E29DB2566473365C86E02E0FFD616160FFEB3C35E10DFDEEA5C6656546E5DD0EAFB56DD7966EAEC1A069E27AE112EE52BB6219EBD6A980D61C23EEECAB316CE1FA0ED4A6E4F92ADC9AADEFF6B56F2E98EC71F2A05396E0FC466DF8026F23D2575AA088B43CE4350130046FCD5046694C764BFA6688FD2E2E3EEC2F5A3830ED7CEEDE516C301920ACE6DB37BEA36C7EEF2A0AAF02F75A062F5C5C7C6E164EE9053CB02A3EA9CE12A388FAACA8A25BE9DA26AFDA10D7FEE7DEF8B09BC2CD0CE7EEA7AA1B0EE39F7E46F1FEB930AEB2E974EE2A0526A2AF32EB74EADCCAC9C512E2CAF67AEA7E89B174D094A870B0C352B1D098AD2AA1ADB55AAC1F0EB0DBAEAFDDC0AC8B749730D831F1259269B24308ABFFF192F2AC8D366F56ECAD4F0E2C4CAA86EC6E5D65E2718BE8B12AF0F1098FA96050267659C90BDF5A0CB3C94DB25CB2C2715709EDC5C6AEC15E2F49D5658D48722A4CB0E37D152CFB015E710F0DB363C9E985B2EA9D0FBAE54DA5EEC5625222950629AFE8E5FA2E7542B289581A9BD2053688F02F4EDF9D52A669314C3E39975DB8E4EB706BC274F295341B34EBCABFAA65900A2C211AADF3BA2C017B3186B8EA323B413347551A5F526DDE10F606C95B326FF7A2E6F8820B372F4EBD226D20EDB02AE7F19096AE639471C0FDD71EC3332DFBA58A0EA62B4F113CBAD2B66E72F026B0D3824FFEBAE63ABFAE1F17EA5B81B0B8F8E5FF42B4C4CA33013352585AFFF4ED352EDE0AB2E146F2EBDEDC258FE92D0C83484BE24997E6479F3496E0E95CEE3306C72C4C57C32A7B7417DF2061141DB4D2973357A830E79054073149AA7081C112EAB27172DAB22C91DC0FBBEAB41E66F5F1F32AA39DF592642213D0233A750E5385B8F24B3FC717AD71AD3567B4E8B5CC6AF2720B47F25723851DB235149FDB826CB32F5BE80F7E5D8F5A8E8059AEDEAC60DEC42BF826735FAF8476C4B55415754CBB341B52680413B3FB12ECEC562B62B2740745082B43ACD762766613F232515D49B76A001BAF86FE2A86522E4063E53A9753659FAF6A5345612B35A5F62A5D4934FC3E320FAB95B658F636492E2E072BD5CA9494A19DB0DDB67A28FF37C37833F242352A71C84554725293716287DD50237772371CE435B7330D71CEA9F4C5391851EB2E7ADDABA4917779C3CD79CB1D9C05A319972D4A785F16C56AEF92B556F7C7BF780F696F007DD777D2F93468FF7137652AE9D676A276EB7C0F786FCB5ACDECE2CA95944953A65DBD31586FA28B66EA7863F4854752BE68F882BF220E06F76215304A8FF28C96B8661F38B1A5B88AEF62E3F5F73FD233CA2E9D1DB9613D17F7FDEAAF896F357E2EC6C845F83D1B29757BAB82E778BEF0F35B1FB7896B2779DDDF2266F3CBB877869716BD1CB8F3D83882B371F5E2116213AE3EE237A9D23513937999878CF4AAD589A3B899FBAB3575384F13774D73380F65FFB59CCF3939D6793214F674A7754F7B7650FE7735C379691FA5D7D239A117D395B7AE8BE7F98A1279501F7064F38E07D74C7F0D1D6453626D6214F71539FD421976C776A86FB782E23790C52FAC27F493078FB558F7AE2577ADDBB3CB887774E73595BE775D3FCF60C375A03330A8CB644C9D2CF1A1F94F1B68F73EB7971F3981677925BAD7ADD36CB2BB67AC1FEF77877839D31D2FD57AAA23DB064F7AE079BADC868C3BBEC4B6EA5D1C323986C21289930DAEC34BBBA1BB8229CBBD4BDBAD8B77C60E373B2FF2649E21AA7374FDE6BBBEBF1F186EEABF371E3F562AC690DDC0C77B8801F5FDF43B133563AC83EE356BD425C4B69F303B8D0B8E993E71756FFFB4DF68BC7E7833137375DBA9F7D6F25D354F31A433AAD3E0AF14AF7C0FA3A1AC789DE0AE7015C5AB6303F8B397BCB49428BF2FFC44DDF9A53F7D874611B883CD8457E75E9BFC780A0ED3C75EC2135ADFF9B14DF7B4257FB6D618BDD51762C3673D0E23B1B5577101829EAF87FAB4D77844A3C31FA3358C57AF8C4BB49527FD58AE3DB9A3E2D9BAD64A03A931F7321587AAA5F6B81E0579D5A1A0CC0D7905372B94FBFDDF8F7400A3A794BAF11B526BF616BEE607B88053BB46ABBCCDBFDD3D027EBA5E3A9710BC9C9E6C2303D3DCB3B683E66CB123BEE5EBA4EA13F35F7A38CD833BB67DA3D48F3EDD6F3D50A47DEA637E443BB8D8BF28E8FF3E51767AD76FFFA0F1AF49EE277F3C97B041877D5A33F9E7F79BCC85E9C177ADAA2B7CF5F78BA8C8A04EDBFEEDF73DED4726C993DCA877A390726F383B3AC3730FFF353406B7BFFB4F3F01C0B710D1F587713547A9C4B3EA67D9E6BC2F234BF3445306615BF7856379A6EB23B0737DE77B9FC7FD844322E2A24226954B66D3C90C16A5536AD52A0B445F8D23373BB17C479D31E392F582CA108F68E43E3EE573F6D57EBFE1F5FBBD96FFDF89A31B242C342CF403545C64A4C9C2026B232BE39238E300B90C110BC944F3E25C3B1C4D496C3C6D31455D5D55655D1424959DA53D747DC5CD257A8CA99C14EB02B6EC40AB1056D3DC2C1EF34DAE7DAED365BD95AEB6A2B6BEC6DCFF3EF17552F844360BFFAC8CB52D4F4F9FC5CE767F07E085F1DE06D7681E56EBA4FCDD17F917074D6005788ADA154468E360421FF494387C88C95B176E6FD0950BB46ED042861D615173088E13B065828281A217CC58486612F50D7CC6D12390993575C8B409690D28621144A689B46C5C408BF55EB69CF3E94AB82738733E95226F0B4C14E7E858A56A0B2A15A75B0B76F59A801BBEA299FC758A13A624D171C74425410388E9C3B075F1487581356BC58D7B0582B59B20705DC05E59169DEB6F2DE26400F71D75F3B0F09050A5065F8E0AD2EF66CEB42613C66C38B4A3B167F31D4E4974A2A8B447AB7E2E52D904ECD176F1A6EA9C5BF7C6DA0A7B43A53D13FFA5BDB24237453A6B5CED1992E498467E6D4D7686E0BF816BDE9D5D3B5CEB33AA77FFF39DA1DE81E42396BA2D6DBA4FF0EDF362375E8B225F366D57BA7569FFEDF6D9EEF3FA170E40F3FE42E435F1EC882F1A00DD4BCF88C7E46303A2FA906AADA7E2E8E38FBA058DD8B0A303E11930C3A43EEC2316123B940E3E6498532CB1919AB3308C0929F429C2C7A0135143144F44312AFF42CC110A1EF9906DC81E7169F086FCC8228E49D3586AD2A8A0862BAD49E582ECAF43238FA48C412C474932A750B6E4129530E359F24127DF580C35B2F22BEB25A052FB52C70DC92CB3A1F680ACB39BD12CC8B3B633DF74724DD44A3343CD802AF4044E3EB5C3B39A48030DFF64CF3E791374024A431B14390BC158C9B4A1189B8499F9F46B8B4AC790BA544101370511BC475B8DD0BAB8601DAC535A675581D7DD26D505585C6B1016165A9B28B6916487AD42D75D49F1F5D73B99756759B9A2FDF24C6AB73513BB63B75327DC041199965B492DFDD64F73D70DD6DB74F75227A37208B1565976CF95F55D12EABD975D5D4FAD0AC35E516D63DE793FC036426D7B480C8A05F9ED371E0613FE15E288B9FDF71B8103A611D10AB1552ABCF5AA7AF8E25C2C2692E2CD16364C5C975F8639669967A6B9669B6FC6595CEF54FC65CCD64A5AEE4538CC929235D7BA6119C191F77DD5E493055419A6A40DD3B76A59B0C9B81FC42634F49E1AA774FF9498C5F6DBD7E271EDDCD3E9A71F8E5A3E94F568DB6AB935C58267A251E23AA8271B233A4EA33716FB9DB35DEDEEED8B0D1719CBA96D9BBBF1AB76D669BE37F3DE49D1B05B62942DEA107FAF04CE11545BBD1DE3DEE8F3BB165D1160C7DFC51A3E726EAC6CCE63CC19F33EB1A7FCC92DAC163FF91CD39B0D1D5F2D972E8FF75CFB9E7DC5D5AD6E5D27DD4827DB8CADA6FB9DABE045E79278768CC74C12631EF47A797D9BEF05D202D19E9EBDB4AF0F36CF86A1BDB54C192591307AF1B385BCFCFB3DAF3E8731D7675FFB28F53E39846C53AB9A1306A0B7BF98E46F1E0C445F600025AB00620F57EA800B46A8353436C1C97E10CC10F91E0842C25D860B14ACFFA0053156B37E71100EB12361AB443895184AEF37F1BB610A85A7C37B2DB086229A615E6AD83F1F158E87023CA2BF7EF8C320768E81DC4B6211A3F80A224E711A4B1CA2039DB73A285A71175EA4221899E5432C424A8B5B9C5B1523A646A7B1518C722923099BD80B3216EF8DF6BAA399F238C0D4718C3321224EE93E781E20CDB16EE373E31AF7A8C74566EF729ECBCD80EA87ACAB01AE036754481DC194484536128F9EDC910729A411A11443689E0A55738206A351DDE30BA6049AD0D2F24ADB158C277A039FE730E93F4D960E94B0F8252338194CCA88D27BC84BCE064C02BE40DEE86F120A64334FE392631E536B24AB1B657AF98D611E8E98C2FCE68FFF8CE9094225E7755F6B462C95414BCA31879D6C329133ABF99CDA0D9220D9DCC53633184EB9F0B39FFE2C5CD8A013A527550E9DE1ABDC61B436B4814E1373CA3C5AC7B049C7290CAE78DD541B46B992338E76D4A31F0569486716CC94C8523FACDC9A7D96C99857024D6F1F6BE6391176B689C432A6B0AC272077A94DBF7411A03409943EE3D853925A526EDBC411217BB5D37C6AEF2A38FC2991F838D4279254A457C56A56B5BA55A656D4A242F26954F53455AADE4FA361116A59A5D6D56B68043D1A14EB29CECA15DB85AA54A854EBF38A9AD7E519F25A238DEBDAC88A40888A92AF44FD655A0F2B1FB606165673A56B9A6A94D4C52216948AADECD51AEBFFD8013EB6AEA87C2166335BC23DBAB31B05BA046147899F2CE293B318BBA0E6E059A4D15AD6931CDC17BD24DB41DEAEC69E8EF3EB6B3BEBD9DDFA96B2B5656C6221B34E92DCC767DF2B6EA37AFBC8180657B8F21BD6726E67D0AF2257B3CAAD8839165AD03859132051B2523D5B4BD1EBDE64ABEF856F7CE51B2E8578777C7B7D26A852CAA4B1998A55E93C4E799768DDF6E2C6BEE95A88680F9C14FC3A26B5E455E87F253B3BDFFE368D9B2DB092167CAC046F98C3F86DE5505C9A2851F53732B7946885150C2F0C67184D1E96617D617C29C802A7339A5C318B5DEBE2C8296724769DF15F641C64FC81F78F95C4228179FC62D55698C89E19B233746B619FFF3815098FD20B20B55CBB131AF9C93952328F8D7BD02F0B995846811EC822BA84340FAC14A56A1288CBCC9F30BB186F4056CB9CA17C667EE419B4BA53293BE7F29C19E1F99404C3294F5C584A75FE9795F15969972FAB6720B638C34ECE658EEDDB610957F3A10825A8A71508684F8BBAB008BD90A8A5B99A48276F055EEEEE26B33C1B82F56DA63E9B24B82C5DE0319798D2D09271D00C2A8E52CB73CDAE34E58CA2B9DA98F2E3D3B7FE31E510968F2735F8D8B638F6EEA29BE2DD06A9CE97C6256881FC6B43709AA1A75E76B1537D346B3E3BDDE8EEF335DF5D1FC99DFAAECB7EF5A4F922CB437B6A6C52D6EF9F958DCC0BE592CA3A66EF92F547EEEC98BBFF4AFD66F43B455270422BACAE115F924D87EDCC9326BB68FD155B4DC37A3D1C75CD6F852A34843F5E718BB8D3B4D78EE4AEDBAB6986AB8F34070713CCA546636BB793BCA3C287EAF61B6E098F52A2702E72C2154EC39AEB95CF38BF08A4687EE59E0FDDEA5D3B95C957CA6DAEE316CC32BFEED49B4EB79B8FFDC620F6F1DDFEECEAB7A4DDD08DF1F1891D0D703A835DB8621F3BA7CDFE4739B3192ED0F24C9DBECDEBBD9FFDE98547F86D0B7865762039E9F3A8F10111BFB2213B9E3AD45EBCADFD0EF53DEB7BF25919FCCC3F9F7834E63CB7986F0AEA378FF77B7A7EF4E5B1FB6B595F7373637CEDD4C429D1FDBCFB46473CB52885E567734DFA456A97CA52FF9E958C0ACDB7938230F4617F3D55F40E6F754F3B7CF1FC7443CF2DA55E8B97CC0DAFFAE665EB4785E29BE2107CFEDDA3BFD6A7CB1451D6877F3461C85D7A4A5CA69AA0D27E73AA6B234BAEB9FE9EAC4F013AAF1B38171ABFC6493FD95B3FD8E3B3EA9BB7F8FB1B631B36F3F3A0C911956E733ACF2B2567C33FCC3B9445D93FE6D2BDAADAB1A533B0056CA0F66BB456F23DCCC91D65D31D8D73B91124B18AA39D1004BFFEE39A9060AD7AB03DE6E33E969B9CD923971234410741C1142CBB9E4230A362400D5CBE963338E4B31C95E33802E4A2D8E32C2224B7E963C267E13C7608BF5B832E96BBAB01C40F9500403250AD307CBC2D883CB24A42313CBC3904FF362F6BB8C62341A53B422398AF3F04C440FCA84C12C44234C443A42F3CCC43D3DB43C8EB4321B2433A5CC248D40A45A4447AD142C7E2C25FF3C24BC4444BF4440633C247DC444AEBC4501445D743C5C719C53E2C453D3BC555FC86BE93C5596CC523F433A9D19E591B345B7B41BB7A459BF38EEDD2C55983A45E541417E9C14A03C55A64B34C0C2C4C83908DD1B6AE23B855519C28D3B929B39F6A6CB26BD43C665445220BA94AE4C34764324B58A571EB3D7D3089972331D59830D4F99A6C6C3F7574AE5C44C30AC447431BB82BBC9CADFBBA66AC2C97C98C704116688C2B88D03A8F418B94BBBA95FB37545346BAABBB7BF439AB533BF80B2F2B940821A4FFC8B83BC310A2C5BC4A875638988972447444C28FF1C83641B5FC622920342E7CDBBA606CBD61ECC8883415941B4943B9926D93B87DDB46CA23C80133A06C4849055248B1EA3E2BC4BA7F34B97F3C3F80342C92C4489E6C4829443A9EA4CA5EAB4A5619C8714CB2915396F548C02D6447075BBB72AA3216793B38134934EBA3A234CA25743BFD333E690C315C63C7CF624136AC4B27BC4BC52BA3A4BC8EFFB945135433C66344C013BCCA8382BF7BCCCA1447C31C22B3AC96576ACAA86ACC37B3BC72E3B93A143F3FB24C6EB4C7CBB232D681AADED016CDFC299CFCB2587446BAF8260242B0D6749F380CAADA4C459DF44D5BF427DC541CDD3C20DE741F01E4FFC87A444D500BC2689B2D69621EC98421AB68337AF3C570FB07F79BCE855C4AA933CEEC424EF9C94EDF7143059236B09C2E7704AECA4B0DF3249D7AB3CA007306D9B48CB0FBCE8B0ACF1562C99674A86180CB788CB65BDAC0790CC2A221CCD404CE48BBBC007D91BB013E7A94BB1A3C43FB541731732B443849F6814D804A270B9450AEDCCA8F5C8BFAF41A2ABC308C84496A0BBAEBF3C89E1406139D3614ED4E52CCCFB7DACFE0E9D0E1E43EFA3818191DD1A21B4A08AD5004D4C68D7CCB341C2F8D14520A04303949D1FEBC019C79A31DE527B6F451B5F3BE203540CB018AF7AB51E04CA9FD60CB2D7DD12E1530DE02D3FB92D2BB1B4F47822E186D280155FFBE35FC52349D2DB6103AD6A1CED082CE00A3D3ED7A5221ED19E8A4D1AA79D33635A144ED11D9EC250B55C9D20BA1693C2A45953D460DA56CD14323254D20DAD44AB5544DC4542D09CEA690CC52E58E508DC651BD13544DC84E75D54855550F65D58789D56784D55BD5A55975CA5A15103C73CCB73ABD6105C278EC4BEEDC15F7FCD3D3EA95A5314667A304784C95F32C4C5E1D4E5F15A7A3134DB2A9460814CA2844B023F59BF3314F622DBAB044D018B3D6D8C4562F8940BF4C14140BB1B91BC028C4533D85C83ED13B468157418357D568A92FA54B0CE4C7918CCC75A55545654866824AAAFC39426D9182B5CB1C2C3B97E4AE17154B2645D30F95D80495FF1684BD5685DDC94173B53501D80F85BB89E440F634D883AD5874FA418C0DAD75924B95EDC07485D44B02D92B6D5774C1D28D9C4AAB84267AB4C622FD967D45D2863D3903BD498243D78D1BCD9DBDCD9ECD1771F3B71515398BBB3879751335C4AB358D5A312D50349C4A48C335D9B95972B29171035B97955AAB1259248B9B47E5D35CED0B6ACDD76DFDB0B725262B0D271CBB4EC80C57BB1524BD3D4D7DE5DBBEA5DA80D255AA23DCC615C6C46D24BFBD4DC85DAAC7B5DC9C94DCE25B5C5BC95C591DA1CFDD55D544C4D235DD40ECCCD80456371356CA84D600ADB5891D4BB15D565A6B562C63D9680DB9DC45D492145D9D3D475224D8292B2478DBB6A505FFD59735B8BB2D5EE73CDE08AB5BB2FC5DE05D49295DD880AB57AE9D3FFF8AD3781B5E6CF458AC545EB914D4F422464781DD07FBDE70CC59A63CCADF4D4B4D1C5987F44AA67DA4EE53A5EBEDDDAC4C5AAD7CBFB2255A8E9DD6088C5ECC3C097DC45BB38BDF681CD998ADDF8ED1DF1FCD4E6D4D60BEE35F9AB5D38785E09D1C606C54CFF0E53F28345AEE75C6055E4803055A0D7ECA7355B18064CE02769E9F55DA0FD4C88D755AFD85E1E283D29FACE0A63361A75C5DB2FD39B3F55A63EDDAB5D54E33CCE1D00DCCAB2D5912D5DAEEC5416540624403B9A31D432596DDD7FB61CFD4438AC1B1281553D303E3C00BD3C9DD6176F3CD2E56DDEDB9DBC3C562CC2DFFA0A821A3F68DA0D24AE38E954536F6D0E9651A39CEDCCE3D998B7BCBBCF5443EE6513F76DF495464CDD5E1468EDCF7885B48A65E496D644146124A262D16A0DCBEBDB7F01DBE7ACCB275F053105CC664ADC3B475B3E6FD200C2AE58C3BE5B045634D76E454C0E44C715EDC950C6A4CCF037DDABDC54B0A66D60CE26579F3E50F4665E9556444BE52E3AD533AFD09124E90184C393C4DA0738DE3604620070D58692E929AAA66A25D4F2C94E547A6E57CABDEFE5C6193F5DF841A53683D3AF1BA3310FED8F1DDCA9B0DDA19ADC2D7EDD1F4B248B79DE5E504A4D03CC62FBE32E9CC3C494B6796CCBF7CC6DA0B1CE7AE14E727A593C1AD581B84E8877EE788D6FF1C0FA6CF7455577D23E761C5368EA9A3E4935B7486C3B8C5529FBCE71DF45251EE510ABDCA720EDD964EA676F6BF9896CA856A618B36CC459BE7FAFBDAE0B362A2EE4B110BD8A14EB454B2BF7916B15A5226E02B507048DD3EA608702E4397AAD3F2EBDEE8D45E43A52E60D6C9ACFEC818E1EA38F56AEC056BBC42C682EB61F61369C174B7BA66507736668B5DA676A36BEB633596FD6BE75D4EB4B8EA449621335E62A63BEC4F25EB59565F83A13E7B03DA769C56BDDEDDEDD42EF934B5317DC01FDD3F66FEDBA325E8C65E38308463C405AFAC2BC0C826330AF46B88744B6F65EDD7AE6B24EDECCB23ECC55C3A3BDE30DAF4E35BBEA28DBB3F5CBA62BDFCFF45557AA69B1A4A927D34F9733291C39B1974917B28EC663E67952E6D4D06EE56A06770A1B12DCE1BD0AEDCEBF6EDE9DD6E33016FEFD6D7D53C3D855EE936BD3356865AD0345604C5EC504EDE052D6E92DED361A6ADDC8D6FE7B3AAD325F002D7AAEA0E6D3754EDF3405ED946E6BE12D7D2CC58FAF66A1B8EEB10C64C5A166F4FA6BF3BEDC19B2ADF03AC6DB8E6EDCB1D5F2A86E68E4CDFFF9B70620BE0F47E4373D670041FEF0D54E5A1D5BC8AE65A58466E188FF19BFEB11B27CA1CFF38B7E671A82E71D0CDA324DF341AE7F09DDE89659CC135ECD8864E5A26BFD00585E928C7F124D6F14FEEE02B6F44C73664D56BD01D04B4E6F3AE0DDF2B8041AF2934FFDA8AF64AB03C2E318E617B75D1B68B73FB1EE2E71D7373AE7333FF4F66724B2CFFAEE075C587533E2DE672E2AED0DDC34E8EBB7033BAE068D62F463F0947971348EFEB9F36ABAAEBEA7F7DD0718A72493774307172DF5D19C6169FF2FE42C1FD741D9CE10B9C531BCF531FDF1F367F5F7881F55C3FD55FE9F556473B189DF58EF69821442E5D57E6DFFEF54B1EF65A3FD31D86F29136C954DFF5CF7575D13D6FB9AA66B66334003FA705A776B552F6A066EFA47058F4646ED6BAEFEEA658FD4EAB05CFAD755F6B464FE60C67F5CCABAD7227F349C7ED3284240A56C307BFF73BF777F48C918007DF52FFE5829771C446F735B7F6B93E6B806F6BB546299AAEFFEF7B65784F076A8327619A1E0E6ED6DE8A97470216791107E887A7647E7F649CA6ED97766764079B30174C24DF5F7B2E2899B7407BA0F90E56629FA7C18F67794876793CDEE09535EE8CBEF422CFB42D97F36CD6F287D53A8D96AE2F7FFA9ED967D246FA733EFA2517DA3C67E78DBE669AE4E08FAE699B66BA756EE7FE2D7B89C6E1F56C71B5BF2369FD8B5DA4B5B77ECFB9B4D0AFAFFBA226F9122B599ACC3ADF53951BCE7978AFE2432394C187FBC2E737B0694326DF7665517946EC5684FFC6F9C4EF98D36D85B3E3933EE3ECD6D77C0F6903EEC754D147CA8667291EF593FFD9853FF84F44745C14EDD3A6FB13346DC325FAAEB76C261D3AA1E352E74AFF93293772057D6FEBBD6EEC6662ED1E439D06C687E4E1A587FD4691FD40CFC08546C7531FAD6CC776502FF6A8ECCA7C7661CE1F6BF1D57EE125EF665F66B47BAEBDD9CBABCC4B1654AF8A64CF99C5F5E4AA7DC66CDBF65E3CBD2700E5681862DE30CA49ABBD38EB1880FF60C83423546EE3B951CC62BECBA1248EBADE78AE7361EFFFC0A070482C1A8F48D14E62CB349793279435ADE23AC24372CBED7ABFE0703035259749AF871ABD664BADD1983C06C76089A5B7C60CE5FB996C1C8175167386348451628B8C8D8E3F7A285789549482969806435A8F9D9E9FA0477C6E3226362DA5A53388AC690F79976D6A913B73487394779BAEA427AA30A9797424AAFFB06EBCC6B1B439B6B77289BAA1D2D39ECB99D7D8D9B99BD1D4DEDFE046A3AFC76D66E7C7A7A634C9BE2EB3840B8FEF55DD40C9E5E897FAE8EAC4ECAEDC011C540641277A7DC2295C284A9BC38710E3716348B1E2B771FC10E51B78CE57C04018A3F0AA65701A4266E24666FC456E553E62CAD21853E14FD6959226595EB1C8D3A2B588408346B4278268CFA34893846CF9449FCC41ED9EA2A9F991A4D19C3F4DA424C8AF82D39755E1C1A30AD22A458D2BAE265DDB4858AA492A6B9912894CE640A14327B2DDCB77CC3F194ED1A618DC55A35B817F01BFC397562D389D76B6AE6A516E062005FF5E1A5E877832AABB591520857CC171DFD3B74632BB6C738FFFD48F51C586C65B462FEADB7B6763D3EDE4A66985680B49A64D37D70D9C49837BC5CDBC0B63C23033CBA23C775D74B1956A548D4D3C9B634ECDC3FBEC9EBD8E35E47D95F328C27BB7F13DE04FABD72ABEFE2EE9DA5FB764BDBFB2EC5F7F4CF6572CE465F2DD6FF625D8568105C6D71C699AB0C720790E320721820ADEF65C7434BD559C4BD27904D53E8B4925E284961C98E18AD2B48762412B4286A08B2F2E51A17832B2C8E286304CE55F5DFB8C686265017257A379B6E9A82423341E791C86A8B134A3930FDD98A0944B2AB8212B848DC355301E7E699D39B28545653D4966A9A67367EE06A585790CD7662E6FE256CC9AF53569A077735AA1229E802AD5FF678A817A90829C83FA592800872EAAE1997A7A95686D59D4E9E89291266AA59AE8F935A99F96E2B8E9A54765FAE9A936A649EAAAA6CE19EA9588A27ADCAA86D2CA57ABB2E6BA87AAB63A0AA1AE71F4EA0CB028BC2AECB10711ABEC6EBC221B28AE281A4BEBAFC44AEBECB56240BBECB27F62EBEBB68A78DB10B8F4896BEE45E4A6AB68A5E72E4AEDA9A3B65B14B8F1CA6B6F18DAAA5BDA21FCE24228BBF702FA6E9FF506FCC1C06D166CF0C2A9E99BE2218BF09B10C00C739AAF77D69A8B708D0A57ECF17D0E17240F43CFA4D5ECC7196ECC60C728337A319D2DC7CCC5CB93CA91DE30CB512CB38E2AD3C6F2CE3D0BF5F3CE40875CECD0A305D72DD13C07EDFF50A74C734333334847DDF2D41C439D323B275B6DDF49418DECF516600FA5F5D868BB6C34076767D9B6A119A75D6AD998882DB717743F5CF5DD31CF57EDDEEEC6CD77D24E3BF1F6E064FB6DE3E188DF9DF7A78C3B0B78E337E37CB4DD94CF5372633164EEF91885533839AB827FCE56BF369B0E1CEA98ABEEBA0F96671DB9C6A5BF6EFBEDB87BBEB9D09D133D7AEEC0072FFCE012C3C16FDABF0FAFFCF2CC7BCDFAF39F27DFFCF4D4576FFDC7D25FAFFDF6DC777F69F6DE872FFEF8E447597BF9E8A7AFFEFA9F80CFFEFBF0C72F3FE8F3D76FFFFDF8B3777EFEFCF7EF7FEEEEFB9F00074840BE05B080084CA0023D76C0053AF081104456032348C10A5AD06D47FBBBA00637C8413B65B083200CA10849F6C1119AF084286CCBF356C8C216BAF085308CA10C6748C31ADAF08638CCA10E77C8C31EFAF087400CA2108748C4221AF18848445D0100003B, '1348502732_4991', null, '2014-07-02 22:12:01', 'gif', null, 'upload/files/20140702221201cOJUn4Nr.gif', 'org.jeecgframework.web.system.pojo.base.TSDocument', 'upload/files/20140702221201cOJUn4Nr.swf', null, null, null);
INSERT INTO `t_s_attachment` VALUES ('4028d88146f768ec0146f76e1e450005', 0xFFD8FFE000104A46494600010200006400640000FFEC00114475636B79000100040000003C0000FFEE000E41646F62650064C000000001FFDB0084000604040405040605050609060506090B080606080B0C0A0A0B0A0A0C100C0C0C0C0C0C100C0E0F100F0E0C1313141413131C1B1B1B1C1F1F1F1F1F1F1F1F1F1F010707070D0C0D181010181A1511151A1F1F1F1F1F1F1F1F1F1F1F1F1F1F1F1F1F1F1F1F1F1F1F1F1F1F1F1F1F1F1F1F1F1F1F1F1F1F1F1F1F1F1F1F1F1F1F1F1FFFC000110801CA01A903011100021101031101FFC4009500000202030101000000000000000000000007050601040802030101010000000000000000000000000000000110000103040103020305050405070A020B010203040011050612213107221341511461713215088191425223A1D29416B1D1623324C1E17282935417F0F192B2435363252627A273741883B334643536B4453711010100000000000000000000000000000011FFDA000C03010002110311003F00E9DFC9B13FF728FF00F648FF00555A0FC9B13FF728FF00F648FF0055283F26C4FF00DCA3FF00D923FD54A0FC9B13FF00728FFF00648FF55283F26C4FFDCA3FFD923FD54A0FC9B13FF728FF00F648FF0055283F26C4FF00DCA3FF00D923FD54A3EA983110C29869B0C34B3C9419BB5D7A75BB7C4FC2A0F97E551BF9E47F8991FDFAB41F9546FE791FE2647F7E941F9546FE791FE2647F7E941F9546FE791FE2647F7E941F9546FE791FE2647F7E941F9546FE791FE2647F7E941F9546FE791FE2647F7E941F9546FE791FE2647F7E941F9546FE791FE2647F7E9407171BFF007923FC4BFF00DFA51F338F8FCADCE47F897EFF00FAE69452323BBB713CA18DD19306439F984654A190FAE903DBE0DBAE71F6BAF2E5EC770BF8D28BA7D1C4B7FBD7AFD8FF00C53C3AFF00DA528F49850D4A012EBE6E6DD253C7BFFF00B414A3E89C64722E5722FF00FE9323FBF4A33F9546FE791FE2647F7E941F9546FE791FE2647F7E941F9546FE791FE2647F7E941F9546FE791FE2647F7E941F9546FE791FE2647F7E941F9546FE791FE2647F7E941F9546FE791FE2647F7E941F9546FE791FE2647F7E941F9546FE791FE2647F7E941F9546FE791FE2647F7E941F9546FE791FE2647F7E941F9546FE791FE2647F7E941F9546FE791FE2647F7E941F9546FE791FE2647F7E941F9546FE791FE2647F7E941F9546FE791FE2647F7E941F9546FE791FE2647F7E941F9546FE791FE2647F7E941F9546FE791FE2647F7E941F9546FE791FE2647F7E941F9546FE791FE2647F7E941F9546FE791FE2647F7E941F9546FE791FE2647F7E941F9546FE791FE2647F7E941F9546FE791FE2647F7E941F9546FE791FE2647F7E941F9546FE791FE2647F7E941F9546FE791FE2647F7E9467F2B8DFCF23FC4C8FEFD283F2B8DFCF23FC4C8FEFD283F2B8DFCF23FC4C8FEFD28DBA80A0280A0280A0280A0280A0280A0280A0280A028306829DE46C2EDD99C1A626AD924E2F249909757296A50BB410B4A9B1C12B57552D34098D6B0BB661BF505AF46DA3248CB640C579C6E5214A504B2A8B2921375A13D4149FDF41F0D6FC6637DDE7793232D231E319957434867D492975F902DF8876F6C503B3C73E3D6F4AC6C882DE41DC8FBEE7B9EEBA389007C2DC9541734816E82C3E5419A0280A0280A0280A0280A0280A0280A0280A0280A0280A0280A0280A0280A0280A0280A0280A0280A0280A0280A0280A0280A0280A0280A0280A02803F1A0AC6F198CF62300F4DC0E31597C821C42510924DC85920ABD37FC340879D37CB92FC898EDD8E95293271D1D4C222F070A15C9A71A0A2AE3F0F749A0F3A4F90333E3FD8362C8ECBAECB8EDEC52FEA9E294AAEC1F71D591D4754DDEE8A2683A0B57DB70BB4629194C3BC244451E2A23BA563BA143E63FE5A09D41F48EDDBE1DA83D5014050140501405014050140501405014050140501405014050140501405014050140501405014050140501405014050140501405014050140501401A0AFEDFB3E3759C249CC6482FE8A394A5D281C956714122DFBE8179FFEB2DE3DFC5FF120F6BFB447716BF53DAFF6FC283E333F50FE2E9D19C8B31B912233A0F361C8FCD242AC3B1E9F1BD05ABC559ED2F2B805A3538C62E3E33DC14D14F0F52802557EB7FC5417C41E83B76EC3B507BA0280A0280A0280A0280A0280A0280A0280A0280A0280A0280A0280A0280A0280A0280A0280A0280A0280A0280A0280A0280A0280A0280A0280A028307E340B1FD40D8F8B72C075F5B17FFB741B75F8D027727B3CD813360E0D4591AF271F1E10BB4DAFD8912E0294C38C948E977504157DBDA836CED596818D8B80106239262CDC7C15ADC613EE3BEF455AE521C5A47F0AD41208EA28191FA6869BFF00C374BA13C56B98F72500013608B5ED40DD4803A0A0CD014050140501405014050140501405014050140501405014050140501405014050140501405014050140501405014050140501405014050140501418340B3FD41003C57983C7F8E39B107A9F7DB0076F8D020A4E0B4A8F2FD8879D4BF869D8F7A4B8D73524B191623290C7B890925412B715C2D7E97BD04B6191ABB11F5EC849D823FBAC2E5CECCB4FB8B2EA653ACA12CA5166CA084FB57EAAFE2EF40D5FD34CB8EAF1C9690A05C6263BEEA13FC2149491DAFF002A06EA557008A0F54050140501405014050140501405014050140501405FEDA02E3E74050140501405014050140501405014050140501405014050140501405014050140501405060F6A089CEE0F139BC73D8DCA4744986FDBDC6557015C483DC5BB11408E9D97FD36C1C849832B1051261BCA8EF02CAF895B648245956B5E83E4D6C3FA612E7580100904B8A61E00F5F8906FF2E940DBF1F31A3B786FAAD410D2717295CCB8D72EAA0025574ABA8527E2282E0924817EFF001A0F54050140501405014050140501405014050140506144DBA77A0ACE7B79C3613378DC44F0E25FCA173D9750105A4A5A4296B2E1529245824F64D040B7E73F1F2B36F630E4108659683BF98A940475DF8FA50AF8A872EBD283EEEF9874B41C496E697D9CD3EEC584F3292B01D656941F7126CB482A58B7A4937B8E9D682ECDBAA580AEC8FB4106FF00116341B03B501405014050140501405014050140501405014050140501405014050140501405060D054F7F95B9B1825AF4F8ED4DCB87504B0F29291EDFF15B929A1F01FC5F1E9408DF19E79388D9F63C7ED3ADBCF6C7985AE6418222297CDC4A56EADB40712A712162DC15EA481D5440EE16CF1F62B2DB447CBE4B60D4B19070931AB62584476DA902E08BA029B0A295A4DB9A942E6DC6DEA0909FF05EA1B0EAFA8BB033D1FE964BB2D4FB6C05A5642568426E7873483D3AD8D034903D23E3F6D07A1405014050140501405014050140501405014050795F6341CEDE6FDDF1B1FC83898E965F7DFC432F89686D1C8912585A51C7E3D395E813BF98E09254B18D5878458E94A821174C842D0A71D3D40F5A5240009BFC40A0B4699B769989F21CCD972F8998CC465C5BB0203084B8DC771D07FACF72281F80741C45BBFA88A0EB88725B92CB6FB46ECBA029B3D45D2B171D14011DFE2283713DA83340501405014050140501405014050140501405014050140501405014050140507955E82A5E40DAE4EB1851948D8C772CE25E4B663B5C82D2955CA96084AEC071FB2839BF0E856E12B60CDCBDB9FC0390DE79EC6C175C2A5943A1C5FB4D2BDE6CB7F85293C4507C21459B2B4191B2BBBE496F26DFB9EDE0D5217EE3BC55D13FEFF97AAE4FE0BFD940F9F0534EFF0091D994FE617977A62CBEF2DD595A995A9290595152DC3E9B5FE1DE81969F87CA83D5014050140501405014050140501405014050141E563A1FF968113E65670D8DF20EB592945989F52D4A6A54D58EF7616DA02CDC9E2390A059392F0C2649809CC432918A8515B9C56A11D4E32F34B5A01090AFC293600504B6330DF9BEDB01191CC31B0A7660EB5B0C5C7BE9FF0087659792B65DF57E0692529F80364A9341D370D96A234CC4649F6984A5A6EE7AF14A7A03D3BD85FF00D34124824A413DFE341EA80A0280A0280A0280A0280A0280A0280A0280A0280A0280A0280A0280A0280A0C1ED41A53A4C4891DE9725496E3B28538F3A6C1294B63928A8FD805E8144747F016C391912D99CC4A9929D5BCEFB52EC79A8952CDBE03D541F19BE2FF000645CB318979C4FE652AE588A992A5294024F4F4FE106DDE82F1E3189A2C4D7D474D743D8D7DE2E38B0B2E10EF14DD26E05881C7F7D05DD3F0A0F54050140501405014050140501405014050140507959B2493FDB414DDE7FF000F52D34FEDFF0047FD242951849FC440EAAE03B9FD9415DC7633C11948625C28F8D5B4A082A2004293EF1B242C150B7222D6A084CDE87E036D96F26E38DC089127222485C778FB3F52847B9ED3DC94AE3E84F616A0733294F2E8058F603E008EDF2B506D247A4506680A0280A0280A0280A0280A0280A0280A0280A0280A0280A0280A0280A0280A0C13D0D052FCB99618CF1CEC328A3DDE511718377B12A9768E3F77B97A0E6095FE56918FC4E21F8EEC58B8E8CA919194DC35096EAD4E2BD5CAF64B41BB0B91F0A0DEC1E470B81DFE049D7DA96AC7496415A6747F75E374FA94CD9371E9E24281E97FBE81C9FA60093E3A740161F99BEA23FF00D9356ED40E14800003E1419A0280A0280A0280A0280A0280A0280A0280A0283E4F8571E9DA839D3CF2DECD2F6C8F1CE3A3C882CC37D7054B58B91C0175C2094DB87C2816F093B24482E26363986DA931F16EACA544850E5CA3AEE6FEA715F8A824B25276891A86721CE8CD371676C9C5E71B5725A6729BE2A6801FC2948E941D7ADFA541207CBEDF81FF009A83645014050140501405014050140501405014050140501405014050140501405017A0C5E80576A05FF98FF297F45C8E3F2D926F131A6F069B98E85280710E07D20587750688141CF6EE5F5B73169CABBB2E51591C928E2B230FFA21D441E2A054BF4A53ED9F80A0DBC06D1AEE3370672276091271F80617171E2537753CC964B49432968714A5217FC47A0A0707E9BF1B32078D9A53C9E1F5929E90CA4F7F6CA50D83FF00A48340DA1DA80A0280A0280A0280A0280A0280A0280A0280A0283C3BF84FCFE1408CF2FCAC964376C4E1319946207FC2BBF5A649406D3CC1212BE6074584DBA1A0A84895B7BCFC88EF4A89858585828086A0B919D65F5463FD3F6F91528FA6E4027A5A82162E57371F2180CA6D4DB0E6099C8898E330DC8FEF3925D2383CF212B255D5093D7E4450759C770381A5760B1C87ED1DBFFC541B8280A0280A0280A0280A0280A0280A0280A0280A0280A0280A0280A0280A0C507C94E2AE40B123B0BDBA7F6D0782E9E409FC3F1FB283462EC5889792918C8B31B767C61FF11192ABAD1F78A0F86CD8AC1E4716EB79A61B7A03377D7EEA42823824FF0052DF6052A814F89F0BEA194D67123013DB9222647EADCCAFB414B7D0D2D414CDC01E94FE1141BBB3FE9FDBCE294B736294B4725AD965C436B420B84DD29084A0F1B1B0BD05FF004BC1E535FC0B38B9F90FCC5E601E2E04069296C0B25094A6FDADF11DE82D08BD85FBD07AA0280A0280A0280A0280A0280A0280A0280A0283C39F84FC28289BBE9DE32CB2FDED9DA88C4A74704CA79D4C7754123A04AD4A6EFF00B2F40B3CB7E9EF51C639FE6019D4B1ADB252E3A97D25D4F051094F175B3F84955AF6A0BC33E05F173ADA169C6A94DAD3C82BDC73AF216F9F6B1FFCAD40C9623B6D25B4A3A06C042120DFA016A0D91DA80A0280A0280A0280A0280A0280A0280A0280A0280A0280A0280A0280A0F0A26DD28145FA847F6881808B97C1E61FC6B6C3E865E6985ADB5385E5582811D3D36ED4148CE62FC9DAAC8D6A74FDC264E8D969D1DA5C60B753E97149242EEB503D0DA82CFE3BEBE79DC45BB24F5F8DF9F6A069EDE3FF00A57336E844093D477BFB2BA0E65C33395C8EBBE3DC142C93B8D464E464DB5BCC9F88902C4A4285F891F1A0D2C5C1DB27A7076D925A4E6322FE387F51443623F0F57E3BAAFCEF6A0737E9FB31989FADE4A1E524AE7398E9CB61A71E3C95C529E36EE7A724F6F8503711D87C3A76A0F54050140501405014050140501405014050140507CD77B1B50267CD10F1B95DB352C6CD4A24B2A5CB53D1B9104F1614B49570B102E9A057E73393B2385792BF43035D2DA233648400D64D96D3D8AC83C458FF00CF41EB61C86E6E65320E44D865428AD6562E2988C952C240928714149B287E0F64D91C7E3F65A83AAB1AC391E1B0CBCE175E69B4256EAAFC9652900A8DFE26837876A0280A0280A0280A0280A0280A0280A0280A0280A0280A0280A0280B8F9D0609E941A59275C6E0CA5B46CB6DA5A924770A092474A0E73C2EC7077AD2F2D86DC76B6F199033DB75B7A570414A593E84A53FD3494DC7C3B5A8311B45D0DBC8409527C9EC4B6E03ED3CD47796DA9376D695000976C2E536FDB4162F166461E47CDBB74C84FB72633CD92D3ED2B92540AC10A045D34178F31B1B6BDA5CA1AE2D08908E4B981653D62069C4BA94DC1EE17DFBD0737EA7BE40C74FD34641A5B1135C9329F7E4A7D7EEA249E638B600B713D3E37EFF000B506C6BBBB6BF05CD60C971D48C56664CF9AA423A061EF6C26C48F5150475B5074DE89B96B1B3E35E91AEA549871561A520B45A1C95D7A26C91416C6EFC41FB283D50140501405C5063F6D06680A0280A0280A0280A0280A0F0E7E13FF250207CBDA3C373C9186C8AA4381CCE21F61C69212908F622AEC52A36EAAF8D0275DD5202716E4B2EBE4A714B9C0158B7B827222A522E9B11C16556E87E46826151B17846E7E2D32903D8D8F1AA6C3EE27DD532D34F8716A0024F04A949054520751717B5C3B0A3BCCBA8438D292B6D690A438920A4822FD2DD2DF2A0D849E83AD066FF006D017140501405014050140501405014050140501405014050141F071C29E6546C94F52A3D2C3AF5F8F6A0F9A2532A0A21D4D926DD1493F2A0F5F508E46CEA4A7BD936BF43D7E341870820A576293DC1EB7BF7FD940BA93E11F14659F7B2231E16E3CB52DE5B521C4A02FE37095F14F5EA47F6506A42F06786E6C72EC38665201292EB731E5A4287422E17DC5067C79E237F4DDD7319386E309C24B6C37062A1C754FA53CAFF00D42B4849FF00D2340C2CEC233B093E0A16941971DE612E1B8092E3653D7883F3BD02E31BE19C42BC72CEA99E530FCD8AA7D713251C90B656F3856382AC15C7AFA927A1FDD41F4F1F78971781C2AF1FB1C3C3669F694551A57D1325D0D9F504B8B71375DFE1F2FDA000BF6BF075B890F9E021C38D0DE01CE705B690DAC9EB7BB4003D3ADE826C5AC0506683141F1F748BDCD8DEDD7B74FF009A83E426365214971252ABF50A49BDBE5636A0FAA5C490095017FBADDAFDFAFCE8355335A75D79A69E4A96C2B8BC12A49295581E2A1FC26C477A0DF4F7FD941EA80A0C2BB5069CB9F1A1B0B932DE4478EDF571E71410848F992AB507A859189363A24C37D1223B9FEEDE6D414823E608EF41B5CBB5E8337A0280A0F0E5B89F9502FBC99E3C9DB53D8B938ECD1C34AC6296B69F4A4A964B89E3D38A9247CA822766F13E3F29827596A6A53B02F18DE2CCB70A50CA901F43EB716DA473BA94D937BD07BCA787BC5F215F99662320CB92A6D0FCA329D6D2B7D5D128E8AFE236E2001D3F75031A021B8F11A8F1C599650969A47C42509005EFD8DBBD07C18D870EECE7A0353E3B93A31E1222A5D4175B5117B2920937B751D2836FEB982AE8EA3A1B755017B7FE7A0F8E2F3789CA87178E9ACCD4B0B2D3CA616971285A7BA55C4AAC47C89A09241253419A0280A0280A0280A0280A0280A0280A0280A02830AA05579ABC89AB6270598D666C9537979F8F715118F6D6A043C16DA49581C53F84F722812FA8623C36F6BF1159BD8E741CBAF97D5C76AE1295F320750823F081DCD04B67745D6BF2944FF1E6C52B2B9B6DC6C7D136F05BA52B201514A0F216F8D074661DA92F6BD05BC8F24CC5C4693301BA561C5340382E2D6572BD073E6B18EDDE26E59B8DE3C9AE48D7E249E32C64148532A7144FB9C4A88E4475FC241A0D0C46C9BA637098DC76BD95FCB9D9B3F22643A5B429B529A529CB9E4872C4849FDF416DF136E5E439BBBE3E0EC198FAF853F1CB9A869286D201B8B7221A6CDED7F8D05E3CF4F3F1FC6192763B8A65C4AE3F175B510A00BA91D08A045274CC819B908BF9FCE4FD1EB07626FD6B24BBC1B5FB5F8C7A7D645FFB283423ED13E247C6CBD6B21265E5DFC5BF133CDBA1C71A65175AB9A56BF48B24859EBE950E5D6F41D17E1AC340C468301987313900EF390F4C428ADB53AA202C209FE1471E3FB0D030122C0507AA00D056FC80DADDD273C1B5A90E083214952494905B694B16B7CF8D073B6BFBC6BA87BC6CB9B3121583FABFCC79155DA52C1F6F913F35247EFA0D5D54E25CC33196D8376C8C290E29E7A3E3D2B755EE34C2882124AF8F25949163F1A06BF82F0939EC764F71CA3AA56436792A929472516D2D2544214013FCD703E21205037900DBE47E541EA80A0F92D47A8EBFD9F6F6A0E7DF2879BA0CFC1E735818798DBCB0A8DF52A09F6C14383928949B8EDD2836A3790329A6788B4F918B8689CFCF3F4E1B77975EA4A6D6B752AA092C0F933CC133358C8990D39C8D8F912596A54BF69EB21A53890B76F6E22C92681D49F9D06680A0F0BB1045073DF9731B2731E4D7A019F26233170AF4C4FD3AD4095B082E004023A1340BA8D1B13955600EC4B97221338879F7444524BEE1121612125CE7F8790FC5FB2825F5FC369FB26D78ED475F7E5C4D7DC73EBF268C82D01F75E687FBB6C2423A80470B1BF557CA83A63311F20AC24E8F8D5FB531515C6E31171C5C08211623E3D45072E49C5E6F12E423B16A4B7F38EC93C72AB96E21C96F1592907A2D0AB7517FEDA0D3D7E1EBCAFCB7205C2D6D4EE7487A0F3B14B04850BB613FCE48BDE819DE08C8ED4360CD43661A0EB266CA5BD3083EE25D0B3C52904FFEAA4D03F1B24A413DCF7A0F5405014050140501405014050140501405014050608E940A9F3A4FC4C2C7C08F27111A6BB9F7BF2A54D7000F3095836536B2851B8E47A0A0A6B675ED676CC9E9CEE12265A06171BF53196EB684CD92E90859415A8F53FD45761F0A0A549D3F2F93F2062602B168D39EC9256B8488EA70B80A0155D6493DFA0E83E3DA83AADA8EE43C3067DF5487588FC4C85FE35A908239ABED3DE8392B1389D8D6EC676066DE808CDE56445712D2949E2A412AF70F1B72F9506C61D218675B6DE713CDB99964ADE51E209F6DC493C8F6248A0B678A5F695E44D6CA169596F04428037B28585BA763D7B5032FCE6C7D4F8DF29154F34C15A98E2B7DC0DA7A3A927D4AE23B026812992C6792F18FA244D7B12C9CF624EB8C2CC84142E21426EA47ABA2B8A12397CCFDBD026B0B80F2FE1B00E60E042C0B719D694C3EEA9D8EA79D4397365B81C05645CDBE540CCF08E0F3982D2538CCB7B4A536FB8B8E1A712E80D2FA90A28BA7A2AE7F6D0331B4909483F003BD07AA0C1A088D9DA53DADE5909FC4B85211D7E65A55A8399348D5F093DCD0BEA71C979A952B24DE5576590E25B528B45647E1B764D07DF5BC6651AC1A35DCC680F64C7BAE719E4A92B692F3974F1281D38852943AF7A0637855DC8E0F2FB1E852CADE6B0CF97B1CE9055FD172C423A803AA16850EBF155039104D07AA0283C2BE43BF5A051F97F72D20E9F9DC30C944566D282CFD28500EFBA9701283D2F71C7E740ABCBECBAEC9F1DE818E6A734ECC8135B726309502E34397552FE43EEA0EA2813E1CE8E244475A92D2AC52B6D4142F6EBDAF41202C058741F2A0CD0141F373B50247CC7A7ADECCC9DA19D859C4FD342FA792C5B9BCB65438AEC9EE6E15F0A0A048C749D721EA99CC3E762843913E95B7568528FF005DC5AFFAAD0E5C7A2C0F55058729A2EE3938F0B2CBC862D7B7429ECB901E8AE34C82CD89525401EAA4AC248E9D474A07C4D4ADDC5486DD7CC552995254FB647F4FD1652D24FF0029EB41CB936547D733F17271360C7ED91B18B704562738A0EB7EE2B929239F75F4E9DC5078C9F935A970DAC8E334F878F90D4A41913DA4FB895B84A94103904D94A1737A06AF88F6552730FE163EB52F171E729D9D2E4BEB0B47B845FE1D8289E8281D09EC283340501405014050140501405014050140501405060F6A0A3792B407B6E387F6A5A62FE572C4A70A925456122E122D414FDA3C26E6CFE47C8E7326E299C4488AD88AA617675321B4211729B0E960AA0D3C4784F66C56F188C9AB3A67E3714B4A9064DCBE13C810D5AFD88BF6340EA7DB2E32E340D8A905209F9A811D6D40A7D6FC353A2C6849C8CB4A1FC565246423A1AEA9703A9B202AF729EF41F1C2F8221E4700985B5F24CA626497A3FD33BE9287D65609FB4034162D33C31A9EA79A196C5AA42A4A1A53290F3854829590A3D00EFE9A0B46CBAD62362C4BF8ACA32244572D7B8F5255D38A87DA2FDE815D88F064B10B2382CE4D6E66BBEB5611647FC5C5528DC2D2BFC201EC53F1A08AD57F4DEB6E6CC6F639EA76224DA118AF2D2E14051375022C2E3BD037349D2315A9E31DC7E31D796C3CE97945F5970F22908B0BFC3D37A0B50ED405060FC6835264712623F1D478A5E6D485287C390B5C5FE5409967F4D70981EDB3B46463B4B51296DB002415126E2CA03E27E1402BF4F93190550B70C9B726F76D4B51E3D7901D02AE6DDED7A0B7F8DB59DC7063209D93288CA25D5A7E96CD8E65080005A9760ABFF0F5A060A683D50141E17D05052723E21F1E6527C9C8CEC436ECB94B538FBBC960A96A2791363F6D047CEF02F8C6434A4FE56185588F7195A82ADF2EB410BA9F86B2BA9EE51E76133AF37AF14AD72A039EA2483D1AB76F577BF7E8681C2DF6A0F540507873A249FDD40AFF0022F84F03B62A7E5CFB89CFBED25B8CE170A590529094928B75A0A5653F4CB10EAD1538D27FCCB768CD71C74960F4B39C53C7F98DC506CEC1FA6FC57E4F106B8E2E367038D7D4CA71F5142385B9A91617042ED6F8FEEA0734CC77D761246324AAC65465B0E3A8E86EB414923B76BD029353F0D4BD7B290E265E5E2F2184529C4705B21325C5AC1F6D2167ED3F0A0B1F903C551B3184898DC0223E2FDB98896F590521410082404FF175F8D04C693A540C265325954E51EC9CE9C78BAE3CB0436806E94040ED6FBA82EE8B711F60A0CF21400373419A0280A0280A0280A0280A0280A0280A0280340ADF2B6D99BC1EE3A242C748F623E6723F4F3916BFB882FC5414DEDD3A3A682912363DBB1BE58DE3FCBD117949A1B61A8F154BF435EE7B092E70E5D6C543F7F5F8D0579CCDEDD2FC7FB765F2D9478CF8F918B17D86D5C52D2DB9002B8145B8FC53D283A3700E3D235DC73AE387DC762B2AE67F15CB4093F7F5A05265B50F2DEB79E979BD4F2DF9F457DCBC8812160AC91DDBE26E9FBB8DA83560FEA4326D49731D90D65D7B20C5C3CC437391047422DC55F1FB682DBA7F9B1AD833D1B08AC04D80F3E1414F3E3D09E28E7D4848F95A8192EF200947A795C957F2D8017FF968117E58DF327B165A3E83A5BAB9135D793F984868F14A1483F839823D283EB59FB2D7A075E171D22261E2449525532532CA1B912D5D0B8E0480A591D7BDA824010557B7DA7AFECEC683E89EC28334183DE834E53EDC7696EBAE25B6903D4E386C917B9EE7A502232FE538DAE79AF36F4C94ECDC398286A1C48CAF75B53EB6E39F480788EA9575A084DDF64DFB3D15CD9A5CE63078BC471910B12C496CC9709710DF250413EA29709EA3A5AD6A07C6ABB144CD60B1B310FB4E4C910D9932184AC2D6D29C6D255C87557451B1BD059936A0CD0141E1CBDBA0BFDF41CC1BA6C1B4AF6FDB1D56D12B0F8CC44A6994B6CA14F001FE7C0714AD36176CF5A0F9B6D6D6F6786287921463390D139191F57B1C5E5FB69413CFA2F911FEAA0FAEBF2B6E6FC9981C3A3717B31115356898A174A42A0AB9BCC947352ACA42400AB5BAFDF41D3CDF51D3B7EFA0F74050608E9409DF2965F2B17CA1A6438B29C6A3485D9E610A210B3CCF450FBA8257CB9E4A735384D63B14C991B0E4D3C71CC80541209202EC40E47974091FF2750D8F11EB7B2E135D273F905CB9D9070C85C77141419E572B472EA791EEAEB6F9505F95C437EE2BB003928FC877EB40ACF34E8199CFC08D9BC13EE8CBE18FBCC44428F17003C8F1EBFEF07C2833E2BF3141D859462B36E883B2C71EDBEDBBE80F14F42A0156B1E9D450467841E7D7BC6EC1C5A9496E528242944D873574140E29B2D88711C9525C0D4765254EBAA2004A47C4DE82B382F266959E9AA838ACB352258ECCD94851EBFC3CC00AFD9416969DBAEDF1F8DBB7EFA0FB822D419A0280A0280A0280A0280A0280A0280A00D02A3CB7AEE772BB9E85331D115222E2B25EFCF71251669AF7A32B9AD25493C6CD2BA8F88FB6817B93C3EF32BCCFB5CFD4E4FD1E46125A7B82FA3721294B492DDC9E2A26FF001E87B1B76A08229CE37E3ADD579B80E63E5E4B2F15C69971B5B616F2A42DC75B6F98FE13D6F7341D2F81493ACE3992A293F46CA0A80208FE901717EC45025360D57C8DE3E7F233B0D2979BD6E695AB2119D708751EE5CA95D157E42FF8916A08AF1BF953C59AAC35838D9CD641E5154996A0DC85927F8428949007C875FB281A7AB79A342D8F3B1F178D0FAA7BF70DA96C8474424AD44A82947F08A0DFF2D62B6DCAEA3261EB2F96726A2090145A538D149E6DA57F357DBFBE8131E3F7639C04BD57037D6FC8AE3C91224CD5290E484A3FDE36DA88BA54523F0016FBFBD05AC78FFF00506A483FE6D6F8A85C7F51C1DFAF6E140C3F1BE1B77C56364B1B66493939AE3C0B2EA545612DDBA8EB6F8D05D11F8683D5060D0446C587C7E73132B133EFF472D3C5E095712405026C41B8FC341CBF9BF10226794F2BAA6B6A4B4DC088D4D65A92B5282C7B6D734170107D5EE9B1EB6B5046EC583C26231D2B0D9AC04AC4EDBC5271EE990E2E23EB0EA3AF2715C782924FAEF607A1E36340FEF1478CF07ABC287968CDAD3969D8F65B9DC9EF71BE6B421C7380054DDBDC1FC26DF236A0658EB419A0283E6E8241B50723EF7366C7DC7706D50CC9C4FE6515EC9BA124FB2969C594DC7C52B4AD5FB6DDA83435F8FF00FCE551138A7D86A74E81966D02EB0CE259538B57229E6426CB400AB7EE3412FE328AA6B7CD1263B6F7327F5F316A29E8A256FB05401000FF0075DA83AC91D5209F9507AA0280A0E7DFD41C5C9CCDF7558F8C7847C8389298B209E210BF7094FABE140BDD873DE528DB9C189B3653F2BC9C7BB70E7BC9E2CA12E048F750E245B8A948F5285FA9EA3A1B0319BD07CF6E3616D6DAD2D0A4FA1C4BCBB1491D0DC27EDF874A06DE6B093F2BAA48C3BB28B5324C411DD9A8BFA56A47152D3D95DE81452BC09948515C972F7690CC761256EBCB0A094A527AA8FAFA74B5052FC7DE28C46EB3B32E44CDCC57D0AF8C7C8860717167F0B9C82956B9EBC7A2ADF2A0BB7E9C71AF63F63DAA0BEF7D43B11D0DADE37BA8A54524F527BDA8181E6E8B9295E36CC33010A71E284953681C94A472F5048F9D0502078730997D0F0F99D652AC56CB19A4BCDCB5F36D4A7916E69785BA505925A3CDE9C06112DB90959712D432EB494F02C721EDABD4848E3C6FCEDEAFB681A118924155CDC024FDB41B2280A0280A0280A0280A0280A0280A02830A140B2F26E9BBC6D796818FC665C6335C4FAF23C2E974BC8502800A4A4AC2C1FC3709047CED415FDCB4EF29E5B7FF006B0D9B9D89C1A623013914BB66D6F3690850536D2DAF52FB9F4817B74A0AD6CDE22F27469987932324EEECC31251CF16FB8B6C0EC797F55D28E364DAE08B77EB40FE429F5C342D29431216D5D2C950284ACA7F09524A6E01E97028130D78B7C83B9E664CADF32AA8B8A8CEA846C7445801C483D149B1E28491F120A8D033705E38D1F02C018EC4466F8A6CA7D480E2D43E20AD614AFEDA0978781C230F264C7811D97C5C25E43684ABEDB2AC2824F8023B75F8DBA76FBE814BE63F16CACF86F60D691ECED701C49429BE2D97D17B0BAAE3D4D8174A89EB6E3F703035E73383030BF39535F9B25A4266860F2417058ACA6C3B916E9DBAF4E9413894829171D48EBFE9A0F600B50141836EA68223338C465F133318E3CE476A634E36A759F4B894A871252472EBF0ED40989BE22F28EB6DB92350D9D725B4A4811A57F4DE011D0A50EAB9B679587E2E02822A078DFCC1BA30A6B6C9EBC7A633897237D63519F4AD68F4929E0E731DCF4E3F0B5E81A7A2EABBCE1728EB99FD946661160B6D440CFB41B5F2414ABAA966DC4100503007F6D06680A0F2BBD8FF006D020F3DA1F9618DB7659BAF350978DCFAF83E896A6DCE6C8B91E9503C7F1DCD044E2B40F38E35F62544898B0EC785F95B5FEE55FF000C55CD4DFA810791FC44F5A0D9C278E7CB6D6EBADE627C7C7B1130EEA1A0DC52CB284445B8B2F84328094FE05AAD41D10DDCA7A9B9F89ED41EE80A0F2B3D0D02C3C83A367F35BEEB19A80DB6A818A57FC6296B09558B855D01EF413FBEE8F85DBB02F6327242140728B2923D4CBA05D2A07EFEE2820BC2983DE70582918BD9D482D467D48C6597CDD0D03C55757F25C0522FD7ADBECA062AEDC09B0247D9F337A05EF95F45D83738F02044CB7D06392F7FF358E6C92E347BA9241F52936B84ABD27E36B505B359D6F17AEE22362718C06E24600027AA94B1DD6B5750544FDD415CF1D78EE6EB3B0EC3939129A7DBCC3C5D65B6C2B92015157AAFF7D05F6E951209041F874FF5D0086D09E812001F2FB683D06D29BF4EBF2FDB7FF4D07B1F3F8D06680A0280A0280A0280A0280A0280A0283CA8FC2829DE45D89BC56AB9D5C69EDC5CBB509E721FAD01D0A293C4A52AE449BA7A74A055E9EC799F61D7E16562EF5123A65A096E33E941790028A47305B59BF4BD078DC64F9DF4AC51CDC9DAA2646036E210F30DB2DAD67DC5587A0B03A1247E155E81DD8BC94B9FAF44C9FB379522237212CF649716D05F1B9B01EA36EF40ACCC6C9E74C9E39F88E69DF4A1E49024469FECB8816FC40A5CF87FB540BBD6F79F36B50B318E86A7325171E85A25BB2DC0E3B1FA2812CC94A9A5A962D7F4957CAC2818FE1ADB7C973B1F8967278B32708E257CF3F22497242C004A79A4A94A3C8F4A074A4923A8EBF6D0547CB3224C2F1D67A5C37571A535154A6A432A285A15C922E92922D41A3E11973B21E30C2CD9F25E9935DFA92F4A90E2DD7565329D48E6B59529560903A9ED417D4001007C80A0F5405060FC7E7411F3E6C68111F9731D0D45650A7642D5D92DA4753FB2811398CF6D1B8F95A46274BDB4C5C6982992DB8C2FDD653C1084287B683D14A2BF950785623CA2DEC89D751E498C730B6CBBF424AC2C21BEA41B36E245927F0A8857C7A8A0B1F87B73DC27EC59FD67699AD4D978459024A5284A9494ACA16925284254806C4740AF9FCA81CC9ED419A0283E6B00DC7FA3EDA0516D1BB6D5A5F901B733AB4BFA4E538B31DF6D16119CEA0955BADEFF008FBDD3D471B1A0AB45F2DFF9737EDC5BCABF3F2ACB8F0461F1CDACBA81FD457540512DA122E9171FB8D059BC6F3F7ACD6EB3733B14B462D97238FA7D4D2B4A968602AC875D696429BB28A895A9295A89FE516A07123B507AA0283CAFB1FF0096811BE789FE548B1722E63CB2CE9E969AF724A1484490B3F8AC7925CB73F95042E3735E7D81ABC3C89731CCE11B8CDA9A99296CA545AB0375A9C527D4AFB7F75FAD07ACE791FCE5A7C68599D82263DEC3BCF25176BDA5217C93EE71429A528825295595FDB40F0C9BD94918694BC3AD027B91566029E17407D4D5DAF70F5E49E5626DF2A053E7B27E76C44175FCBE67051994B4EBCEAB8BBCF8342EB5210DA02CF04F5F4D054B4DD3BCBEEF0DA35CD8E32589BC96952DE9250B0851E482D4B6EFC4107B8340CEF1B6F3BEE5F31270F9FC7C2508214DC8C9C07D0A40791D90B6D0A74A54A1D6CA29FB0506E79BF3F98C26812B218994B87350F3486DE410080A3D7A2811D876B5046F85BC9D236780BC4E6D6A6F64803FAC9524A14F35D92E84A923D5FCC281A6DA956BF407B903AD07D127A7DB7F8D07AA0280A0280A0280A0280A0280A0280A0F2AF8D025FCEBAC692FA98C86592E233B9248C7629FE4AF692F0B96D4E25215E9E4BF574A0A242F1C78DF1B939BAD6D066A72987806764B2915C498DC484AACD25482E5F8B89F4F1A0ADE36564D9DB62E2BC772E7BD15654588795082CAD68F51E285F26CF44F52508577F8D075AC15C9631CC2A696D3292CA4CC2C829642C241708BDFD20DED7B50737791F6271EDF320616F5262E29C8CA9118C590EA99FA8427A470969D1624DBAFDB415975BD83253A3CD832DEFCD5182FAC90FF00B8BF75E0D1056975CBDD5C93DEFDE81A1E18F2346CD6EF976DF9CF21B9CC464E360BCB2A425684ABDDF6D17E29FD940F94DB8D0533CCA6FE2FD8EDFF007457FEB268343C047FFB4D80F95A57FF00E5BD40C41DA80A02803DA82372912049832634E6D2E42792A121B5DC24A4A6C7911D40FBA839677B6357D3F79F6354394C76420AD9757F4CB4BAD29A7D285A83456A4AEFC5560950209A0DED53C85E37C06C13336C6BB949B9675F5B887A5143863FBA4FA5014BB83DC72EB6F894DCDC191E21DAB4BD9337979F84C23D0322F27DF9D31F5730F179CE764D96B4FA6E0F403EEA07022C1200BF4F9F7A0F540507C966C6F7EDD3F7DFE54087DBE2F92E74E99024ECB82FA0F7F9350A67B44A025416DF2429B37526C3BD054B0787F26C0DA32D926B2B8FC6CAC82B99CAC9080CCA1CBF1473C3F08F894DBBF5A0B46AFA8F939CF25E2B689B92C76538B5ECE424B0F22C63AAFD148425B2A590A1C38A6D748B9E341D0091D05C507AA0283CAAD6EB40A6F3F6D18387ADAB5DC817D0F6640F61D6501C03DB502410549F95028B27B7EA39A770703312F2CBC262A236CAB12DB296C3CF3638F3E5CFA050EE482A1D811417595BFF008AF6F8F86D1DDC6E49B86994C35023A53C00528298682CF25AFDB1EEDD5F2A06F6D8FCEC769F987F120FD6438121701360AB38D34A280124F5F52477EF408AC2EF2CEE5B2E971E6B8A9996871728D6643CD048529F6886C710024A4A11DADF7D053A3E3CCBC0E3DD0F3CD881891218690B290A5898A002C8EFD3A8A067F84B616D8DEB65C2AD2B5B935D448123A1480D3607126FDD7CA82D7FA890078BE5902DFD667EC23A9F95057B65F1465F2C8C06C7A8CB462B36D456D125D2A53695A3DB1EBF48EFF0A081CCEB3E7EC1E2E5E5DDD9D0B6A0345F75097028F045D4B3C16848364DE81B3E27DA325B3E8D8CCD4F29FAB909712F04D9295165D5B4576F872E1722F41771D85014050140501405014050140501405061540B2F326A19BD8D5AE9C433EF1C7E491265DD49012848173651FF0067B5052772F1FEEF9EF2F6624E1DC563A3BD09B4A67BA82B8EE80D3685B2AF4AC2B97C88F81A0D5C7EBBE595792F5C919DC6B6B6B13FD213A2A12963E9F9594A5713C41F97447DDF0A07DCE8A66639F8DF854FB4B641FE5E49205FB74A041617C55E50C1455E3A2E2F09918A8716B69F98DA1C5FACFF0032968EF61410F90D37CA32F679711FC7458729CC4AA32550816E225A25078A08E48E561DB950307C5DA12B01BCE71F7B16510D88F11BC5CC5B7E9528254977DB5806E6E7ADA81C48BD877EBDEE2DFD94154F29C19991D033906132A9129F8EA4B4C205D4A3706DD0FD9411FE18C5E5317E37C3637251D70E7C7448F723B838A925529D29B8FB5241A0BEA0F41F2A0F6280A0C2BB5045E7F0F1F3389978B7D6A4332DA2D3AB45B900AF95E839F63681E49D0B799B3F5188ACC45317E95A952EC4A9A50438A4F1E40F4711C47C3E3419D6F1BE71D77339DCA43C034B91B0C84CA9A959BA12B4A9C5FF004FD5D3D4E9EF416CF026BDBCEB51A6E1B378F4C5C62966634EA8A54B53EB2DA6DDFB714F7A07324A427BDC7CE833CFF67ECA039F5FECFF00CBA5060F6247CBA9ED40809FE229B9EDBF769792C52D624A14BD7E4B8B2DA54F2B901C49B26C0F13EAA0856FC65E44CAC8D5707B061DB183C238A65E7D978294A65C5A3DCE5C2FD071F8505A7FF085DD5BC97AD6474F624231A9539F9C296E5DA432480A476170A049B1F88F9D03C917B0A0F540507973F0D028BCC7AB6E395CDE032BADC244C5E2CAD6B4B8A4A51727A72E453414DC9EB9E6D9FB7E376973050533714D965865B5A0B2A0BE6492907BFF0050DE836B1BAD7981EF23C1DAE6E1623247B71A4A50B4704472BE0B5245EFC8249340FDB928E36B1F4823E1FF002D02DF7CD426379CC66CF80C7B4F1C446C82DF86C2425D90F3ED24320F04DC92ABD02F309E16DEB23AF621C6E53786E118C49F0A4256974A12FA9CB1F41F9FC2818DE23D5B2986CA6D0BC8C62D0932DA54477E0E3686F89293DF893D6837FCD9AF65B60D0A4E3714C193314F34A4B60817009B9B9A0B46BAC3D170D063484707988E84BA9B8365252011DFE741F4CDE363657132F1D26E634C6D4D3A52A00F050B1B1B1EE0D06B6AFADE2B5BC43385C636A6E1460AF6D0B57351F71456A249EF72A37A09D1D85014050140501405014050140501405007B502E3C99BB65F5EDAF4CC6C14B6A8FB04D3166170125280EB08F47DBC5F57F65053323E51D8F07E45DBD87512B2D0A12184E3B1CD27921B75E0D00A361CADD4DFAFC7EDA0813E49F2364349D9B617A5880E4199158891994F15475FBE94AD3D7F1248279DFE2281FD849AE3BAEC19D295752E2B6FBCE7C2E501649141A1AC6EB83DA5A92EE15F53ACC45FB4FAC208017D7F0DE829FE27D873395DA36D8F9196B92CC1985119B72C43693D2C3A7D9412BAF6F393C8792F35AB3ACB421631A0B61D17E6A248B8341BFE56CFCFC078FB2B96C62C35322860B2B201039BEDA0F4FF00A2A2282A5E17F2B48DB60BB89CDAD2DEC1151EE254071F7E3AEC7DC4A7BDD215D6DF0EBF3A06DA4585CDEE6DD4F7E9F3EB41F54DBA7DD41E850141E557B1A08ACEC876261F212D9B7D4478CEBCD5C5C726D04A6E3E23A5020F15E5CF2EB88C0E466887F91E6320884DB886873FF7C195D937042BBF1A0B24FCCEC73FC9BBBEBEC66FF2E888C6C654275E50F61871C6E397162F620F17156EBDE80F056F3B5E672B9AC265667E710F1A951632A3A05292E70002AC3D2B49E42FD45A826BCAFE46C969B99D73D4118598FAC655CF6CBABF6D0A49B23B1B94F2A0A42FF5038D1E47FAB564642B4EFA750F63DAB2D2F84923D3F8BA9A0AEB1E7DCE3184CEA119571DCB3D382F13EF33C928860AB90E8000AEDF8AF41D338398B9B86852D44A96FC76DD513F152922FF00DB40ADF336F99AD733FADB5847D5202DD78CFC6B0A492F01C4A5040BA85FADA835727FA8DC0FF96A43F0D9798D8D1FD26317213EB0E3970167B5D09B5C8F9F4A0F8B1B96FA8DDF40632CAFCB9CCBB2B46531C8B142D2952B82C8B7A546FD8503D93DA833405078701228133E52D9B7E677983AFEAF3598A9910D4FBBEF04F101B2AE4A2A3D7B0A0ABB1B2F989DC73190FF0034629112429C432F38B424294D2B8A826E3ECA0D6C8F91BCB7AF4139B7F318ECB408EEB6CC8659525C214E85291CB8816E696D76A0E898CBF761A1EB9B38D85917BDAE01B5E8104CEC7E54D73C8F9ED7F1485663DF70BD0D330A8A12D0BB880851E82C972D6FB2823B7BDD3CC8D6530D167454E325BCF5A3468ABEAF90A1D163E540D2D273BE5B979E6D9D9B0CC43C596D65721A55D61605D2937BFE2574A09CF206F08D4716DCC5427F22F3EA2D478EC249E4B0397AAC0F4A05C62E7F96F65CEC5CE64E48D4F5C8CB05B6DCB02E2147B1E7F88AA837FC8FE50DEF1AE64A2EBD855A63635295CCCCBE92A6B8AAC3922C6C6E154175F154BCCCDD1B1737332D33674E68492F01C484BE7DC4A15DBAA01B74A0B9A7F08FBA833405014050140501405014050140501409DF33C199277DF1BBB1A2BAFB51B2A56FB8D36A5A5B4FBF10A94BE23D22C3BFFAA828B9797BA63BCD3B66475765331D86197674350E5EE301B649013DFA109EBFB682022651737C67BEADD697193272D0DF4475DC90644A2A5360F5BA9013655074D61A3191AA418E91C0AE036DA476B12C003E5DA8111AD45F31F8EDFC963317AF8C8C29123DD6DEE84285C80BB850F87CE82034BF236DBABE5F3B94730E1C8AFCA4AB366C7FA04ABAF120DBFF002140C7F1BE423E47CD7B2CF8AE0758910DA5B2B16EA95D88A0B6F9EC27FF0009F3F717B223DBFC53540BA3E31CB64F4CD336BD45C11767870A3A56AB84075AF6FE27A8E42F6FB53DE833323FEA5E0C75C85CD61418415AD2952157B7A85BEC22818BE19DD721B8E98DE527802636FB91DD5A7A05704A541561F1B2E81829B5BA76A0CD060D0446D600D672E6DDA149FF00F74AA0E66931A548F10E851E3385892F665F6E348009F6DC5CA5A5B73BF74937A0CC0F1BAE7F90F63C66C9929592771109B9B25D8E485C925A65D4367975ECAE3FB0503B7C49234995A9A1DD423AE3E3FDD534F25DFF007A5C001529D57F11B28506BF9A1AC98D2A5CC86C30F2E22D2F3A99080BFE90212A52397655BF7D02925E77C5F3737AE6CA1D8F09961BB6570C88EA5952C9B587E14D05570D9ED0BF24D971D926D4DCAC9CC2E6325B6CA5C2CB5C891D390B7A7E141D3FE35C9439FA3E25D84B71D8C96421A5B89085A823D3D81577EF40A2DDB4B89ACF9475ECD4575E9B2B2B35F92633845C06ECA434D93637E4AF88EA2821F3BE3CDD33F0B33E429A838ECB43784A81894A402198EAF5ACA7E3C528494FCF89F8D04BC6DAD7B7F917C6D35E6D4C643E95C76732524754170958BDBA2BD92AFF00A341D1A8BDBE5F6507AA028307B5025B7ABFFE36E3003FFF00A5936FFD15502C837887B5CF1F379B524629790C97D6159212125F3DF8DCFEEA0B678970FA1E536EDDB0084312F16E3D1DFC54624A82DB64BE90E8B0EBC39FF6D03D331297030D3243160A8B196B691D6DE841E23AFDA9B5072F635BC649C541D8367DCE741C9653DE75969A4F3052DB8A4771DB9107F75042EE475867F2F998ADB26E626B4F04ACBE9216CB6492A5B6A3FC438F4140EDF0D6C7A9B53646120EC72B3B3A78F7DA12926E84B493CECA34170F22EBFB1E731B199D7B289C5CC61E0FFBC4720BE3D00BDFA5026B23B5E7B37195AC6ECC2B278C65EBFE798A5A4FB4EB49B5DD1F83D37B9E541F5D8B4AF2760757971F5ECAFF0099B56C833C4B2A01D750DAFB2922E6FDBBA4D038FC5D0F290748C363F28CAA34D8B152D3AC2FF12781B26E7E7C282E49FC23E1D3B50140501405014050140501418576A0C15816FB7B506790A0C158A05A794879327E4F1F85D4CB70A04A4972765891C9B2DA82B87507B8B0B7C6E4505636693E5447929DC5EA6DC661C7E1B2F48C93F1021A75CE203A3DE2DAFB94744FECA0AB6E9AEF96D2E6251B5466B2F853352E3D1B0C8B15397E5FD40D3683D41EE411F750748C152170E3A908532D9424A195801481C4592A03A023B507D565201F82477B7EDA04A78D304DE4333BFC0C9C750873E494717125295255700A2E2D7EC6831E1AF17ECDA76EB987A735CB16A6BDA832B903CD215E9040EDD282EFE64C5E472BE34CD63F1CC2E4CC792C069940F52AD25A52ADF3E291CA8247C6B0A542D0F030E6B263CA8F09943CCAFF001254100149FBBB504DCC8A25C47E22C94A5D429B52936E43DCF49207ABE7F2A087D1749C4E9D85389C629C530E3AA7D6A70DD45C580927ECFC341684F61405060D045E763BB330D9088CD8BB223BAD2028DBD4E214917FB3A8A0E751E27F3523198AC42550044C2CB3371EDF300890A59705D7ED9BFA8DEC6824A2E93E7E89B46476469FC7FE6F936511E5BA7894143694A536416EC9FF0074917A09FF0004EABBB6B733628D9A69B621BAFA6C94DEC642501C2A6521213ED96DCB2ADF2B0EB418FD4340D96644C3A6344932F00979C5E5988814A74DADC7D080A558A791BDBBDBB5054F5CD265C3C963B6DD3B06A99839EB11646232607B8DF020296951E4AE1C927D47B7C683E5A761F77731DB1E3F018B431265E64B2F4D791C551583C95C9B4A80B8E9DD341D118A8AEC4811A32D41F71A6D2DB8E0012952C27AAC0000EA68288DC3F25E53C9024CB6E342D5F10E2BD84A8052DF4AD364A927BA55F1BDC016B505271D8CF366CB95CC88D9A918A831A5B8CB2CCC6DC425682494A9B0A01253C45BE541F4F1F6B9B6E07CB8E1D9E03F967CC54B71338D02A8EC36B0504DD49E02E3D2537BFCAE0D0741A2F60683D50141E577B1A04A794B19B9B3E47C767F0586565988F0571DD47209410E129502AE4083634156441DBD3898B8B7FC68CC883054EBB144874BAA41755CDC20A9D27AA8DA836F04FEF3AF4EFAEC4F8C634295C14D7B8DAC025078129FF79DAE01A0796463C89B87931D5643F263ADB524F5016B41F95FF9CD021B5AD4B7A7F5B97A24DC037126426642A0E71DB14F22E0521095A7DC49E4A57DFDEE058D06B65B40F29C8D706155ABE3176425BFAC6549123D1D0BA544F5574EF40E2F1BEAAD62B5AC63990C533073ECB01B92B6D282E02390BF348F88B5E83EDBFE2377C8C5889D53268C53CDAD6652969E416820580EF7A0E74C0685E57C8EBF9E8F8B2B44732AD3A1BA16C992A1D79365C48BA7A7F35A827BC7513CD135838585909184631E3DB69B951561A2126D64B96E24F4EB40FAD1F1DB463F08236C939390C9FB8A51908161C147D293F7505993F847DD40501405014050140501405041EF13E763F52CACD82E7B5323C7538C3BC42F8AD3D41E2AB83FB681349F34EF50B0BAC08B8D67353F36C2945C50524B8F85105B4A5B284A6C07CA825B0FE779C8C1E6727B1E2030EE264B51570E31525CE4B0A2797BA7E1C3E14164F1DF97F17BB64E5E36263E4437A2361D597CA0DC136B710790A0F5E66DC735A96A48CA624B4257D5B4C5DF0148E2B0B2A0493D3F08A0D5D93CBB123E33212B576139AC862650672908590EB4C36A2979C091652D2929FC49040BF5EC6821739E78852B5EC72F516C4DD8728E263B58C582A530ABD97EE0F88EB64DBFE4B50355B9530621321E8E3EB431EE3CC367927DC08BA9285589239F44D027727E7ADC71AA61190D1E4445C9586A2FBCE2DB4ADD3D909E4D027A506B42FD42E54CA6D2E6A8E311DE96884B91EF1E0DB8B504149FE9A815826FC7A505BBC77E429599DAF62C2E5A5341D8B296DE363A5210B2CB7DCF4FC56BFC682E1B96524E2756CBE521948950A2BCF30542E02D09B8E9F78A05FE3BCF9AD4585888F9DF7C6626C48CF3E586925A2E4942540254549EFCBA8B74A0D3CBF9ADC999C898DC2728AEC6CE378BC92248439EE34A2E24A917374F547ECA074A2C4588F876FB283E83B7CBECA02830ABDBEDF950456666BF0F0F366B400762C779E4055F8953682A015F87A5C7CE810317CF7E549A61A98C3E2929C8A5661171C2DFB8969C2DA824BB25BFE3047DBF0BD04AE57CADE70C545FACC9EAB8D871C0EAE3CBE009F8A527EA45D5D3B241A0B6F8C3C9998DA32792C1E7F18DE3B2F8D6D0EAD0D12B6CA1761F12BE3D54143AFE1228363CB5E40775885131F10A1ACA65C96E1CC905298CC94A8052DDE617F3E9D28294F798F7B818D532E27033F26A90DC784214A4BE97BDC242965B65CE49B76BAADF7506AE47CBDBF42C7C9464198789C86372B1E1CC119B0E2436E0E4B07DC2F7F0FF0012281E382CE63F358A8F91C73C99116426EDBC9BD947E36E411414AF2E79033FA8C7C3AB071234B979290A8E189009BA8F0E213C16DDB9295FCD415A7B7BFD4232B1EF69F012924202B9DD3EA200B2C4822EAE400E97BFC0FC43EFACF9777046E58ED6373D7D18A9B9003D875A52AC14AB949EEE8214A01164F6BF5B503A1A55D03ADFA507BA0283CABB1BF6A0A9792F689BAC69F90CDC1434F49889494B4F72E0792D29B109293FC5F3140B58FE46F3F4D82D4F89A8C1722C9683CC3E85F4285F50B27EA15F3BF12283E327CD7E48D755124EDDAB33171725C0DA64B0A50BA55D7A28B8F27971BABAFCA81CB9E464DCC3CC4E21D433945C771301C77A3697D6821B2A002C7E202FE93D2F409744EF3BB99C938346DD82FCD21B497A547E093C107E04FD2F1E4075E3DEC7ED06835A1EC5E63C84A6E342DF75B932247A58690E32A5ACDEFC5368DD7A7D940C3F1FEFCB913C6A59C9A99DB545429D9B223B25A8E6DD52849525925563FC9634179C938A6B1EFBCD901C69B538DFFD24A49A0456A7E6FDFD50244997ABC8CEC243EB6CCD8890828E24FA4A1B42C7403B90282672DFA8DD57FCB732463D2F37B001ECC6C6C868A5C0F2FA7236E49294773D795FA148BD031347C8EC591D6E1CDCF45441C9BED853915172123F84A927AA4A93D78FF0F6A0B327F08FBBE3419A0280A0280A0280A0280A083DDD295E9F984AC5D3F48EDC1FB104FC28394B0F9FDBDA4E97F4F84F7D38E75671241501294A2428587F2D07CB219AD99F6B6344BC47B0DCCCB34F64DE0AFF00F867C13667AF537EB40E9D0D2079C36AEC07D044E3D2D6B2107D3F677A0AFF00EA7F0B9B7188F99FAF52706C7B51BF2B215C0BEA2E294F75E0D801000EAAE96E87A9A0A2ECDB265333BBE3F21AEE25781DD1843872D0C028F7253292E5D41690161681F8549B9BD8F2E8683671B9EC66273D87F256221A118F92F18D9DC62402634858BAD4D73B292971375A7A77B8FB283A79E509F8D2EC37793729852A3BCD9E8A0E23D2AEC2DDFF009A839AA56B5E61691031AFEBEECFFC9724E6423CB5389754EA9560015F251E360085DE808DADF942529983235979961ECC379475EE47936792792789502401D6F4170F14EA78B9BE4CDAB39252B33B1B356DC5285D903DC07928A527AFFD65505C7CDFB0CBC468138B10FEB0CF060B894937690EB4B529CB00AB84A507E22811C109389C8ACD8388C56B85B5F629E4E3083637FE2B7C4FEFA08DC96332917647363C7321F786CD2A3371944A52A79B712EB093FC5EBBAC7DD41D1FE2AF204ADD30D2A64D8820CF832151A5476AE537001BFA8923ADE82FC8FC23EEA0F5401A087DAC7FF4CE608FFB949EFF00FE52A8393F259084D78CF5C80EE1E32DC92A97FF00D43252F831C196E8284961256A091EAB7AFE7C3B5C3E7B26BD8FD799D7F2273F176D65C6D2EB58877EABDB2D059E5C7DB27FA7EE36A4594526E00E07A8A0E89F1EEB3836C0DB9980FE2F239C6190EC1716AE2CA1B01286D09E0CF100363F87B7D9411DE6A95898D89852331ABBDB0434BC7DE75A2B488A9E249714536577F87449F8AAF6A04F6B7ABEB9B140913B1798C1E1333F5A9771719C53A85B0D346E13C5E539CB90B2BD3CBFE97C28378EB13F3CE65716EE66066736BC9312F26A6D498CD96D238B850E2DB650E1B7FEED24FDB41D17AFE2F178AC547858B6DB620349E2CA1B57A53F1365052EE7F6D022FCB7E32FCA72DFE668FB2B71DC913153588393252DAA424851F6D681C3BA458148FB4FC68347219B89BC8C3BDB5EF113178D4B4977218988B5A5C0FA56528B587024A789E4B24A55F86E282F12E578D36CDE75CC9A36943D3311EDB702123D45F78AC29216E2C58951B0B0EFDFA5038DB00245AFFB7BD07BA0283C384F1361D6812BE6AF18B39512F63736438605A432F3326E62AB87E0054DFF00513723E4BFB8505063ECB91CDEA71758C9EDF8DC1C387204490A656E295221842424F26BEDBD90548E5DD4282DB9EFFC20CD69D8AD4DFDC8351318EA56990E2D2E4870715A38DCA6C38F3E9E93D876A07702CC589C9C58430CB775BAB3609420104A94404F61D4DE839FFCBB3344CD6C8F2F1B1B272B608F1838F653041B71852140801E5859E407A525438DBA7536A0A0BACE868D5B5171D7D2C4C75E78675D88B419A9642CF02A6C90B4F4FC3703A7CE81D1E25D86049DC32F82C3065781830A3AE04C095092EA79040F71D580B57C6C0FECB0A0B5F92B493B4E25B67F377F0C61A96EFBB193C811C3AF24A08528014082C4E437CD6B1096F5ED81A4EA32A7FD33D994B4D20B6EACD8970CA4A5C4F62AFC4074E8BA093CE68DE3E770F332B177D6723B8B444C6663D2994A56EB5EA0DA53CD4791E371752BD5617B503CFC6D33609FA8E3A467929464D4D7F58B6E2161C49174BB76D453C969B5FA77341724F61F7501405014050140501405014111B7385BD5B2AB0DADE222BB66DB4F351BA08E891DE8397F0784F29B18BD672B1B06ECD6B16EADDC633C7B2143AFBA8084AC725765158A0B2E23C79BEEC981D9912A07E5594C9E4589AD265F343774855FA84DCFE2F88A0BB78CF41DDF0FB5E533FB44B8B2DFC930DB1CA39FE4E89E894240B016A0F7E699EA90C40D61AD65DD865649D0FB0D9538D47429AE8A2E38CA90B0521573C8A523B9A0AF6D3BEBA8F25496B1DA00CE67310CB379AD38A53C84BAD21DECD34F27D2A78A4289EBD7E06D41537E46DCFE45C84FE852A1EA595929767E2C30B256F2D7C8382425B6DC4D944714A8D876ED41D1231C98F8854482DAA3B698A598ED26E148FE9D90058F74FCE8398D89C8187FF2F6E70360912E0CC75E4CB86E242D7C871FEA19015F2E8ABD0671A7C7F1E7C592D62F6C5161D6DC485BAC2905495057AEC90AE3F320D05C3C5BAFE466F95F61CEC69AA8D0E1CC784B8892B4FBC1D176F971F4A8249F8D0377C92827C7DB0A458A8E3E42426E4DC968803A8BD073FB3A47907210A048C463049C3E4F19894C8905C425C09861B77D095A9247F51052AF4F5141BF2B0B95C7BD1113A23B1552B7971E603A828F71B58B21690B0094923B8B8340F4D3B4BC2EAB1E5B58C53CE09D2152A42DE5A5C597566E48E294F4A0B3A7E1419A00D042ED4A5AB5BCBA47730E48481DFAB4A03E741C9B0F7570EA38BD4DE77290B14C97CE65A8919A25EF79F2EB610B5290B238AAC6E3B8ECAA0F190C96918FFA2C8E991F3989CFC1B169F7DB65685DAE9E4B01656837F4AAC929E9629A07DF897CA076E6910254579BCCC38C1C9F254CA5A8EBF55AC84A56B3D6E3F101F70BD06AF9D76CDBB011712704FF00D0C794F94CFC8065320B7D3D20A4A5CEE3AFE1BD02EB19E22CEEFB153986F378E9310BA52EBA8C7982E28A0852D278B0D124F2B1A08695A0E2E2E736A811F11332CE407588D8D446594D9C7001C96A06E517BDFA5C5074968980560756818B4B5EC7B4D02E3657EE1438A1750E5C537EBF302810FE66C4EF38ECB4299B1496F27ADAF20B911613439290D85A54E36A2A436AB70FC22F6F95056B23B3688F6EF8ACB44D59E635E891D4DCFC6FB69B38E90F0E4121453D4AD1DCDFD34131E3ECD6A8EF9991358D7DC8D889DECC5C4C2E09B4590A0C02E9B2B884828576FE63FED583AB507D23FE7FF9683D50141F27812D9EBFBA810FFA85C46FBF412E7C69E85EACA4B28771B6E4E25D48E8A1C9047E2FE557DF40ADD8F3FA74FC361E2E2F587624E82E36AC8BDEDA561F42000B47A7DCFC5D7BDA83633BB168B3764C2CFC76A6F45C444246561FB77FA8EDD6C95282BE5EA3FB283A936581233DA764E047F43F9380F32C9B8F4AA432A4A7AF5EDCA839BB0F86DF3013A0BDFE4BC9BB2A035F4D2CC475D4C694DA54E109712842F9A4055AC0DBECA09284BC8C4902447F0F3A87906FCAF35405BE616950F9D05BFC2D1B617F7BCF66727AFC8C0449911A6A3C771A71B693C141010DA9494F608A0BAF9430FB9E5307EC6B19318CB1519ABB0495B21255C50405281F9D073B6263EED97D11ED731DAFBD91809C8AA5AF26D170F271B0A4A93D1248BDCFDB412F957B52878795173BE36958294E34B4429E15254943DC78A5DB381A5710BB294072EDD2FDA81E3E1686CC2F1D6262B5384F6D09738C8487026CB756E2400E84AFD29501750A0BFA7B0A0280A0280A0280A0280A02834334BC8230F3158D6D2F4F0DABE99B59B24AED6009A04D4EF2C79321E0A6BB33582CE4F10A42F2122E4B05826CA5A00F51361DEF603A9F95078CD79A727998664698965B441530A96B98004BCB745FE9D92AB7F52E0F71D476A0B578F3CC588DBA52B12B8EEE3F3CCB6A3221AC1B5DA23DCB2FB58150EF634121E5ADB721A969CEE6A0210ECB43AD3410E851490E2BAF63F65054731E5EC66B7B0ADCC96B0EA132A330A773D1591C9E0A610B5722A4852928E890391E82D41E76DF3FE111818B2F5394D4BC82E4250F4290958712DABB9E2483D0DAC7AD035DB9AE8C289A5B2B5FD387F826FD4F0E5C537B1A053C4FD48C7901496B58C83AA695C1E2D84282163F1036574A0F4F7EA3588E10B97AC6463B6A294F377804DD44A45CAD43F75A82C582DADB77C9F92D72362E2C68C61B33DC96D36943EEB8E212B3EE587ABFDE7C7E5417F5A12E37EDAD21485776C8B8B5BE37E847DF40A1DEFCE3035CD86161700C33350D2D29CAB81410D32851084B695245814AD414AF87F0F72282D87C95E2EC82D92E66B1CEA90BE4C7BCB4724AC7C50177295D05C214D8B323A24467D1223B82EDBA8505820FC411D283713D85066830AEC682332B2CC2C54C9C96F9B911875E4A49201E0952AD7B74ED409383E7BDE27C66DF83A5AE4B2FF20CB8DBCB295969441E3FD3F98EBF71A0DA73CE7E416D05D7743710D72B0529F5A527E3F16EDD2D7EFF003A0B1F8C3CA798DC73594C74EC1FE58BC62125E51714E10E294525042908B1FF0051A0B06E9E44D73535C463321F26725C2D25B654EA7FA7C410AB5FBF2140BFCFFEA135EC7E3D3FE56C72A439CAEA8EEB0EC540BFF2A92DA93CBF7507DF59FD44EAB2D294E6E23B8692AB079E5365C6893FFC4482A1D7E6281AF8CCA40CAC06A7635F43F11E492C3CDF54ABE56EDD076A05B663CAFBAC1CC4C891F49992D88EF290D4949584AD29ECA1647C6DF3A0D63E65DF3A72D02772EA01E4AFB3E3C7ECA0305E709CEED78DC0EC1AF48C2AF28B4B319D79655FD45D929E8509E9CD5C7A1FF981CA8EDFF2507AA0283CAC5C5A8157E4AF2B66357D858C2E3707F9B38F465495292E94290949BA89010BEC013410713CCFE4D98CA1F8DA0BCFB46C50E21D75693717BDD2DFC3EDA0D691FA83D9B18BF733FA73B120A16969F703AA5AD0A5588490A401750EB40E80B063879B1EE0282A6922E0AB902AB254AB26E7A74A04C0FD47C96F23271CE6B12BF308EB71B7180B057C506C4116E8AE809EFF0061A0D9D73CB9B56C3BB4484BC3BB0302A65C5494B8D92F15B6852C59415C45FB58D05BB41F2065B6ACB4F4B78491030B1525B626C9052A5BA924293C2C9EDFECDFEDA091F24EF91F4BC08CABB0D5352B752C9612403FD407E77F9502B93FA8E810DB7998DA93B11B6ACEBE86F8A027974E4B0948B5CFC4D04A4EF3B62843CD46CBE2843BE3D32B14C4A097512FDD484A7D048491C94936F8A6F40C7D0F372F39ABE3B2B2E1A71CFCB6799897E41282471B1F914D95D7E741681D850140501405014050140500683472C97D5899898EE861FF006D5ED3C6D64280E8A37F91A043C7CEECDAEE1B353866D9DCA7B65A564E1A15C9B8AC15594B02C428DBA580E9DE82A3B461F4E4E299DC756CB88717EA5A71EC0BC14E044CB152525A04F6E27AA85035FC33A56630AD64B239E8D106567C83263BAD142945A7426F622E40247517A0ADFEA633B9D6F1AD609104AB0AF34D4A953FAA949703AB4A5BB0B01D81BFDB41F7CCE57CAB9349C5E298838FC2416A3B2EE5A671B2CAE3B4F0E25CB27A05F5B24F6B5052778C56A88D1A04A84FC4C86C10A7B4C6572108290DAFDDF7169494F1426F64F703E141D3D86EB8682907BC76FAFF00D4141CB8F39B6C07F3B90C3E7D58D65DCD884E4545B9153EB23DDEB7F48A0F96DA77A771D9E6725B2AB231F099066298AAE3C5F5ABAA56902DD2EAA0B8788B3598CCF97B2337310FE8321F95B6D391EC6FC5B43684AFAFF304D035BC93126CED525C78B9618471C5B695CD24213C54A0952093FCC0F4B502CB78F18E0B4DF0C670C250979194987F5792510A5B8954D8E4A517BD9078FEDF8D07BD7FC53E3BCA78F6164530C3F9656352F3C23BD770BC5AE44F0F5595720F6A0B27E9D20E56268218C9B2E30E2263BED34E852486D48414F10AEB6EAAFDD40D8484D85BB7C283D5016A088DA923FCB397BFFDCA45BFEC9428395B01B27E42AD1328EB4F3ECB31B245C619B95ACB9225B57E23F954A49FBA82AD372EE49D5A333224E41C7DA702196DDB98692B79C755F1F52F89FC3F7FDD41D13E1937DF3C94542C7F336BA77E9CA474A095F3919CD6892F2101F4C49909485078A52A24150BB639036BFC6D408699B2E562C189360EDA8CA4F52992BC5A6380B2556E48B96EDD0FA6827737B76F13770C5B52F4D6D2B532A08C0FA54895F02BFC37BFDD40FBD1BEA46AB0532712306B082918C492434127A0140B2F26CBC2667719F1276C391D71AD7E236243B1D4034EFB8A2B164A5692564AADDBE14145878C8927549FB3BFB76C0D62A1CA4C46D7757F56E3A383FA9FED76FF005D0315885ABE4776D3F5C9E67CBCA60A0A7250326EAC250E95290F59CBF25123DAED40EC45F8DCF7E97A0F5405060DAC6811BE4E721B7E5C82ECC8FF005715BC2C953B18120B89054785C75EB40AFD571B3334F65646BD9D675381C0DF16ECA739DBED4F4E1F7D04C78A30181DBD192D42734E890569993332C3C5E448FA65F04A792BFF00CEBDFBD074865E0CC7B01322631F54596A8AE350E50B7242F8590B37EF655A839719CFB8C63B0ED34D1677CC7E60C59CE73536F3EDAB9290971CBFABD7D0FECA094DC33FE42898DC5E3B2EFBED46C6B90D53242CA92B7243EA53A0734AACB6D2DFA55F75034FC51BA2B2FB1ED3025649325A6267FF002966E80911C24A965B0002403F1A0D7FD49B89468B1D46E129C830A55AE3A0BDCDEDF0A052E776BD7A4C9DE3DA9A852727021B50C2491CD4D3882B00F61600DE8343D8C0CBD71198CDED2C4DCBE3E2B5F9461CA6E84FB242834E1E290AE971C47C683A53C5BB17F98B4BC4E4D4101E718E123DA0128F71A5A9B5009F87E1ED41741DA80A02830540506397CA8305C03A5FEDB50603E826D4192E0007CCD060BC07FA2F4007924020837A0D2CE488CCE1273D250A7632195979B6C5D4A471F501F6DA8111AB6F5AD6B788CB64F1BA9488986524370E5B816A7A63AA57442D441013737ED4141F206979E3AF1DDF210636122CE79B6D8C4C7052AB3A95596B048B1F4F4BD0347C4FABFE5FBC4E319795721C08DF4EA7E62BFA0E3AE712E86D373D801C4FDFF650587F5030E74EF1C3EC4561721E54A8E7D9692A715D17EAE880AFB7F75028764CF1D972105ECAE036138D8D1188EBC5B295A5B5BCD8E2A3D51E9E42D6F95A83E7B0E734297818380838793AAAFEADB79F7A434A5FB9C12529E47D26E79F7A0E9D832D846BEC4A4A8BAD37152EDD2082A09403D01B1EA050726453A9E432194999C89970A9531C7E2B7150A0909512A054143B8A0C6661E96B889FC8A3664E416FB4B57D58516D402BAF2E9D4D0397573FFDFECA27F88612215007AF469BF85030774D4317B661DFC36482C4674F24BCD1E252E26FC4DFE36E5DBECA0E77DE53BD69987C86859452F2985CC16061672B928A54CC969D2827A93E96F8F1FB7E428275CF02E7711AAC4CE607232616C8C4543F320155817128E4E04947F1057C0F4B50343C49B76536AD3E3CEC9465B53D9518EEB8A1C52E145807120FCC1EBF6D03051DBAD06680A088DAD406B396EA05E1C8F8FF00F095F650725EA5BA6B38B95ACCAC817BDDC1A2634EC74A12A0E265A9FB1049EE9F7AFD7E541F7C9EE7A7BFE3889A6C476425C8D30CAFAB75A4DD48515AB8D82877F73BFF00CD40C9F01ED30B31BAEED2180A4232AEB73D82AB0B3685B8920DAFD6EED04C7EA2A3633FCA8D489593721CB61DBC48C0F243EBB0F4291F1B7DB40A49BB66D862436729858F8282F3214BCA271C16A527A8F7011C6D41F3C248CAC1DC318CE959DFCEF2729B707398D9096DC06FEDA79F3B7217F8D07506AEFE71FC0437B38CA23E4D49BCA69AFC0923A74B7CE8109BBB99467CB5B1BD1B15F9BE3D84447F2B0BBAFD96B83A0B7F6F248BFDE6829A31D9593E2799946320B67170F24597B14B164AD6B285A1D07E36E60116F9D05DF51C366303E68D41395C8AB26BC86294B69E5A48521A723C80867BFF0009427AFDB41D2C8038F4ED41EA80A0F2BB58D073F798F678DADF9531B9574905BC5BA86CF00E00EA8A823924F4B76A058479FE3ECCB92323B76465B99692092DC3610DB2DAAE026C0117B50587C63E60C76A539EC74B5FD66B684AD519F4B0112B9150202ADF8AD7B75B8A0E9B97948D130EE645F514C66582FA88BA95C42391364FD941CAD91D6E4ED12A06E190E70D7B467131222504254DC74A548E42C45CDD0917FF006683D791B5BD7F01924E0539D9F9398992CA64C4983FA6869642F936792BAFF0FEDA065785B44C463B6CD9E6A22B8DBD8B946363D6B2AE3ED38D9E6083F885E82D5E6AC3E6B23AA018CC7B194547743EFC6900AAEDA7F900F8D025DE561B2B8C6B35AEEA50163129E3B0615C42C3C147BA80E57E1D3B8EDD88A0CE1B3386CF34F3986F18C4981BBA1C5B0B50523E20FE2E97BD03F7C5ECADAD562A1DC28C0389538938E4924238AC806E493EA1EAA0B98EC280A02834B273E3E3E0489B2494C78C853AF2FB909402A3D3F6502F3FFD61BC6007FF00D41CEBF1F64FDDF034157DC7CE78996E475EAFB1358E0904C9FA8865E2BFE4B5CFA477BD04F785BC9396DB5AC933932D3CB82B406A6B48E09750ABDFA5FA1A061E4B3588C7D8E426C786577F6FEA5E4357B7F2F329A05DC8F37E262EF88D7A6A63B7887D1C63E5DA9087DA2B526E8E4527D015F1E5DBA507A8FE688B1723968B938DE88992938F8063752B4C56C3854E7AAC0AAE7B505B31DBBC0C9F8FD7B5B51D6212DA71D0C2ADC8A5B5945BF6F1A0A4E63CBF871E376F61890A2BAEB8B437F933AE214A4A2FF88A411DBA507D737E5784276A904358F950F3812A9AB7969508CA3D8F12AB0FDB4161D23C871B68CD67B1B1637B230CF259F742C2D2EDCA9016929F87A3A506B7937CA70F4377128978F72737922E8F71B58425A11FDBBA88293CBFDEF614170C3E571F95C5C6C940752F4392DFBACBA9EC42BE67ECEC683190C2E2E6028950D9908242ACE212AB11D6FDBA506C4A5FB7096A420294D21452D807AD904848FBFB5026A079F30298CFA33783911328DADC4371DA8DCD1E91E8E454A045FEC141A98EFD4760178692ECCC3A9BCBA0A8311D964299245F8735A95E9B8EF413BE3FF2BEA1B2E6A2ABF2B758DAE7B252FC94473ED9094F2290E9513C6C8B0BFCA81AF248432E2C75284957EE1DAFF2A053623CBF839FA2A36FD9F1E96DB89913163A186C3CA439EDFA5C01653C7F1285C1A0BA6277CD6335AEC8CEE2E7B6F428CD17248ECB6F8A4AACE22FD2E916FF0045E8357C59BA37B76B09C9358E38D4B6E160B208E1C900295EDD80E8790A0BC241E2283D5060DEC68351C6D2EF2439F81574949EA0822C6E3ED140A3DEBCADAF6A9B43B8046A8322FB686DCE4C06C0505A42BF0FB67F08A08AC579CB0390CDC3C4AB4B5B3225BCD35EAF6CA9B0B5A501CE1ED0E8395E81DAC63B1EC12588EDB0A58015C1094123BD8D803DE834F3181C46592DA72B09998960871A0F242B8A85EDC42874EDF3A0DD5C48EE329696DA16D5C7142920A404F6E845A8293BD234DD4220DCE4619B7A5E3D410C1612942D25640BF414173C5CD13B1D1A62014264B697528575202805007EEBD0515AF216AC8D9B211D5016DCF4645BC2BD28252A538E2C581F9F11C7E7410187F31E978FD571EFEC305B84E647DF74448ACF360866438C85AB9581FF00777341BF03CBFE29CDECD8B4B2CBA736E3ADC3832171D21482F2B82501573E9257D681B48ED41EA80A0F2E2411D4D0683F8EC7BEB0B7E334EA8740B5A12A574EBF10682A5A6ED5A66DB2725131D8C4A178B506DF2E3084824920D8DBFD8A08DF256CB0355CB6B3019C2C4929CF4A545756B4247B49E6CB774D80F83C682FF31B7C437BE990971EE04B6D2884A14A00D92B36FC2A3DFECA04E60FCD3AF44993B0DB9E31AC549C4C82982D308F7D94F1EA6C45F8AC1EBC874EBF7D07DB15E4FD7772F20AF14DE362CDC2B4C29F4E45D695F53C9A6CA88F577B5AD4169D13C9D8DDB73D3E26271D25B8115171925A7836B5824104742282CFB3ED383D6B1C27E6A418B114B0DFBBC4ABD4A3D07A42A82931BCA9E2D70C9461A430722F25D710D21971B2EB896D4E7A94508EBE9EF4111A4F93B088C0465270ECC0CC65A3CF96D33153C5852A197400A51BABD41AFEDA06078E36C56D9A9C1CFAA388E65FBA92CA49207B4F2DB2413F328A0B58EC280A0282B7BC36A7B51CD34D02B79C82FA5A6D292A52896956E213D4DCD073BE93B1A35EC1378DC978D5FCC4C6D6A52A6B8C2D2A214790042A3B8401F6AA8269CF2768F1405E67C6AAC6B57B952D9474EBDFFA8CB36340DCF1F67F48CC62D523570CB2D9505498CDB4969C4AC8FF00DAA4016FBFB7DB415AF3BEBD8CCB43C0FD6A14BE5926239295A91769D365F61DFE5408B9DA66159D7A54E6DA5092DC271F4D9C26EBFAE54706C7A11ED817FB6835D433BAEE494C36D9C9408192949E490438E480C84384FE329496CA542E9B5EFD7E341D0DE138ACCFF0963E2C968BCCBE2636B641E254932DD1C41F87C850276278EB4FD831FB33186667C2D870CB5263625D752BE602AC0F5173F75FE541153345D761C8D4589F31511FCA83F9DA1D7DB4FD390AB1B13D11D7F98D0347C3182C7EBDBD6C30F15928D33112594182EB72E3BEF2D2D1EA4A1A51FC3EE1EA458D07CFF5170D899B178FE0CA4F38D2A6BECC86AF62A6D4E454280B763659A089C7EC1B578833392D75EC5C8CE6BEF2BEA314E24ABD0951F8AD0877AFC168E37E5D40B117096FFF005978EDC965ACAEB3371B1DC5715BAA76EB4F5EAA09534DDFE3FC540E61318562FEADA5FBCC164BCCAD0AEAA4A91C8292AFB476A0E6C89B2661F8F98CDE2B70671EF3CEC80E60B2A50E3BC53E905B594D8124F4011FB682093B5EC11F5A84D37230896F26FA44DE05024B9CCDBFE2D3C6E07F31A060F8A363CD48F267E4AF3D8F18D8F8C5391E16257EE434A90A6C029BDFD5EAF98EFDA81E939C43705F0B584FF4D60723626E93F7507299513FA795F507FF00A87A0EE010C13D53622C7AF7A0FA79859D6F19B44B8BA43EF37EFB2B6F638B0C95474A3924A81F80E8AF58EA3B7CCD074278AD9C0B5A0E1461540C031C2B9D85FDD372E957557AB95FE341734F616F950668307E7410BB46C11303839B989485B91E1A39BA96AC547A81600DBE7F3A0E693E61D74F974EE4B8B2158B54511CB052DFB9C8B4120D9478FE3BFC683ECAF316B1FF008B8370FA49231621A62960A1BF739A526D649570EB6BF7FBA81C7E3EF336B5BBE55DC6E2E34969D8F1CC8529F4A129284AD0DD93C16E1BF27050557F5153A6406F5B9C953C21B7342A4FB5C937E3655942C013E827AD04D37FA8BF18F1B89723B5D5FF000EABDFEEBFFA28347CCBB2E2762F0E3F94C4BE244479D6B8AFB1041374A81EA0FD940CCD4FFF00ED5C51FF00F946BAFF00D4141CED98CDE2E179432301F7931C9D9634C2A57A521280A4AD6A57E14805409248BD04434C477F588A5E6D2A0DE032CF377017658CAB9750FB828DAD416FC7E2B1AC794B5C4B715B687F98B3C9F4A52059A623B8D7503E0A374D074526D419A0283CA89B1B75FBE817BB779AB4CD5338E61B2AA91F5AD210B5865A0A4D9D174FA8A87CE8131E21F2AEA9AB6536293932F94E4DD0EC52CA12B24254B3D45C7F3506F7913C97AD6EBB5E94306A7D4E63F249323DE6C23ABCF30516B28FFEECD0744E764AA2E1674A47A8C78EE3A3E7742790A0E54D7A7E535DD6319B53D058C841CA649C1987DE683AF14B6A05282B5DC00A5297F6DFBDFA50341FF2260BFCCADE3B46C4469611117232195690008CD96CAD3D40E24836B851F98FB827FC25B1C2C96A7103F2639CCB85D764466BDA6D66EABF3536DF103EFA0F97EA01A69CD5716870071B56522A5615EA0A4A976F8FD940A17319022E5202E3C6430B391CA34548001284C651403F60BF6A0AE6176F6E0B58A5988F2DBC744C94679C6C10952A5FBC45956B7A039757DD41D19FA7E4AD3E2AC31593C94652FE1D53F54E907A7CC1BD032876A0280A0AF6DCFEC91B0525FD6E237373000FA78AF2825B5DD439DC95B63B136F55073BBDB2F9999F254C91F93B3FE64FA2507B16D12E474B3C7A3894879C0A5FFD15DFB0B1ED411BA5F90BC8F8E7A4EB2CE3E1CD9F35E717222E6D4B6965C5FE3425125F69A493F140EA7E5DA81CDE1FC3EE18B5E499CDEAF8FD7A33EAF79A540520FBCEA8FA924A5F93603F87B506AF9DF2F2E043C1263635F9EB6E7B73148612A5714C637E278A57DE81253331999183918C46BB3525E8CB8C57C1C501CA59945453C2C41E56FC5DFE341638AD37FE6E0DAD29215B44E4A82877FF00876CABF947F17EF340C8F13669FC4F81D5920DFB8E63CCD71A6D7C9372242D69BDBAF52AA048BD86C9EE5165ED6731165E7DE754A95AFB4A4352CB2DDBAA137EA40EC94A55D3EDA0D84E0B40C964F564E3E3CD4479EF298CCC47D4B52F9B43AA1AE0924F7BA423A93D281A5E12C56B2FE732F9BC2EBAEC281109890322FC878BCF24D83A82CAC94FE240EBD38F6341F4F3B9B6DFE36E47D5F9939C41E82DF5110F5B9EBD40ED40E72DA14012028580EBD6F6FBE828DE5CD2327B7EAA70F8C115B90A7DB712EBE5694A12DA81B8294ACDFA5AD6A0B0E3F1B3E1EB1171AD2D0664584DC64B9EA28F71B6C202BD42FC6E3E5D6839D64E13352771C9E1725235C8F3E0B465CB9D32030C32E24ABD4A4ACB47F9AE4A87F6D04148958C8F93301593D756DA480A9CDE256B8F706D64A90C2EFD3F941A0BF785DF693E4697012AC54B43107DC6B218C8A9682B994128E450DAFD3FC540D6F236910B70D77F2D9925E8E1877EADB72394851710DAC049BFB9D0F226839DB49F126C7B969AFCBC566835184C7129C648F7030A5B29490E9527DC1CFD76FC1736A0B4C7DAF31A64AC862FC85ABB48673FEE266E760B639BC5CE8A528B678B841F5108E2A17B94837A064F85B5CFC8F4A69A8F966B310A5B8B92C3AD5FDB425564848E402FF845EF6EBF0F8D0321BB585BF7D07B26C3E741E4AD2477FBA83E0E3656140F1513D3A8BFDBF6D073CEE1B4E1F53F3FBB96CA8518288286CA584256A52D4CA7E174D80341A78BF25EB191F3A44CEB0DBE204D8C9C73014CB61CF79C21B00A42AD6F7156E47B0A0E8E4C7681050809511F21D8FC2FFDBF2A0F8E470D8EC9C3721CF86D4B88E105C61F425C6CF1B774A8106D6A0807BC51E37216AFF2DC1B906EA4B0D83F2E9D2839E3CA1AFE77414E4700CA0B9AB675D12229372969C4127DB040E8A17E9F3141D3DAA75D5B15620FFC23208FFA82839DF70C562F2DE4ACA41C84747177338F696BF485FB6F25C0E212E05724DF8826C28294F6236CC16A91B3EC2CC8C0E45B978B481C96A8C93257CD2A160947B8A45D2AEDDEFF00300C5D3F5BF2CE4368D73657E3437B149C82F24A92C3CCA93ED644B6242C0E7C8FA1A3C45AE3B5AF6B0749A0FA47DD419A0283CA8743D682BF90D274ECACE54CC961604E9AA090A93223B4EB9648B01C94927A0A0D6FFC34F1DAB97FF4DE309BF6FA460F51FF0055540A5F32EAFAEE136AD03F26C546C7FBF9257BDF4ACA59E41B7E3D82B82523A723D681DBB38075BC98EF78AF75F87FBB23AF6A0E6A8395CD37E17C4EBD8CC4AA63DB04B7E2992A643AD3652B04247226CE2B97A54A1D87C6C282522F8F3CAFE38C6CE730CD41CC63E6C73F98B7C7FA8D108B2C27916DC5041EC524F604814167FD3B689818B818DB620BEBCB480E34545C3EDA100DAC1291637FB6F4162F3CC2CC4BD4E19C5E3E46464469F1DF31A336E3CB296957374A12556FB681330E36F137231CCFD5F2102332F4F9AECA7633E1B487D850214A5A1094DBE7FE8EC43E6C6D7BBE3FC44DE3A1621435E97EFB5273A905C713CE4AC389FE9A95C3A59165F1F90A0E84F16C9C03DA5E2DBD7DE2FE3586430DBAB4F0714A41E2E15A7F8495957EEE97141754FE117EF6A0CD01411D9290E4586F486923936DA97D891E8EA3F0DA812D8CFD4569CDE2E064F2B8E53F9F92DB826FE5ECB7FD2E0A3C5B538EAD0A376F893DC507D53FA81D5F22B94BC5E1E4359A44579C8D2A6B4D0410D24AC36AF6DC2E71FDBFB681A7A7675CCBEB58EC8C8F6D32A5B2976421AFC2951F800492283CED7B8EBBAB4144ECDCB111871610D9214B515FC8252959B7DC9A0ADABCE9E2C245F348F9756DE09BFF00E8F4A089F1BF90F559780CF6D0EC3675F86A9EE1C82D4FA9C0FB85A4AFDDBAD2DD94A49E8800FD9F2A0BC6BFB36B395D40E671AEB68C310E725DBDA4A436AE2BE492071EA3A8A0A742CE781F179673378A978989945254D9763BA86C7A85C8E29FE98E5DAFC450541BF32F8D323B2B2D67B0A98871CE28C0C8B4E264B5CD4AE4B5292C9092957E2BFABEDA074E1737AFE5E27D46265C796CF12498EB42B8D8F5BF13D3AFCE82B1E44DBB42D69EC63DB4C244B79E5BABC63DF4C892A6D4C96CAD49279942B9291DBE541F0D67CDFA46C99B8F85C72E41972EFEC7B8CA9283649577B7FB34115B079C9AC06D9271396C0CB631C97C32D6541252B55ADCB82D28160AB8B0268198B94C860CA4ABFA05BF74AD22F74DAE0F607B75A05DE155E2CF28BCF645DC6312F2111C2D3BEF02DBE5B17E0E282485A92476BF6141B9A466F5ACA6573FAA43C0C785030CE06DD6C25B2CBDCFA1529A084A7ADBB9EB41B3ABABC6B1777C9E27078B661676235FF16B6584B480DAC8E89E0027ADBE14139BBED31355D6E5E6E6475C98D1B80718680E4438B0D8FC4422DEAF8D02A315E7CD270AD221E27549B023C95FB8D4765A65B0E29405D4021652AE807C683DE47F501A7E622C9C6CFD5A74C884012E22DA69CB12081CD3CD5655BA83F65031BC73B1EBBB1EB0CCFD7E3085010B53261F04B61A7101255D11E9200527B505932599C662A02E6E464A2345647F59E7541213F0EA4D057BFF0016FC6D6FFF00B8E08B8E9FD54FFAE834725E4B851770D7B03158FAE63626D4EC7C8B6E0E0948E56B2427A83C282F764F13D7A7DBD6DFBE8175E47CF6B982C8E15391D7A3655DCE4B4C04C8710DA948B94212A256DAAE2CBFC341676B57D49B702DAC440696CFAB9A63B48522C6E082122DDAF7FDB410DA2F93B09B84DCAC6C636E72C73C5A53CA0A2DB8DF229438850047AF8DC27E5417917B7DD4150F23F9022E938546564445CB4A9D0CFB6852104150BDEEAE96A092771587D970F1559380D4D8729A6E4263C8425C082E20287D9700F71412AC47698612CB2D869A69212DB691C12123A0000F8505232BBDB18BF22E3351FCB829FCB365D4CE0B0909E287080A0028A8FA6C3D43BD07C94FE8B8FCBC5F192B197666B2B94DC2523DC8F62B548515735A8F2E6D957C7ADAD41EA46E5170BE44C2F8F31F89699893A1AE537219525A6D8080F1F6D1190DD8FF00FC39EBCBE3DA8184DFE01F7507BA0283CAAFF0EBF3B50533C81BF275256282E119632B2D30D202C278155872EA9EBF8A83EFB66F388D6462DBC8B6F2D5967C468BED23900B36EABB9E8072A0AF794B3585C664753191C133987A6640330D6EB9EDAA338B5B43DC484B6E051B91D3A76A0BECF7A14482FBF9071B6E1A52572172080D86C7E2E65C3DA816B9AF2B6A5AD96626AECE2A7C474AD6FF00D24F8715A6D77EA4A3B1E5727FE7A08793FA86288EB5BB8388E2026EA6D39686E150F88E20A96AE9F0E34178F1D6F9A8E7F150118B721C19EFB4A70E1197592EB45248502DA389B585EFC6826775DB61EA9AE48CDCB69C7E3B0002DB56E6791B03EA29141F7833A1E6B04D4C7116893E3FBA5A748052DB89EBC8A5561E957C2828BA7EF3A52B6391E3FD731CB38B8CDAC7D4B5C9C63DC528FBA8EBCEC9BA8F5ED7BDBE140C3C4E2E0E3E235121476A2C5641E0C3280DA124FF002A4744FECA0931DA80A0282B3BBE2E6E535AC8418738C094EB63DA97D6C8E0428DC01D95C6C7BF7A0E5EC43531980CB6EC361A69BC765931B20CDB94C4A480A7091D4F057449FF0051A0DCD8F171B2695B120AC368767BC8E0A0095B5159580476EFD0D03A3C2BA261301816333016FF00D4E5A336A961D50280AEFF00D34F0471FDAA341BDE60CAEA1074E903646572624AFE8B2D3212B74B84742DF23C527F75022B4EDB3C5F8283F4594D7E5E656B5971975E8ACB6BE27F87D2EAB981F3A09481B2615E7C6236AC0B78DD133EFA64E2DD69AF614CB8D2C84ADD57270924278A943A503FDE878887A2BF1B0F8F6A6E3D11D5EC63D8E8DBC08BF1050092557EA7BDE811098EFDBAF859771D87BB26E3EEFE9D07DA163D723231A3BFE1F5C661F750DBAE9764F04A14A016B3C929BF1BDFAFC282CBE2B8BE3F3E40CC1D5F0F2E27D233EC3931CEB1828BA9E680870734289B712A57517A0FA79BD96DCDDFC62C3E84BADB99429750BF5254932618527AF7E87ADE8233C85335BD4FCD7ACE45C6D9C7E39884B5B85965294F25FBA804A5A4F5BF6A0F8F997CA5A46C9A89C4E1A699539D92C1693EDAC1094B9D6DC9207C2DFB681DB856549D7F18DBC9295262328712AF81F6921428167B4FE9FE249CD3B98D632CEE0A6BEA2B536D720DA947D4A50520A149B9FBE8175A2E93E409BB6ECB0713B21873E0BA119095772F255722EAB052BBD05AFC3B8DCC62BCB7B1C2CD4EFCC320CC64FBF2EE7D6797C956F87D9417EF346266E5FC7B93818F6C3D2DC5B45B495253D10E24ABA93F249EF40A092BF2A3B92D5A72B04C073556FDB8C80FA2CED9086C05DD408BA5BBFA4506D61764F246B195D8B3B275A44C6F3AB43B2D0D3E2EDFB4169BA000E0E27DCBF503AD0337C1B07191B4164E323CB8CC4979C7D699C52565D294A14A6F881FD32122DF237A094DD5FD732784CCE0A4486A4C86E2BAF39003812E0E082A04F0526C074A0E7184E789878C5F43ECB67740D2BD97417C7F54AAE91E825AFC3F3A0BB401FF00D73E243F3C6F427EE70DBFB681F59ECCC3C26225E56672FA686D971D0917200FB2839D3CAFE5FD3F6295ABCCC52DE7062670972D2A6CA15C52A42C04A95C527A20F4BD049643C8BB6F94A4BBABE9D1D18AC5B89B4F9B21694BAA6147E40A8049EA484F2511DEDF106DF8FF0040C4E95AF358C863DC7C90A992D43D6EB87D292A22FE91F8523E03EF341714F616A04F7EA7C7FF0041B1F2FAC474FF00AA6819DAC5BFCB789FFF00438FFF00EE9341247EFB7DF41CF5E487674DF376046064B672621BA98EE1374A1D0CBE3D57E9D0D056F218DF2EA7CB18C8EFE423AF6D54252E2484FB61AF66CE5C1094F1FC3CBB8A09CC245DDA3FEA0F5946E521A959430A4165D67884060B52824592075E415FD941D1E9B5BA76A0CD0141E4DBAF4FBCD0257F5033613AFEA915B790B90D655AF71AE57524294820A80EA3EFA0A0793A17965A9781FF00304E61E4AE6DB0DED840E0E95A024AC04A47F2F7141B3BB40F28C6D8B503B9CD8F2D85E51A4C14B5C3F1079A2ABF14A4FCA83A1B67721B7AD64DC9B1953A13715D71F88900A9E4211C8B601B03CBB77A0E5DDAF63F1FE61FC6BFAEEBD2316E34A57F44C461E6A4DB8FFF00149B376FE1F9D07C1E735B770D15D993214019360BAD018C25C4A0A8A0282DB52BE29A070785D8D2E3CCFCAE063C3999C4C4429CCD148429F4C8F5F40A3C93E95006F4137E7EFF00FE5F93EC412D9B8E9701573DE816597F326BF37C5D1F058DC8BF8CCB869B8EEA0B25454DB600580A41012957F30B916B5A836FC7FE56F10E978618FC7A263B25D00CA96A67FA8F2EDDC948E891CBA0A074E95B9E276FC38CC62439F46B714D24BA9E27923A1E9416306E01A0280A0AD6F8ACEA754C8AB02CA246583578ECAC5C285C734FDF6BDA8395718BC92B19120C08F2F279187126C29F07DBE3F441D5FF004871FE5254A5127E27ECA0DAC96336ACBB6F97F193312CC64CB9CB9050A09292CA13EDA87C8FB740E4F033DBB2704EC2CEB495E319659731520917536E0E5C7A7709EBD68357F51E90DE230731D6CB91A26412B90424AAC83C4F51D7E02822B7E9788DCB050B65D2089596D65F6DD7186DA505705D81414FC7A81FB2F41EFC8DBCB7B063626978EC2227EC991690A9519D038C17142EB3C80E8B4DF972ED4169D6B4FCF695E1FCAE38CEF732412F4A8EF3009F68AD08F4242EFD94927F6D04378B3CCFAA35A8456B63CCA59CAB6B5FD57D493CCF5E86E282D6BF3378D8936CF47B74EC4FC682BFE1ADAA76C19DDC2D2C49C731342F1BC12842036FA96AE5E80924A8245C9EB41F5F2FEC789C5E470287300BCDECADACC9C2001D08697EE202D60A3D2A214849E27ECF9D046F91775F1CA3616E06C3AD3F91CA222B4B4FF4F92DB6DD05CE0529503749558F4A05CA36DD6F1FBE44C962F59F6F029084BD0DE8E43A85A8DAE855D40FCC50750FB8B918FF007A324971C6CAD80BF994DD008E9FB68148E65BF52A1D506F1B8DF6893C0714F54DC8EBFD41F0A0A169133CC08DBB6473071222F2EB741CC36E0486D0AB9B70BA87C7EDA0B5F87DCD8E4796F635EC68699CC88E8329A68028BA880027AAAC2DF6D05CFCFE8E5E2ECAFAAE0AE3DADDFABE9BFF00EB5A839E2442F148C8EAE962549311E6C9D954492A42F823FDD7A3B732AEC154129ADE0FC333B65CE47C8649F8D866CB49C13EB77DB52C29BFEA870947C15D2D6ED40F4F0960A66134E4C47722C4F694FB8EC55C770BA96DA58484A0102C3A826DF6D02DF6E9B97D27CC397CE2B0AF64B1F9667884A428A085B69458100FF276A0D5FF00C43D3B91FF00ED99FF00B336FD9E9A0317BA2366F2F694A461DCC33104391D98AE7A471097140A2E07DD41D292233521A532FB2879A70596871216950FB42AE0D0243CE7AE60636574C447C7468A256503323D9690D071056D7457009B8B28D06F6EDE05805B398D20AF0F9C8892EB2CB4A21A7143D4102E494A8FE1F975FBE8257C31E477F6BC3BD8EC9A4B59CC5D912FA70E682A294AEDF055D1629F9D035126C91F0A04E7EA79C4AB4263E03EB1BEBDBE045033F565A7FCB989FF00F428FF00BFDA4D049AD37BF5EE0836FF009E839637AD172187F304089A8C9723E632095CC8CEBAB1E97CA5C529014AB74504916EB41B09F2CC8C4ED11E5ED7AD2DCDCE020C54BCDACB4971249483ED9E849E7F0EF412B0770979EF2EEBBB2BFAE4F892184B78D4F24FF492DBEA71B2B7094DC70FA851FD941D1495848F51A0F5CC7CE8301C493D2830E9F4D073AFEA234A88CE6B159EC7BCE3594CACA4465152AE84AD1C02169E971DFE741119ADC73D815C2C579230AACB3D8D7848C5641A5F0E4471372B47A55D529EF6A0D8DB3C8F2F717B0739CD6B20DA30F2912E3164724B8414A8DCDBB7A3B8A0E817F26D37AFAF2D2D5F4CDA22995254BFFD9A435C9615F627ADED41C8989CA2C4EC2B88D9538F6DB727A9ABA52A1103B6373D2EAFA817B7CA83E824C68D83C72A4B0B79323052E3C62841580FBAEBA96CDEC6DD681BDE10053BC66927A5B1D08106E48B3683D7EDA0B5F9F943FF000BF277EDC9B049EBFC5F0BD055329E10C16D5A3E366E3DB4C0CFFD234B69E4FA5B756103A3A91E9BFC9541A9E20CF61E4E49ED2F6DC1C1636185C90CAD711905E0DDC90AF4FE24DBAFF377A07963F1F8F82D8660C66A2B1F8834C212DA6E7B9E2900506F0EC280A028355FF70AD3C40213D49A0A4EFDB2E3B42C7A3311F18D3AF6425A187B80085152C12145405CFE1A0B7BD0E2E46016A536972348459D655F84A543A82683E91A1458715B8B15B4B319A484B2D24D920016005FE54119B3CCC4C3C0CC9F978FF558D8EDFBB2190DFBA5407A49093F21D68207C7B90D05DC37E69ACB4C63E264167DD40B36BF71B3C4F24FAAC6823DACB78DF17E4B720C56508D8F2AC171E9A8E25B3F89CEABE5C41571EBFB282F13B2F888382979190F20E3E3254B90B490E04A7A120F1BFCFB50291DDAFF004E9264296E468AB79D5587F45439295D0F62077A0909AEFE9DA14A7234A18C664B2AB38D282D2A4F1FD96BD04FF8F27EA4E6473B075DC5271C31D210CC8751D12F1EA52A4FD86825B75D970FAAE24E7F2A82B65A5A58438DA029C0B7FD1E927B5CF7A0D6541D253B2C0D8A486DBCF64D80889EF2ACB71BB03C5293717B2A83598F256873B6763598CEA264C55D454D37EE3482D8B80576B0574A0BB25408EBD163BFFCBDFE5415E93E41D2A3A9D4AF31192A4129524AC720524F216B771DA8287A26F1E2146D396958B9CEC4C8E55CE525531452D38A04FF00BBE438A7AFCE82DF8299A3C9DCF28312D36AD812DB6AC8CA6C150536E1BA0F3E4527B7C2824770CE6AB87C47BFB22DA6F18EB896BFAE8E482E105694DBFEA13414A4EF3E00B7E3C77ABA2806058FFF0087EDA0D1C96C7FA74C8254DC938F2958E0A525B536AEA2DD14809B505DF416F4B1806BFCA4A6578A0B279357EAA16E6557EB7A09391B46B50DF5C591958CD3EDFA56D38EA4292AB7C6E7A77A0AF6CFE52C4E25A61E801BCCF3590F351A43295212917BDD6AEB7A08FC567743DAB2903629ED0C7E5F1E7863D325E6F91E60DB88428DEE5540CAE408009EF41446323A4EF1B04EC63F0D52276A7287253A0A529782CA7920822FEA6282F7EDA48BF7B8EF41138DD73178C91324C286DB0FCF78BF2DD40B29C59B7A947F6504C1038F6A0A6793B1FA649D696BDBDC2DE218712E1505949E7D9205BB9A09DD7E4E36461603D8C58731EA69B4C5503CAE84A404F5F98ED4126AE2A4FCEFDC0A05EE6F65F0FC5DAD13B2F3E1B3B2E342986DE70AC38C8B2814F41C7F88D04765F60F05ECF9482FE4A7C199399525B8C7D60A96B238A49094DC5C74B9A097C579674F97B52B570B758C821E5C760B8DA92DB85AB83C167B8BA4DBF67CE82C1B3EDD83D662353333204661C750CA0ABA9BA8DBB7C800493F2A0D6D877DD6F0B86633126417A048710DB2E471EE725396E3D8F6EB41348C9E38849321A17EE952D20816BF517A0FBA24B0FB654D389713F0524823B7CC1A0A56E192D09ECD47C36C31C3F2A330BCAC753883EDB6DB22EB739023D42C0D04465B71F126E18E7E04C799CA26130E4D119295734A6320AD7C54AEDD0505835FDAF548DA5E3330D2D38AC13A8422225E3608493C128EBFED74A09CCCCEC43383992B2650AC4A5952A62D43920B25279123E29E37A057C8DB3F4FED475ADA6F1CEBA841521BF6CA79A922E1214411D6822B5AF3EF8F92FF00E593B0C9C64168944679B425D401DBAFA7A0BD0353579FA2E425BB92C03F11E952D23DF75850F71694FE1BA7BF4A094CFC2C1CEC72A2E690CB905C294AD0FA82504F7F8DA835CE5F5E818D223488E5886CA9498ECB8827DB426E5294DFAF414150C0ECDE3ACABE9DC92C36D65E54678B3EF247BEB66215871494F6BD927F6505BF51D971BB2E12366716A5AA0C8E61B5382CBE485941047D9C6827C7500D01405057F728B9F95AF4B8FAFC84C7CCAD20447DCFC2921409E57EFE906839E3CB384F2CC3C0C4736ACB31320AA5B49652D9F507C83C15F851D071341738FAD7EA20B2D146C31420A12503EC22F6FC14170F1CE2FC9F1274B736ECA333E229B098A86AC4A5D0AB927D28BFA7A506EF93F6BC76ADAC3F37251972E2C922296104249F792A16E47A0B50233C63E39D5760C5E4B212F28A52580B79A831A414BEDA002A5A5D6C817EDDC5078C2F8E30198655B837224C5D420A5D44D4BAE15CC4BAC8526E920754F51FBE81E5E32D73568BA1FB7875BD370D957152C7D692B590B4A1BB1BDFA59A1408BF2519F1B37B2C58D8E88AC2C07984A96DB6843CC254414A924589B91637A08639085232997D9D18D632B8C767FB45990D82BE6F32430520F6F58F55035BC3599431B7EC784C8A928CD4B783E5865042025B4250B29B8E802942D41F5FD4A6C5866F4D5605C949FCDA43AC4A6A214AB9A99428DD49B0EDC85A8237C84FB2C6E9E307A4AD2DB2CB2853AF2C80DA1292CF2249F871BDE822B607DA878C7F78F1BCC662E331EFA91908619B38F3CEBA3D7CCDEE820FA53F2A07B626709780819170842644465F74241B2429B0E1000FBFB5072CEC4E6AB2F75CA4FC7BB0F18CBCAB18B9386B582AB925691EA3EB575ED41A8FB7A827271B21949B8E9B12372F7B198B8EB8EE3C0A4DBE000EB637A06D781B0D8BFCF7339AC02C7E4331865B62338E976434E22FC9B705BB249E868197BCB38656B33A4659961F8D11B5BED0922ED07C0E2D150FFA4BE3408694D6CD0E0C3C84AD6F5D621E47DBFA07D61212E874A4254907D442B9837F85FAF4A09CC0E166FE76EC5DA75CC0C4C6C465E7726A6CB7EFB2DA592A4AD480A2A039140BF1F8FEE0BA78375293AFEAF202A531299C8C85488AA8CA2E3611629290AB26FD475E940BCF2267FC710374CB44CA695227CE6141C95310F714AD25093EE5B81E291DBAD04347CAF8BE663F27218D29719E8113EA9B44A78942BD4026C0007AFCE83E9A20F0F45D8D9872CB7352F06A546C82FDC486DF5105119084A7F849B72F8D074A663330B0D86939597CBE8E1B45E70B69E4A0848EB606C7E1409FF00E5A366776DFB2B1B97D2CE92C4864287157171D7D692475B1B2BAD03D41E83FF3D060804504566B6BD7708A69BCB4F661A9E07D84BAAE3CC26D7B7DD7A0A96D1B478C363C2C8C5643350DC8D25253D5772957F0A93F6DE8163A96D596F1665918BCC2D590D3272B9E3F28D5D694A546C17C874FBC507416332D8FC94166740792FC49080B65D4FE1293F750739CCC7C395E42DF9C3898B99C8465B6A830A59484A94A778AEC54A6C7627F7504365E46520C05ADAF1EE3B1F924A9B5469B14A1F5A0A5C4B9D50871DEA6C6DFB282C3E328BB0790768C4EC395CAC3753AF3CA75D84DA12DC90A36B1584849E278A68191E71978A87E3C9CFCE88D4D75E2DB70D0F8BF179CF4872E7B71EA6811F96D530F82D3E03ECECA3273A53D1BDFC5B6F2568696A5852EC9049F4DED41F1775FFCDF399179D9B25BE599108042C84869485AC9B7FD5A073FE9DD2E0D25E4AD6A74B33A43616B24AB8A5561DE82A5E71C94CC7F900390E22A5ADCC23ED3A84F7436B242DCFD9414CD624ADE9D143B8AFCB031AA4D6D2EFF00DE921970FD49F9F2BF5FBA83D6195B5E6E1E9DA065509386C84A667C3781B2FE99015EEB6ABFF284AEDF6DA83AA25C4872B1EEC27DA43911D6D4CAD8558A4B6A1C6CA02DD3E141CEB2A344D2B3799C6EE58386EC49E975CC165931C0692E7101B6CF14D803C45C5AE0FD941F2464A1C2D3B4E5C5D571D99CC6C2979B5879BF6D4A710F292909E2522F6F9FF6D058BC231994F90F32DC8D759C0646145495C769C5A8279A874014A524743F0A0B37EA119F7F50C7C72A5253232519A570241295AACAEA2812F075D8B89CCC290CBAEAF9CCC8C557B8AB8F6D861453FB7E341F1D7365C1C36F5F1265842A2E3F30C49F4A894B9254F9691600F5573476BF7A07E7E9E883E2AC475B90B9573F31F56ED032D22C001D850140504367B35170D8D959497C84586D29E78A1254A0940B9B27F6502873FBA6BFBAF8FA666B62C76460E1F1739A5C553360E3E1C3C1252A5F436513CEDDBA5A822F76F3B43C8EB8636BA8CAE2F24DF153127DA4A50A0916F51BF629EA2D40C8F116FE770D4DB7DE4AD1918452C4D2410852EDD149364FE31F6DC50437EA45B0E78DE4A94A038496149EDDFA8F503D7A037A05CB7AFE8BBAC87CEA0B9387CCE3E007A44D650A4C4756847A927B713FED0B0EBF1A097D13A7E9D3631CB9287D52491F30A03E3F6D05F346CAC9C5F81E0E4A234875F898F2EB4DAAFC49493DEDD6810F9DCA3FB0B793D8E5E622C55CFF0062F878CE29C72414101574100A5281F051FBA83DE44E1D7B2E771192CA3788C67D738FA929438A529E43252CDB820A404A8F5EDF1A06B786709195B66D391965B9D948D250D22794712525B055C41EDCBBD078FD49EB38773553B338CDF28C162234FDC8B34A754BB71ED7EBFDB4147CBEDBAD6FBB768B8B86CBAA8F0808335B909426FCD2D8571014AE43FA76F877A0DA92BDFB3B8195E3DC160F1C8C54678C572532F33EFA92C2EDEE3A8F74AB92ED72423E76B5074063612F15AF4288B5A0BD0A236D2D454420AD96803F68174D073FED5B1EE5B3370258C461E441464C3116433CC975E413C5B74AEF74FCC8A0ADE7A36CC9C46DFF005382C6B0C379140C83ED5F94574A5366E3826DEDDBA934170F0FB389CE793E666700E398FC74388C2D70423DB43AB71B2DB8160288E8BEB40D6F349FFED667FE7F4E9E9D85D2EA2839EA24BD5F2D37499C99B21E9EC4DC5E32762A4A87B4CB4DA1B68ADA1EA25B74A2E40FDC2F7A0F72335BF49DDF6E79CC03432991C518F9AC70FC31E22D0C853A8B3962AE212AFC47BFDF6078F802417BC5F8B0BE85853ED103AD8FB8A59FFD6A05AF97B3B866FC81B4B6B9290B5603E8F884A8FF00C45CAC347A14F2E24773F1A0AC4EC963A7C6CB2E1BE879B6B5C8ACBCB4F4B38855962EAF97D9419D5365D246F78E94F6B8170D51A3C6FA6F6926D2CA827EA6DDBF10E57A0EAD9D8F627445C592D87634847075A5FA925245940DE839F345DDF52D17C89BEC7C8AFE923BF343309A8E82A4A52C3AF74B002D60A48A06643F3FF8BA4101596F60ABF0879A753F1B5BD29501FB4D05CF199FC565A31938B98CCD67B7B8CAC2C0F880426E41FBED4105B978CB54DC5E88FE7A32A4AA125498E50F2DAB072C55F8149F97C682AF91F03F8771F09F9B32138D4561B2E3AE2A53F60947723D7DFE540BFC4C0CB794A5B781C572C578FB0EA4B6D957AD6BE3DBAA812A591F6F4A07F6B9AEC2D7F131713001106223DB6438792AC3E67E341CF7B523C6EAF2A6C0C6D4EBD8F6D2B4BA25B0B70171C2A0540A52143A5FE5410D827BC38EE6326DCF993614386F27F2B921D797F5002D412B29E2AE360127F0FC682D5E2E533BA7919DDAB1CE3783998E3FFCCA1440A2896D39E94AC255F841E2A4B9D058F13DCD05B7F52A843BA4426557F6DCC9B097100D8F12958B5A81399CD3F058F7B645C565485E2B350E1C125C52B834EF22B49B937EDF78F9D07D9AD8B118CCE64599AF04389CF26529210A3FD14B4E20A814F2F8A80A072FE9D5D4BDA4CA793D52E64241EC6F652EE3E5FE8A0A979BA1E525790508C7CA115D6F0521D7D6A17E6CA144AD03FE9036A05D1C267269C4B69CF25E537AE3D2990C712588EDA1C52E2B812AFC45008EBFCD7B507CA24BD9138EC6ECEB617191A6B703E95243804869C90EAC3814A08BA5653C49B91DC7DE1D659FC7B39ED7666383EB65AC8325B4C86CD9490E0B05A091DC5EFDA8396368D0E13B9B7705AC6465E6A5E310B7F292A42818ECA5B0AE6816EEBB8B285FBF4A0F189C7E3B544E83B84B9721C625BCB9125A3EA0DB71DF23FA62E9BDEDCBAD034FC49B0E2F63F2CED99880A52A24988D7B5CC715592B48ED723B83DA827BF50B2DB8DA8E3A4BB70D31938CEB807F2A157574EB40958BB3E2B2B9884CC52A2B4CDC94A505A4253EDBD1D413D8F7FBEDF6506BC7CE68503C7FF41230A893B64C4BC1AC8388484A4ADF5A1254B57137421208207CA83A6BC63876709A2E1B1EC3EDC80D47056F32A0B6D4B715CD650AE80A792CDA82DE837483F300D06680A0D196CB2EA16DBC84AD85A4A5D42BAF249E87903D2DD7B1A057ED1B9F8F73DA64A852D9755111CB8E247F41F7130DE4A4A90A6D4A4840700B7AA82C70B77F1A62B1F131FF009C408898AD34D061D7DB0E3694A2C94AFAF536E84D04C61369D4B2CF2E3E13270E6BCD8E6EB519C42ED7E9C8F12AF8D0686EFE3CC0EE8C43632C5E4A613BEF2434A28E571C7893C7A83F6504863351C262B10AC462E2A21445B6A68B6D2472F50292B2A23D4A2093734113AFF8C30787D4266ACA75D9D8E9CB70BE1E2028878DD42ED816A09FC5EB589C66B4DE023317C6B4D7B0961D5170703DD24ABAFC6828397D27C2B85C844859281062CE9CB0988C2BA152EF742AD7364FC0123ECA0B8BFA4EA6F294EBD8680EBEB1EB716C3454AB8B7551EA683434F85A83197CF9C1CC12E63D2039948E1574B2E01C4202529B0B5AD41B7BE6970B71D797849B21E8CCA9D43C5C678F3BB46E2FC82D3D7EDA0F1983ABEA1ADFD7CC6108878B6DA4ADE43495383AA5BE5C536EA4A85051A5E9DE25C46499DD8495404C22DCF92C47754E025E214853CC2438B4DCAC76A06936F45C863D0F36E07214C6D2E36AEA029A711704DF8A80E27E3FB681339EF0FF008760C0939D9796911B16CBEA0EAE2BDEF34DBCB372901097177B9B77E941EA6F837C4F0B11F9B4DCD4D8D8C752871525E7928494AFAA1479369EFDAC45E8189A5BDE3F98EC897ABFD1B925212D4C951D290F280161EE2C2525541B3BD41C0643579F8FCECF4E3B173501B9127DC6DA20850524214BE973C7E54146CD68DE30190D5A33EB5AF2109E6B1B0A545520ADD7233692DB7316D26C0FA12AEC95505B1BD37541B0E5F646DEBCECD4610E5ABDEE4DFB45086EC9403C797F447C3BF4A0DAD0750C56A3824E1B1B2DC97110E29CF79E5214BE4E048B0E0109B74F91A0AFE435FF000F673739902746872767B076532B2A0EA8F103A1160A5048EA0751F6506B42D33C5137279BD531D8E1167B4C213912C853766DC55D3672E7ADC7C282D98DD1F5AC7E5DBCC478AAFCC9B61311320B8A512CA123885249E1FC3DED7A0B1851245CF43D01EB6FF45BFB682A6AC6F8E2767E563970F1F273881F53323AD9438F7176CA2E2FD3F1F70753410F88C0787F714E4118FC4437CC177E9A5AC45F65695804592B094288FF00A27A506BF8D75EF1AE0F3D9D83AD2DD5649971289F19E2B51652950E28415A520A547AF751A067240284D8DAE3FE4FDB4140DE32FE3ACDE3676B99CD822C4E5E871024A5975B52074E575FF65A83EDA0643C778DC743D6B5DCCC3965A4D92869F438EBABB5D4B5049BDE82F46F627E63A1F87FAE81592F09E2989E4596F666721DCFE61093F974D4A551C03648536A5B6120950B58B84D07C703A7F8971DBB66F1E85469F9897FF1AFE3652585B115B495A8A58F42423FDE1E42E6C38F6EF41F5D0F01E389BBB65767D4A715CB8AA4C2990E294A218496C0052909B94288E5CB958A9371DBA84CF95B17A96475E663ECF91FCAE222521C8CF021377D0852D29374B9D0A41EC914150D9D7E14CD4596DC6D8E3E39F9F29A9D36434A52D4EB8C75472F700001B9ED413C8CFF0081E53A949770CFC9754137534D9538B5F417BA3A957DF417CC7E33198C8FF4D8F8AD436412A0D3084369B9F8F04DFF00D14152DAB11E3B56CA8CA6C3978F0E7AA1B90BE8DF96D474AE3BDDFD2A5217FB41A0AE63F4FF0002C25BE9C564E031326C67E221C4E4D2F1E1211ECAFDB6DC79D4ABF174F4F7A0908D8BF1C2E346F15BF90139F8CCA56A8A17C16B11DC4BBC56A6B88E44D95C41BFC7F8681869FA4830CB7CD2C458CD58F25009434840EAA2A26C129F9D054228F14E3D3945C0978C6865927EBDB665B43DD4F5042407004DCA8F6B7CFBD05635BF23F855B11F584810E2402A6A10C93616DFA9454AE0EA94E91D7E2A36340CDC1C4D6D2833308D44F6DF1D5F89C0A5491D45D6DF207F7D07DB35F919844E63E984241B9328A3DBE5D85C39D2F4101B2C5D1F15ABCCCCBB1A3B38E6985132E2B4DA961B747B5C9B205BAFB9F0A088D3B44D26778DE062996BF34C24A0E4865E988087087DC2BBF40820FABF84DFEDA0B2E8FA8C5D575F85858A4ADA8A8256E91C79B8A512B55AE48E44936BF4A0B327A247DD40501415BDC23E7666066C3C1CB4C3CABECA93164AAE42144A7AF40B20DB9595C6C2839863B8E9C3A997DC4B92DB8590448095248F77EA53CCD8F417503FBCFCA836B2D81C34B464E6CA8C9725FBF293EE927900DC22B48202BAFA85E818FF00A7EC462A2E4F667E2470CB8D2A1B2920A87142E325D22C7E6AF51A06767B73D675C5476F35906E07D515060BB70927A13750F4A7FEB2A824F1B96C66522265636533362AC9097D85A5D6CF1E840524ABB76A0DFE0283E52E4C68919C9121C4B0C363938EAC84A523E649A051796F09A16ED8E0EB59FC747CE4005505F3298001EE5B528282ACA3DBE4682BFE2DF3933182759DCA425A9718966364CA82DA5A474487149E9FF5EFD6825FC16E32FEE1BEBAC283ACB93C290B41052A4A96E5883F11D6822BF503866333BAE0603EE29B6CE3324FA4A2C0F38D1DC908FC57041534136A05A45C4318AC7E75B65F714993ACC59CAF748E4853F2E3129B050F403D003FDB41239BCC619E4ECA944E8EE1918AC534C94AD1C9C71A4B01C422C5454A4D8F24FC3ECA0E96C663FEAF4E8312C12DBD8F69A48B116E4C0B5AD6341CCEFE50E27C7FB568B354113B1F392EC56CFA54B6D4A375713C813D07C3B5058DDCAEE8DB6D3599C68910B2BF478FC4EBF2392E22DB484A9721451C48B03DEFF78A0B5783978BC6ECDB762DB54789FF001DC22C34B88EC90ABA5B492952827EEA09CFD4334977C5993528D8B4E30BE014537517424249576FC5F6502F7DC69DDB0BA08521CDB26290E587A92A803B01F1EBD2C0F7F875B054311A060A5C1C648794FA5D95120BAEF150FC52B22E4576D749FF00D9B63BF6A074FE9EB111A0EA390F60ABAE464B242BD438B56424936BDEC682A5E55D7B09B3F95A1E16338C61E5331CCACAE649E0BEC7DB1C79A792C016B917FB6829FB0E35105EDBA02726E658331B1EDAF22A714E172EF589E5C956E9FC29E941AF8AD36062367872187DC715173CCC248738FA9B2DB6E927881EBBAADF6D07536CB0DE97819F1DBC81C638F34509C927A2993FCE3D48B7DFC850735C1D427B9E4ECBE2D3E429119F6A1B6B5EC7CDCE725052D90DA9664A790415585D67B0F9507DBC59A1EC39F7738317BB4BC37D2CD534E98C567EA957BFBC78486F91F99572EFFB682EDE2486E44F27EE90DE92B90F3623B6E4972E56F29BE2952D449512A55AFD49A071CBCBE321047D6CC663F31C91EEAC20A801D78DC8F9D0738EDFAD68137CDB0E238E34EE2324DFBF9071324702F1BDFD7CFD1DBE04507DA0E274ED63CE98B6304FB2D623E9B92DD53FEE20288EBFD45295FE9A0E8C6264490CA5F61E43AC2C7A1D4292A4DBB745034080DEDBC7E4BCACF4D4628EC671F8944B8902338E7371E6A4340594D874AB8851B82950FB2834356CAEAD0E44CD7364D4A5EB71B686E4A9ECC641F714E86D00BB64A9E61BB21AB74F91B5F95CD07D746CE4DD5B6CC1B182931A4E91B4CA79884D7025E67D9296F93EA7129752F7AD0A5FAB81B9B01D2C179FD4249C1B7A0DB250DC96F4873DBC57B602BD994A697C1D2390FC29E5D072FBBE34080C864F407B428B060E0A4B3B624B7F539329018252E294A038BABBDD1DBD141B39FC8E8592838081AB6224E273C97594CFC8B83D0E2CA528E48FEB2D5FEF2E6E129FBE83A6BC7B82DB30B8B721EC5993997C384C69256A510D11D028AD215FBC9A054F9E61E2A4EF484E4C20348C23CE470B596FFAC959E16B14DFF7D02FE462F518AB2FE3C35F52D4EC418C12FA9678AD952A45829C293FD409EFF87B76E9416ACD7B3A36666ED1A2CD83363E3E4FD366A17052DC47D4AD4F25085282D096D29484A9485A7D42E7B5921D119EC68CBE0F218B51096E7C67583CB92936790A41BA5050AF8FC1409F9A7A5071FF00E5F1E2C49D8C6F5B8F95731F2D511ED99A5E41C68004A41E085B2DF21DD3D85BE04F5A099891758C86694DE0F4D46671B161A1DCA321EC830FAD77B3A5AE6F9B8412388E07A5EF40C2F0341D765EE99DCAE1E0398C870D286E1C35A96480A1658742D4EFA82BE56A0B77EA2AC7C612EC7AFBF1EE6F702EB340A8676F938EF16EC5A36C6E7B3928D1DA73125D0A01E61C750B0941B0BD80E9F65033FC5BE45D260E87828333390A3CE6A3B6DBCD3AF210B4AADF855F2340D38B2D892C36F30B4BAD3A3921D6C852143E608BDE836280A0282B1BA7E7CDEB3947B026F966E3A9C8ADA905C0A5A7AD92907AA8F5E3F6F5B1A0E4A7F599498AB98894E2322E352DF9A2E0A5D53123DBE1D3A7157237BF4BDA837919BDBD125DD79DC32DFCC4853AEA908252E10F47F65250D7155FD06FD0F7A071782D3B547CBE70E73072B14D4B4C679B7A42549054C369638242929BF6E57A068E7757C0E7A3259CBC1666B6924B61F402524F72855B923F6506359D670FAD62918BC4305884DAD6E36C82A5712B5725849575EF4139D283433B878799C3CAC54D0A316623DA782080AE2A22F6241A04DEC7E0FF0010EB38D772794765B31580492A7D3751B7E14A7DB172682B7E27F176A1B7B1969B2F0D2A3E1CABDAC4C871F3752547AA8A78FE3414F7EDD682C5FA78C5B188D8375C6B2A52D8852DB61A5396E452DA9D48BDAD73D3BD07CFCEB93818CDFB032E6AFDA63F29CAB2A5104DD52223CC369E83F89C5A4502C9193859081973117EEA23EAB062BE005001C665454AD03D200EBFBFE741239E83E339D170BAD6AF8B0DED321D8CC4E98F38F2508296D2A72CA755C0DD47B0EDD6D41D4B06322242622A1574466D0D255D4929427883F1EBD283967CC658DA368D93311AC885814B310BA05C3AEA9452791F98A0BA62BC53E4A561B1EFC0DCD488EA690EB2CBFC8FB414D9002490BB5AF6F4DA831E25D321E43C95B16765487553B0F35484041F438A71050A52AE9E47903F0A0BC79E5B5ABC599B7144DDB0C1B0B8EF25B0A17F8F7F85073FC7C5E7F5EC8A25611D564E244CCBD1E363BD44BAF2232545CF4255725A57C3B1B123E003386DFA047878F8C98329E720C682CBA5A6D0A24C1C83931C201574BA1CF4DCF555C7DB40EFFD3D641133539CD258719B64243BFD448174BD62936BD02DBCBB848191DCF7392FA54B771B8E61E8D63D12B2B0824802C7A2BB1A084C8622060E36C71E224A23FD1E29F5752482E2829645C5FBDFA506C43D8F1190D963B511F0EBAFEC6CCA6871362D7B2DB7CBA0EFCD245075166F19072B8C978D9E9261CB6CB6F8B941E07A12142D6B502071DE28F183BB3EC12CE463BBAC629A40723B6FB81E8EEF100ADD571E2A4F2E7F8546829FACEA9ABA1D9D297B8B3809AC4BFF00E5CB664B6EA9714D94B254D39C83802BF7FEF00D3F04B3F9967F6ADA505C3026C84468321DFC6E21A172B59FE728F6F97DF4176DF7C4FADEEEEC37B2EE494AE0A56963E996845FDCB15722A4387E1F0A045E67C4FA941F2BE37546E64AFCA65301C94E29E6FDD42C5CDB9F1005FED4D0627F89B506FCB70F5265F94BC44A8E1D71C0EB6A742F893E958471FDE9A0E90D5F5781ADE0E3E1B1EE3AA87181082EAB92EDD6F7B048EFF65073EBBFE57D7BC85232DABE7DAC6C8125713330F263804B4B72EEBAC38B4D968E82DF11F3B5C506CE35AC3CAC965F0D3B330F71C737024C9C121E755F59F5012A77DA6D63D483FD1F51B9F85BE22836F5DC7EE5B4ED5A7291AD3780D7359756FB4B68F2471250A213D11F8BDB48F48EBD49F8D8183E63DEB29A5EBB0E7E312CBB2254D4455AE4254A4A505A7157E3CEF71C2D7A08DF2065FC8B928588C7EA4A60339369265E5D2B4F36CF107BABD284A85CF4EB4145F2644DCB50C9E2B378CD91D9197CA96E1CB69A500C29C6D21293C7FA8923FE9016A072F8F666EF2F0EF39B744622655A754DA04702C5291F8BA2D7DFECB502ABF51594D31A9D11B7A0899B1305A2B0E26406BE954791176D484DD44FCEF414DC1663C34E6C730E470C63E1184A3E89E6BEAD6F2DC06C56B1CCA120DAE9B8E9412993C26CB97C5CAD275AD453031CECF1F533BDE2EAD5EDAC81EF2DC09B000DEC48B761F0A0E8DCDBEE46C14F7DB203CCC675409FE6082477F95072E62B25B0E2B5AD45388C797C2D53267BE87ACB7A4A94EB4B4280B1F436DA4DD47FE60D446EBBD39AF98CEB6FBF095885A4ADD94E14A9B32547EAB8AAFEBE574DEDD6D40D1F0C6CBB8E436EC844C8415FD029A65521D2F29C4B0B6D801B09049FF783AD058FF51961E2E99FFE7323ECEE7A74A0AF794B4BD7A678AFFCC9261A1596C763A388D2D248E8A5363A83C42BA2BE37A087C678974A9BE1D19E3096BCC2F1AA92979B717753DC395B87229373FE9A061F8122E4E2F8DF1B1F24DBACBA85BE10DBD70B0D978947436F4F1ED40C91D850140504764264484CB92A63CDC78881FD55B878849EC9248F85E8148725E219B3721A5B652C2036B71DC97B88B28BEB4AD486DD2167AA95DAD6B0A09FCBC2F13E5A762F233B251D533101298AF2242526C9174870A2C5407C3B505E31995C564239731D29B7DA49B296DA828037E401F8DCD079CA6771386650E64A5B711A7161B4ADD5048528F6EFF3A0DA4E4623AD0718710F367A928215D3F61A0D3C76CF84C9489AC419CD48731CAE1310855CB640EBCE83761E422CAC7898C3E8762A87243E95029291F33F67C6828DB9F8F75EF229C5CF5E414BC7C65720DB26ED3CD826E3EFBFC682C5AC66F57971570B5F7DA763E34FB0B699ECDF00071EB4117A5E9789D77359D991321F552728F87E53078FF44F257A7D24DBAA8F7A095CDEADADE69E69DCBE3D99AB6D252CADD1C8A47E2FF4D040E7BC51AB4CC24EC76323338554E425B7A530D5D4101C4B9C482A48B128FD94103BB6A3E2BC8A31D83CB4C6236C8AF663469AC14A25ADE002429DE20F22A3F137EF40C74446216253110EA911D863DB53EA37586D038952947E36EB7340AB87E3BD2F27E3CCAE3F099E4C881365AE54ACA1E2BB168F2295D88E56F9D0591D6759DABC70BC741CE2918E86D869DC9B0782808E9BABA5D36BDBE0683E7E23D475BD7F172A760F2E732C64D7EEFD4AEC09284DBE1D7E7416AD9B5D81B16164E1F241471F2C252EA5A51428A50E070042AD6079205052A7E03C7D0363D759893DB833553DCC946691FD5125C435ECAC172FE803DBB9B7F10B506A4BC368DA8EE6E6F2BCD271B8CCA043488CCA87B2EC85170BAB72D71C2C949E9D8DFECA066633358DCA414CE812112E239D9E6885A7A0F50FD97A0A3BFA3E933B71D81E952D32A464E1B69C9E2795821B6D40A55C93629B94D07C757D4349CBE4B299E8725396C4CC69AC7AE1B8D8F6DB310FA6CB52BADBEEA0924EBFE2AC6ECB0F148C6C28D9B753F5315B4B7EAE0D9FC63BDAC682E13A1C79B09F8522E589085B2ED8D8D949E26C476EF40B0730BE22C46B993D520E561E35D9885C69D25C525C95CAF6B28A8A7D4950E89BDA83EFAFF8B7C4CD6BB0DA71B8994BB564E494BE0A7BA901C039F1BDC7C2825BC6BA262B4F44C8F8FCBBB3A2485FB8DC57168E0CA02AE0D81512AF99A0B96432F8C80942A7486E3A1D525B41714072528F1B26FDFA9A0586CBFA7AD6360D826E5DF9F25B9131C0B75B4049E26C074B8EBDA835F5AF1578FF0048DD31CB19B58CB3D710603EA45DDBDC1E83AF4A071802D7EEAF8D02FF007FF11EADB830A5C967E8B257FE9E458480E7CC8581D1C4FF00A282262691E2DD56462B0539842F2D9469E891A6715875F0B6D4DBB728F4A7D0E5BF6D07D74FD334CD236A4370B32F019969C6E0621D7B9B4A585A54E14A927829407A4023B1A0B96DBA8E1B6BC43988CBB25511C52561485705A569EA1483F0A05D1FD346A69168D919EC8EBD43A93F8BBF603E141EA3FE99F5A6A5B1255949AF2D8750F20384285D06FF00DA681C1C3ADC8EDD7AF5EF414FF2168186DC20B30E5BC22A9B7D0E87D294A96781B703CBF87E14100CF89F56C2E77FCCB8F99F96C465952B2101086D71D686D3CDC5D9415C05875B7DB411ACEB5E3581B2E2F77C767DC848CA4A75C084BC7D898EA81BB60F2045C9E56513722819D9D5E399C3CE5E4DD4C78023B9F54FACF1421A28B2D5CBAFE10281578B4785E0E33138BFF344779BC2B8FB91D464212546505745800FF0ABBDA82332FAFF0080F25063434ECCDB0A871D51E1BC89009092B538ABA6DEAF52CF7A0BBF8A6078D718A970F50CAA32521D421C9767FDE5714D9215FECFEFA0B36E187D7B35837A1E7D43F2C4F171E3EE7B613C4F4255D3E741079F4EA3B3E1E578FA1E59B6653F111C50D59C710CA0A1695F71707A506C6A3335DC1B917406A6AA4657190D2A295A38726C5AC49371FC63E341706C5D5727AFEFED41B03B0A0280A084D9F5FC767F0D271391415C1949B3E949E37083C80B8EBDE839E23F8DF458FE55CEE1F24DAD1AF63207D4FE355D27820AAEAF8FE3341BDA4E99E38DC33F298C7EBF3538061B25ACAA9D5596EA4D88174F6A0B3783F55C9E0363D96318AFC7C37BB680E3C0FACA55C52A1FF57E3416AF2F31A1AB5C6D7B8A54A86DB8446F6F97BA5D57C1B09FC4AA04CEB7B378D35CCD89103299918D5B4B6FF2C5B6A09BB89B2548215D4A2F7A08AC5EED84838AD8305063CB87889CE943DB0252A549175A894C807AF1520F1B0FB48A0E84D1713A8E43C689C2E06619587521C8CB94DA94165C57A9C27B71572576140B2C7EBDE66F1B3EEC2C0C61B06014B5298648E45209BDF8F4E06DDFE14159F1A6EFBF62179BFC9B5839354A96A7A6849502D3961747416EF4174FD3F4C9D3F75DF26CF8BF453E43ECB92627FEE9D5B8F29491FF00449B504A79D371DAB5E8CFC587096AC2CD83ED8C9B570B8F2FDC57750EDE9E340B7CA6276FC0EB9AB6C8AD9653E9CE3EC05C5F716023DE47B8AE46FF000EA282C3E444E2B119E97BBEB30E0E59889291F9E3AEACBAEB6FACA5B4A5A483E8EC0DFE6681DF1653392D6DA98B6545897112F1613DF8BCD73E207CFD56A0E5F07C711A3BAC21DCD44C9FBEE349C1A1CE02C4D81254401D3E1400D5B5FD71F563760CACD829C932B7B1FEC2D410D85FA47D4845C7451F5505F7C33A9EBD1364FA68D99913E7E2190FBFECB84C0587C280084DFB8A061F96F391B11A4CE53B3D78C7668FA58D2DA415A92EB80A8245BA8E496D42E3E741CF52764F1EC5CCEA6DE3DF952F0D8A6DE19475685A1D70BE54A7548493717EB6141AECEE1175F7B210B1D8E56635490149C737956D40467577054DA8055ADDAD71CBE340FCF0669B91D5F4D4373D43EA67ACCC4C76CF2436852521081F0EA075B505437753DA1795FF00CD2EA147079D8EA626BC2EAE0ED824155BA58100FEFA056B30D4CEA5276385B13D1A41C97B69C534F291C9A539D5DB2540DA82DF2368DD24F953073E3E2DB7E5331BD98494B9C83D1AE02DE2A07B8BF6A0E86CEC2993B092E3352BE824C8614812BA7F494536E57FB0D0726B494454E5933232F2D3A3CE96991944B3EE34EA4B69495F20458A5682A07E4683C398E6E660D8716B71231BAD098C06D5C4073F36F60DD22D7FE93C481FB7E140DAF056BB8FC6EDFB429975D5FD133018639B85C4F096C87DDBDC75256DFA4FCAF412BFA86D4E66575A67378F528CCC23A240426F62D92029413D8949EBD7E5411CC7EA230ECEAB8C79961790D8DF6C36E63DABDC388B02A51F928F6B50531BCE6E591F306A392DBA2A318A5381519B03804316513C94A37EF6A0E9A8F2D8931D0F47712E36E8FE9BA8214955FB107E341CB5B3C3CF64B77CFF00B79C9B11A1B0B18B6DA43AE0425131C70129B2BA70E3D8506AEBB29E6B2BAA9C84D5BFF4996C8B6A932564AB8A10C245D4B27A7D941BFA2486DCC978ADBF750EBED4AC98700505293C9EBA795FAA4711E9FB05074ECAC963E1ADB4CA92DC753A4A5A0E2D2DF2205CDAF6EB41F4664B2EA029A50521562142C41FB2E2836001D6830BB71EA6D41CFDE6E65D97BE34C2B26F63D8630EF496CB6EA9B4ADC41F4A48B80682A1ABF0C794ADECCB925ACAEA93A4C969F7CA90890A4A901B4851FC4123E3D7AD06CF8BBE9F6AC8EB11722FB31707A736A794990E2501D94E3A5C484A49EB6B0FDD41D1D9F851723819B15F09762C88CE2169BFA482823E1DC507306A2CEA31709AB3D93C1C79FF005CA9EEE45E779FB823C6E0ABA78A80F4DD5FBA8225594D650975C6F5F6572189EA946116DC472C62DB0B4DD40F4E22DFBE8197E0A93AECDF226CB275E8FF0047897A134A6228047B7752790215DC8583416DF3ECFCDC4D1E5B10207D6459A953792781B7D3340A4A5CFB6E7A5024589B967E26766BED2F1792441C730CAD0B525496D6AE1CC281BD9694826825B1B94F24603C8D25E38F465735131652E8E560A8890D7F549049B84A40FDB41D07E33DC1CDB752899B5B02338F9710EB293C8254DAD483C49F9F1BF5A0B70ED4050141A738A92CB8B413CB89008EFD050729EB0ADEE56A533703B346650B5BD0E4379002EFA4213E90AEAA5DF98F484DFA507C55E5FDCDED5B1D828ED3784C482988BCBB0D28724A47126E0017F89E3EA3F2A0E94D15086356C732327F9B84B3FF00F501FF00B4B7FE5F1A0A07EA19015175849B149C9A02906C41174F434159F20E5722E79371D0F01888CF4BD71AF75C4BBC1A69E4BE803A857B77B05DE823F2388D822E85E40CA67E0B58F91967213ECB0CAD2A4F24C9015ED84159160BF85039749461F57F16C49B1637065109B9B2DA6BBADE53282E1B5BB92282A0AFD4B6B06C46267DFE4502D7B8B7714141F16F9830BAB1CF1930A53E32330C867DA00D81E96577FBE82E1E00CC3198DE37DCB32DA9B6273EC3EDA163D494B8EBE403F6D8D04879FB3BB7378C9187C6E33DEC23D054FE5722A3D02472486926FE9505F13F3A05BEE5B7EB19BF1DE91AF44981F9F09D8A89EC2010A400D14280205AFCA836335F52C60731A1EB3A9CCF71F98599194592E29D536EFA14A2527A2903D209B58D07446063BD8FD5B1CC3C383D120B287520DFD4DB212A17B9EC47CE8397652F1B271D90D8B3319B96F64F386238F3A5416CC604DCA0A7AFE1FB28275D99E20D7F73C49C4BCD65B19290B6727225BAF3A98CDA89E9C569EBDBE54166F114DD391E4FD8216ACD23F2D72307199285B8A42B8289B242C0E36E5F0A0BD79A94F45F1DE527C7436E48865A798F71016949F752D9202B90B84ACD0206779275593B46A797FCB421BC3B61396690DB63DE5F1F5909FE2B92AA0FAC3F2760A6E1364C26C4DBF2E0E49F2BC3AC25178E392F85AFC6C51E957ECA07DF8732F86C868B0462E5C898C40E519D765001C0B40BF1B0B8E3EAE9414BF3165676D1B3C5F1D625696D2A4195967AD7286D0952AC2FDBA50261586D211A63EB5CA276A6B23ECA63F25595142B89570038DFF6D05C71F94C960BC87AF310B04F84E3E3162330A55D6F34E2AEA781FE5F5D0748E7A1C5C8E026439EE1891A4B0A4C874AF816D2B4F5572F85A839872FABE475C755021E570EBC4CA9B2558D6DC99EE1FF0088425A05C4B608B8481F8FA5C9A0DBCF682DC2D622CD93B6C08A62E3DBC6E521C552652DC43930BC9B250B4F2485290AB7FB340CBF0AE9797C63CEECEE6C23318FCEC4689470536A2E365296D4B04900B680A6FEC27ECA0B4795B758DAB6993A6AD295C8747D343696010E38E0F97C80EB4085D6F47DFF0052878DDFA0C06B2487525E7A09473536DACDC108F8029370476A0367D8E0795BC81ADC5F6DDC5A9E0624B2AE2568515151E04917FDD41D31ABEB51B5DC1C3C444529C8F111C10A74DD440FBA839BF3397C643DE7616E548434AFF374091C557BFB2CBCE1757DBF8395CFD94102CB7839C707F9C38A184732D95765388252AF652D34B2A4ABA7C3B58505D3C7BADE973BCC101DD2D0B56170918CA9B21E714E7B8EA9250909B8BFA79A7F7503B372D035FDBA1B71734DADC4B0AE6C2D0B29521645890A16A0F7A469AC6A7895E2A34B7E5B0A90A90DAA42B9AD014123803F21C3FB682CC0585061CB71341CE5E77818597BE328CABBECB28C33EF30AE4537790A3EDA7A8FE23D2828988D3F52C8FD3A5A794EAC6B92B293908595144C8E0D9B200EC42474A0D8F18E8DACE4B29031BB536EA3F3D8E5DC24A65C2DDD6852D0B6D5DBAF24129FFCD41D513198F0F06FB293C63C78CB6DB2A5580425B23D47EE4F7A0E59D1F53CEEC18A61518B2D44463E6C58F25F75086CBF216A43A083D45DB3C874F8507D666BDB63AD67F258F534A11D030AFC225295AE3B4DA5B2EA2E7A80500823E740C2F0C46698F26679868210518A849504DAC1C096C2FA0FF6875A0BAF9AF290315A0CE54D8EB93126A9111D434A085D9D577055F11C68121F99464ED29549D5F22F3B3E0A196714E389095B4CA47076E072253C0FC7E341350779932772CA6D6CEAB3E4AD986BC54D8616DFB4D240485255D3973E0D83C7EDA071F8A737AFE63528D33030863A1296E27E80107DB5A5652A1D3AF5EF7B7C682EC9FC23EEA0CD0141A92923DB5725716F890A3F0483D0AAE7E40502BD1E21F1BC0D4D0CCC90B9585C6CA7320E48539C937284A5C4AFDA1D503DB0682DCD62B4DD8F54661468EC49D7A4B652C06D012D94A6E8040B26C53636A08FF1A6B7AF6B7887B19879A67A5B7D7F52A0E15A50BB9094F127D2529B5EDF1A0FB7907C7D0772C4220BF25711F8CE25F892903AA1CFB8FF00E7A0A137E17D55C93EDEDDB2AA7EC6EA836DBDF501878B21366DA0D15AD4AB003B0A0FB4EFD3EE88D29A66566E6B45F366187642073F500129E60F237B1FDD40DAC6C18789D7D8801404482C2184A9C22DC1B4848E44D06AB92F544AC02E41E9D41BB27E36E868291E35D4B19AC3B983909F0251C94B5C98DC56D9294916B124F4A097D234CC560F66D8F2F0724D4B5E6DE4BEE476D48219095B8A02C93FFC4FECA0B5653198FCA417E0641943F0E4001F697D52A4DEF636FB403415A67C41E3965C4BCDE0A325C4715B678F5051DBBFC6F411133C40A46DE362C4E7664090F3C1DC8C70B250EA6E0A908208E3D13603E5DA8186EF17195B43D3C9252091D3D571DA81391BC1C9938418A4E6D892C3196FAF7CB68F70141FC6CAD217D15F0EBFBA82C799F09EA592CF62B291A3B10E3C1B9760B2D27DB917B91CBEEBD06E61BC5787C36F92368C6A8464488A630C6B4DA12D27D2905771D6E4A682C1B7EBF173DABE4310FBA23C796D290B7C8FC09365157AAC3A71BD02FA278920BD95D47238CC946978ED6DA31E459085AA4D89B12A6CF0E4126C7903413385F17C2C4EE7B06C4FC865C8197494A61169294B3D12A2A0B5129E9C48EC3BD049F8F352C46B58B92C62A619D1E6C85C95BD7429016B3EA4A7DBE964DBA5069B1A86B117C8990CCB5353F9DE521943B094B0A5253748F7522E4A5364F13411BAD782F53C7477464E3B19596B90B7D12DD6F8AD2952AE948B127A506C3788D7B33E4C8F97C6E59B725EBCC1872F16DA0A948E64A52544DAD4177CBE22165B1B271B390550E5A7DB79B4A9409491D45C016FDF40A7CCFE9AF4A7DF82BC429C80D34E85CC4A96E3BEF364A7D092556476FC49F9D04948FD3878E56CBADB315E65E524869DFA8755C176B0571E5D6D416AF1BE9D2F4ED519C1C89BF980616B5B4EF1E00217EA2903ED5723FB68217CB1A361368631BF98E5D38F5C69378A1E71219715D3936428F52520F5A0BD4669A44569A6148319B4A50D04D8A02122C3B771F75051B35E2EFADF21E0F6C86E3115BC675931D0D7ADE3736F526D7EF40C40B4F617B7CFEDA0A0E63C57E379736565B2B8E643AFB8A7A5C8795C5256B23D45570900FCBFF350464AF0D6BF2676BD330A63C7C3635D764BD13DBF79B93F509483EAE5C7894A7E541F2C378CF4656E10B62D572898CB86E95CEC7C2790E36ED828252A42547858F45248F87C0F5A0693D323C76F9BCEA5A6EE91C96401757448B9F9F4A0CA1F6D5D47427D5F037E96F81A0F9A2730E3CB650EA54E37C4B8D24A54B4050245D23B5ED41F46E434EA47152560DC73490A4923B8B8A0AD6C7E3CD3B6696DCBCC63D12E4348F6DB71448B245CDBBFCE8231BF10E97062CF6F0F011065CD872217D52791E0890D9475493D7BFF006504635E1A86AD7F59C52B20EA24EB729525A9ACA425C55D45CE045BA02AE27F67DB4175D8F1B172983C8632638A6634B616CBCB42825490B173652BB1009A051E0BC11E35CD46549C2E7A5CA610A52145A75200524F1B71E370147B1F976B8EB412A3F4D1A88174E4F237E9DDC173D3E7C682CBE3FF00136134CC8CB9F0254879E98D25874C85051165DC1B800FC2825FC81A9E276BD75CC5E59F5C6841C4485BC9210525BBDAE55D077A0A233FA7FD5E63ACCC673D91794DA4A59949792E1E27BA52BB1F4FEDA0D697E00C7C38F31FC66D39080A7C15495B8E23DA2542CAF73A27BF4B9E540C6D170A311AE44849C88CA00824CC0940438A27BA387A78DFB505A07616ED40501410FB5A928D6F284F40223C7A7D8D2A811DE3F9093FA76D89A5AF9BE86A7F24DC15005A49EBF888B9EDF0FB683E382F3062F5EF13E170D875FD76D4F34E32D4368157B4E38F3A473B0FC4013C13D547E34177F0778F725AEE22565735CBF39CBAFDE7DA26E5B493C80707F3A89E4AA093F29B9B4B11A0AB05B0C4C092E86D665D87BAA72C108402872F73FBA814FE44F1A793E4625ECAEC194879130DB2E5E3B27EA4A523AD941A6D76B753D7A0EB415A6B5EF2938CEA1939339C5B721FE5897DC52DE4C2174F12F396E294A942E0723FD941D17AF6B7B449D22761F74C8232336538B4AE445F459929404A47A1BB1B827B7C68107E46F1A45D2334D4F90D7D6EAEF590181314DCB49E26E6CAB13FF54287DD4112B81A76C7918F89D1F1B27EB2404F37B27352CA127A7440B9E7D41FC26FFECD0337C31846F05E54D9F10C95FB5162B6909538A5D8F204D946D7EA4FC2837BF50B8F727CCD3E0256EA23CC9EA624A98242C34E2DA45C77171736B8A0FB23F4C7AB948E59DCC295FC4AF79AEFF1FF00D950553C8FE1A8BA56B8FECB83CE643EBE03AD290243A9E24294116050841BFABE740ECD6A6BD3F51C64E9AEAAEFC169C92B37493768735AAFC6DF326F41CE5BF62F54C1641BC9EA5B13AEC790BF7262E3641A71E6B91BF2434AE2E1FB0F3A0F4CE75F91371D162F9572486721C92A79D438DA23148E403E5525163D2DE9B83F0A065783B259F5E7B68C664F36F6759C6BCDB31A63AA5A92B0395D48E45CB7C3A0268191B6AB96AB99B74BC19363D3F899558F4E9D2839F746F296B9AD78ADFC14E5484E5A7B339C88B6900A47BC56D37CD5CD245968BF41D283674AF356AB8AF192B5FC93931CCC1624A0AC24B893EE9211FD42A06C0280A063FE9D93FF00DB0866F7FEBBE49ED73CAD4148F29313344F2A40DE982578C9C52D4F06E7891D169BFF00296FD4001DC7DB4135B0F9E24E432070DE3DC72F353B882A98A428B284AAD7201E22C2FF00896A03EC34107E0C9B3636F7B72B647998B9358613252A5A1B4978BAAF4A41B0F8F6140F8CD26D849CB4D8284674DFB766CDAD6A0E5DF1079032BA9E512F654B8BD5B312171DD92A25496A437C55EE0E8AB714AC73EBF87AF7E941D5887DA526E957450E5D3E5F77C2830A7520F4B1B9248FB077240EF40AEF359D64C5828CDEBF3B34DA8AD2D3D8F2B49608E205CA3E2ABFA7BF5E9F65028B1DA563F35B66271D0317B062F16F38A44E76605A78850B8F6D5ED84A7B75E5411B88C5610BB9262763760C998D2DE619938D2A2CF069640048428858B7D941D41A23CCAF53C5A988D262C70C24259980FD42401C47307A76141CF1E4BDDB093F29B421CC8E51F9AFA130B1F054DA1311A4B6F214E85143AA52D3E836B20FDB41B18EFD4364B1988C3603110A22E344831E34A5E410E85FBC847176E5B70278FA7D2AB504878DB4CD932BB862363810F198BC64073DC9C71B216F870AEE7DA5B6A75EB1E96B7A6C93FB28187E7799AE33A9B11F38267B32A436863E8561B507802A1EE2D41402475EA52AEDDBE3410587D573DA3CE8D357BD7B9AA1694E98922C5E5368415599412E05FA7F905FE5410BAF64B5F8B2336A89B736F6DBB132B7A064E6254CB28649F42141C2808708078DFA01DAF40D6F18EA8E6B5AC3309E9866CB754A7A5BE14A5A3DC5F55045EC3F11A05FFEA49285FF0095633D20C46644E71992FA15C4A5B506B92CFD8126F415F3E2FF00109048F212ACA041FF008B8FDEFDAC53D282AD9DD4B4B87BAE1B130F6D5C9C34E6D4B9994321A57B2E279D8248F4F5B247517A0EB0911234A8AEC592D25E8CEA14D38DABAA54DB82C527E62D4085F2078659D331B90DAB52CCCAC5FD20F7550DB5AAD651B716D692950EF7F572A0AE3F9BF32E370382CAAF672A8FB03A198A85125C428DFF001F24FF00B3F0A071F8FB5AF29E372CE3FB5675AC963CB452DB28B9505DEF7376D1412DE577ADE39CF58D898AAB116FE64FDB409563CA181C4F865AD616E4867312E1FF0041D6D2022EE2C1FF0078143ADBECA0F7FF008D1A9AFC4C7597D729CCE2E07D315A9B04177A5FD615CBF6DA81C3E150A3E32C093FF77EBDFB851A0BD0EDD280A02821B6C24EB5950074311FEE3FF86AA0E58D67C5786CB789F27B7B92E5267E3D1254DC7496FD95165B0B00A5694A8DD27F855FF386CE9F85DD348C1E3BC898A622E571725B2A98C29A0B7D96FDC283EA504A923D1D5495FF00D24D0747E99B9E1B6CC0C7CBE34DD0BBA5E65562B65D02EA6D43E77ED415CF37EA51360D35E92A7D30E6E26F3224A70FB68040B29254AE3F8876FB6D40ADD6FC91B9790DD83A887A0E361A59437955BCE7F5663691752500FF005015A7F913F33CAD41F3F236A595D334D4E35ECB227E1E3E6585E298B12EC6416DC2E25C041FC5EE0B04FDFD8D8039B5BF24E3F23E3F9BB5B90254683054E27D95A53EF38868278AD292529EBC87C7F6D0227C9591C1E672F8CDC70EA76564725C54CEBF361A9E6D6DA55C428963D0ABF6E3C89FB682276898BCF6720B1B66258D1E2A91754D631CE079D48041B84D9447DDDA81A7E29119BF2F6D023381E8C886C7B0E24710B4D8715007E0450593C949D925ED180C5E3768878186B57D548696B4A65BAB65D4F1E092A4FBA9F870E83A12ABF4A08BC966BF50689F2C63B1B8956383EE084B5A9B0B2CF225A52817858F0EF7A0D37727FA8D9294A5EC2E15D1D141B5A9A58047D9F51FDA0D0356197DDC0347349692EAD81F98A5242594929FEA712543D23AF6341CF7BC627C758BC8B53701170194C07B76911DBC8729A9715FFB44A0BC90AE1DF8826FF1B5057F5E81E227731AEB32E7AA4A1C71D56596FB622329E5C8A50F7270845BE0A4A8DFE74174F16E1F24BF2FEC3230325A6B5B8725C4CB8E970A9B790ABA59E1C42D2AE3C6F752A818BE5FC86D70B4E96E6B9111356BF71BC925772110D6CB81E5821615749B7E1BFDD6B900A2F136DDA53FA54DD3F269618CFC96E5271D2E4B480CAD521052D80F12AE1EBBF7B0BFC791170626A1A6C0C2F8B9787CA3301DCDA5A949E482CACA96E2965A4A576EF6527E1412DE06C7CBC6F8EA2C49ACAA3C86DE78BACAC5942E6E2829FF00A82D8DCC83D8FD0F1284BD90C9BC85BFFC5C00559007C45CA6F74FCBA91415EC3FF9E3C2531D190C5A32FAF48216E4F6004AD2AFFF0032C14DFDCBB83F0A0D3F1F6AD80F20F9333D955CA90DC486EA27C54471ED2D6A5397095FB89E5D38FC05074A6645B053875368AEF555C9E8D1EF7A047F8774EC66DDE26CB61F2483ECBB9178B2F742B65694A141C45FE4AB823E5D3E741B2BFD2A61389E3B04C4DBAA2EDA0849F9900A45FF00DAE86831E02394C6EC5B56AB226AA7C2C4BE13194B2A29E48716D152028AD292E240511C8F5A095FD40E34BFAEC496BC63991C7C490173A432F38DC88ED762E368F5A14AFB5408F8DBE2015D0D6E4C9CD63B40D8F689D1C84995EC7F4DB8E83F05AFDC642B88E87D291F2341ACD1DE91A5E6B61676BCB34EE327888A8C5F7805A4920AD4BE67D408EA283A8F5E96A9184812492B53B1DA52D4A37512502E49BDFBD024F7FDF61E7F69C9EBF11F4CED7A3E2DF5E420BADA9B6972A35DC039FF00C3BB64A902FC17D7EEA0846FC8796C3E23190766C3E14E165E195270AC2A3B9287FBBE31D0EFA9D58EDC5449FB2FDA833E238DA40D9F012236794CEC0F38FF00E658D61B7E2C6712A4B8EB4D36A5238A948500148BF057DE3D60DCF3663B0F3FC71944E49E4C64476FEA63BC45CA5E6D43801C87F12FD03EFA0E7DD35BC4ECD8DCB4AD9F28EBD98C36348C0E3DF57047069047A083EAF6D3FC007C7975A0BDE0F54F1AE4FC53847F66911F1D916A3BC60C85BE98CF2ECA52826CA202FD47E46DF3A0B9FE9C928FFC396C215CD026C90955C28592AE9D4743F7D06D79A51AD3BAA4E993E343C9E430C8F7E24094E2EC953A50824B6D38DA8DD3F6D026E162E5B38E632D92F17313B1521BF752FE3DE9562D2AC42804BF2EC07C411FBA8373586F47DCB77C762F57D39A462D0D7BB9B335F790A48F48514ADA5AFF00DD9E3C6F7B957509E8A01D199ACC231187C8651E6D6EB18F8EECA5B4DF12E14B48E65290AB7AADF026810FBEFEA0B5BD9350C8E1616326B3227B6528717ED7B60DF91B84B84DFAFC01A0D2DC9F931FC51E3B7A3305D7D97CA9960057AD60ACA13C47ABAFCAD40C9D07C8FE42CEEC48C7673517F0B00B2B5AE6B8DBEDF1291D012E2427D47E67F7D01E7DC8EE11350713868A97E03C97119775601F6D957129527AA57707E40D02EB48D9351D83C6EF69C86D88BB67D3A9888F4B4A121D3C82806E4DD46F61D8F5A0BDBFA963E27871EC329986FE79AC7FB2BF63DB71C53A2C0D8A4DC9BD05B3C4316541F1DE121CA68B0FB0C0438D1E8A4904DC14902DDFEDA0BAA7F08FBA833405047E5A3312B1D2633EB2865E6D4D3AB490084AC59445FE42828B81D0F02D78C27EB3AEE4BEA6064DB7D0CCE71497472793EDA8FA2C2C9228363408F81C4E8ADE0FF316320CE1C391322EA4D9B4AFDC5A9C4A82FA24DD76F5501E37F1AE2B524E4244098A92CE4DDF75A6EE9F65B68FFBB08FFA20FCE83E7E60D333DB5E063E271129B8ADFBE854B697747B8D8F82543A5D1726DDA835335E16D5646221231D0598D99C436838F976294ADD68820C8E29FEA02A4FF175A0A8CFF086D0FEA894AE5373365C8645AC8659C75C3C109652BE2841B5BD3C88FB6FF6503A3258589335B93887406E33CC9615C3D3C4116E96F95025B1DE11CC41BA70FBEADA8D13936D142012D051BA9374B802093DC7C4F5A0FBE5BC3BB7CA6911729E447DE43EA010C4842941C575B00971E5F2EDF1FD94168F1B78A67EA79B9D989B9A565E4CE692D2CA9BE0B041EE49528F4A095DE7C63A8EE4EA1ECB4770CB69B0D352D8754DB886FAAAC949FE9DEE797AD27B5026B2BFA69CB339A6D38B9CDE4B1A576792B598CFA012014A95C5FB743D08B9EFE91F00B927F4CFE3A364393B221D290A5A7DF649B77FE28E827AFC6D7A06BC0C542C7E198C5B614EC48F1C4647B86E54DA13C6C48F98F95029F73F0A447A4C48BA9EBF8B8F11D2533726F29E71E680EA0A1A2A4A55FF00E2A0D2FF00F56EC642CF615E69E44EC4B054ACD225A8A7DD5106DEDA1A4A528173DAF4172F1B6873B5AD97679CE21A462F28F2558E434B0B296D2562C4F7EC682E19F88A9B86C8C369C434ECA8CF32871CFC085BADA9B49558741D7E140A9C6F82B08741385D8DC8FF009930B7DD8F99885454C05F5FC6B4A1451D3A858FFA3D6C6821347FD36422890EED0F21E6D678C05639F295148241E5745B8ABF1003B76B5037F48D0703A6C07A1E1839EDC973DC714FAD2B55ED6E85294F4B50442BC6787FFC49FF003B2A5A9C93C0A5711C295212AE202549574B580EC7E7417478C5713EDA949295F45A14429241F98208A0A2E93E343AC6D3B0E6587D976265D692C436505296825655C6C916F8FC282F79065C938F9511B202DD656D02ABD82969E372403D3F65053BC43A2E4F4DD6DFC5E45F664BCECA7242571CAB8715803AF34A4822DF2A0BC07537BFC091EA03A75FEDA08EC7E1B0F01F90FC2831E3499AB53D2DF69B4A1C756B5159538B480A512B51EAA2682ABE50D1F37B863A263A0E4D10209782F20D10ABBCD26C3A2D23F86C6C9B58D040E5BF4F5AF071B95ACE4666B53D080D7D430E2D4142DFC40A92B055FC565DBECA0F18DF0B4E83E3FCF6B0BC8352A765D65E6A52D2A404A877E560BFB7B5031751C3CBC36B38EC64C711224C261B69D75BBF1514FC7A84F4FD940BDD97C44FE43767B27896A2E3B1D33192624975164AFEA64F2FEA1427A922FF008BEFA08D83E0BDA92F34BC8EC4C4C4C280B818B4BB150EA584D806EC85FA55C2C6DC81EA41A0D8D4FC519756CF1329B34B8520617DB7712F62DA6A2FBAE9582449096D37F6F87A401FC46C7BDC2D3E5AD272BB9EB29C5419888CA44843CEA1C0425D4B609E1CBD453D7AD0686CFE22D2F298FC7365F387C9E3DB6E3C4CAC5506D678202024A8710BE9FF005BF79A0AAA7C0F8F7362C3C699319C9E0B1D154CBAC9754D48528A94A0AE28FE1E5DC85D036B58D6307ACE3138AC3B663C14AD6E868A96A24B9D4F55952BFB68281E56F0C6336744DCCC14BEAD95686C46417821A5A9A2121252B17B041BFE2F85041C2F0B6FF8EC136CE33747E23CFC70DC8C7BAB263A6E8B290DA82D6001D7AA5341B13BC069C5AB073753C9FD1EC18E5A152A63CA51F752492E3C504F2163D380EE9E84F4A072A593EC90EFA814F15581E247DC4ABFD27E541F00D62D09E2B6D9B8375208403723E22DF2A0A9F91B476F6B387FA7C83108626526410AB10A4A411C536EDDE82EED3CD39C8B2A0AB1EA126F61F70BF7A086DD3072339AA6471319496DF9ACA9B4ADCB8472E962AB2567FB28174AFD3F6226E871311900C35B0436D496B2917910A524957173925B2E24DEC6FD47C2820350FD37E39B80E7F9C9D1F545DB3061BE004A3E28505A563E17BF2F8D037F4AD4B11AAE1C62B13EE185C94E80F2C289E762A3D00E9D282D22F617EF40501411F9B4FF00F299A7E223B96F97E0341CBBAC379FC845D33058ECEBB836A5429EEBAFB4B294A4B2E38E5D42E13DD36A08E8FAC6CE752DAE5B19F29C7C196FB7361A89265AD2A214B1D3AF2EAA2681B3E03D936594321AEE6DE4C8563598EEC27AC9052CBA90A427A7702FD4D05C7C8FA7E7F65890A3E1F34E615D61C5A9E75B2525C4A87407891D2F409BC9E0F60C5EDB1F589DBFCC6263ED7B9EF2CBA9682BF81055CAC4AFE141F4D9701BC69D96D615236C9591632990659535EE2EDC7DD6EFD0A8A48E2BF8507489095C450558A17D083F23D0D072AAB059D1AD6EF8388C481263E4DB9684B495A54A6C28A6DD38DC76EC683E3B2E9FB77B58DC8E5E63D9FD7B189F69C7E0A9065C50A493C1C493705B5A877F977A06F789E2F9011ECB991CA7E61AAC8881EC7B921211312B52AE84AC1293F82E7ADE836BCBD94D912DE3713849EC631131DBE4B26F3A942E3B083CD2B483D78AB828157FD51F8A8157F5AEAF3FBE985B4B18A9E64447E3CE5A92DA657D35CB8397648E4A07D37EBD0F7A0AEE7B6E8DB5311B20D89C8F21871B8C810D768AA6DBE3EB47B607DE2CA22FF3141D53818F359D6F1EC6494B54F4C56C4B7011CBDDE002CDFF009AFF001A0446D8E6DFA0ECE86B57CFB998565DE52862A436A7C1513D6EAFC22CAE9E950A08BF224BF2D28379BD9203F1203484B6FB7065ADB6791EC5C4B657DFB5BE14178F13EC1E415A30D8F182699D61C0ABE44BFEF389414294093724DD7D282D5E765291E2ACF2924A0A511C820F5BFD4B3FF9A812DF53E4BD5FC7CF427A32F31AC67B1224B126E48861F650E2D57E24FA028FA7B504CE83E54DE309A6E360C3D35E9F8D888525B9E16E24293CD4A52AC1B580524DBBD038BC6FE4089BAE04E49961711C69D2C498EA37287001D8F73DE8127E57818BFF00C596633DB33D0A264D7CB2852E94A6194A5212080BB754A6FD682BED61B58FF3C3D887377751804470EB798F78F053BFC9CB9F1E9F2BD04C78D737B96236DC9C5D5CFF009970A994CB32252D4A7141AF72C1D4F15AC27D373D283A8414A4245BA81D7AF5FF00450257CD1F9F4BDF354C1E2B2D23149C885A16A61C5A1255CADC948491CBD3F3A08846A9BC47D8CEB103C8FCF38DB4A95F4CF7B8490A253FCAA1F6A87C282CBE1CDBF6B9B98D8755D9E5265E4B0CE04B52D36E440514287A427926FC48E9DBBD06BFEA304C8BAF47CBE3F38F6324C5584A61B0EA9A3202D49173EDAD17E00D02B7688597C461F07358DFA64C7328E3287D84CA7418E975216A528FBBD781F4D06FCD9BB4699BBE29385D825EE05692E2A1FD43C50A201BB6405B83E3F2A0E8FD57332B31AEC1C94C88A80FCB6C2DC84A26EDF236B5CDBE540BEF3FE7B67C1E0B1792C2E4978F0257B125C40491671374F2E4973F08428F6A0A8ECD9EF35688D41CA6673CC65B1F264223A986D08E4414959B7F4D2AF52526DDED4031AC9D03CD3AF62F0B3E5398FCC20BB2E3BEB2527DD53ADD95D82BF9AF6A06C791E36DCAD5A41D565A63E4D83EF3638254A7108FC486EE4007A1FE1FF5D073CE7E7795B61C26227E5A529E48C925B8F114C14BACBE12485AC04A7D3C4507D25E8FB8469BB565E73F2139DC716D51A641BB4DBCB51485247109247137F80A0E80F1A62B6881820BD8B28ACABEF843D1DC712029B416C12851E08B9B9EF734146F3DFD7C9CB6A90A264178D5C890F21525B514F0E290A0AF4285ED6A087C5E771D95DD71EF66B7A4BEDE3034DE310CF26CBF21490852DE1E84DCAF90EFF7506AB79BCBF8F77F39ADB9D939644F4161D9AC1288CCA5C70F16FDB238AB884A57E9B5BEDEB41D0CA7AD60AEB7B1BFD97B13D3E37A0E65F27EA19277C9136544C6646562CBA1D96E30E04A56A5A028A99E9D027F0AAFF1A088FF002A342E4EB7B184A5201FF884741F124F1EBFB281A9FA72C46631D0B3A9C9C67E20764B6A88D4AEABF6B8A87C7AF4A095FD40E4F2B8ED2D87B192DD8521C98D341E64A92AB2AE0F549140B49A98D8F9AB8191F28CD8D312906436A438AE0480AB72E76F4DFE3411F91D9354958795AEE5B2F9AD964C690EC9C74D8E7D1CCA0369E854B5292950E5D2DDE81D1E0C565D5E3AC5A72DEEFD52FDE280F157B9ED7BCA0D955FE045CD031D36E22DDADD2833405057775CF42C2EB391C84E529311A655CD69173EA211DBEF58A0E5BC542C66559D2B1D3B2631719D873DA912C103859D59E2A07B73040FDB41F58BAC217ABED33A1E6C358DC43D35A8F8F2A4294E859284B9D7AA814773DE83A0BC67A7E3319019CF32A599D95871FEA4A95E8012D8B7114127B96F387D5178D4643DC2F64DF11A2A5B4DEEE129EE7E1F8A8171FA827F0B9218FD72363CCDDB652D3F97B880429941EEA2A1DC589A0A0F90BC7DB76BC9D6224CD81C9C254B4350C39C94233E4B6395C82A20150140EDC66AFB7C2F1C66F1BB167553B24F7BAEC6C93174ADB6832DF148B84F50B42BF7D02061C1CF274F85B62B61C82DE39444354253CB28290AEE5457D6F6EA0D06FBF0B391F68C8F8D31739B8D1F293912FEB54E94F14FB77282526E7A774FCE8185E0EDD774C8C99582CAB26662B1C9799465C7A55EE3453C5957CCF1701141F0F3663B5056F3ACB9B14653B1B2285457A68794D21969B73973E21241B7BE7B9A05B358BF1CC599BC2905890D63D283AEB4F384A1FEE5607129E7D001413F158D55D6F50D93599D8EC2E7985A7F34865CE294A0AD40DD27913F2FB8D0747BE844B86521CFE9C841097106FD14090A49FB8F4A0E66CAC7CD6972721ACE59D94C639F93F578ED86323DE7D9049B8BFE3FEA0E8AEB4109B2CE88F6B1327E2773C8E5836E32DC987250B6816DEB8FE2575F52682F5E28D920E57CB8A4E1BDC8F856B0C1B6E028942038D2194AC86EFC7A9B9BD03A772C0E3361D6E5E132123E9E1CDF6D2A779049BA1C0E0009F892814096CBF923DBC166B428D82972F1F896DEC199F16CE2F83414C21D5036F516DA37F8506EEB5E6AD3759F1DB78A8DF51232F8C68B6CC090DFB6E38EAD6B5016F50B0B9BFDD40C2F15EB70711AE87D88CFC49395266CB8D257EE292EAEE3A580B2482080682B1358F18ED1E4ACA60F21AD893968C9E7327BAA57AC21008E212B07F8AD41488D80C26D59CCA63358D2588B0E3B4EB49C94B53A9297D2AB0362AB7ECA0F3E2CDFD9D5730F609FD650DCB2FA61CC9F039A815F3084FB814549B5D5F0A07EED89CFBBAE4E6F0250D6614D5E097788485822C0957103D37A0E68D8A7F963FCE9AE3B915C49D9B8EEAC62D2CA9B751CD2A525695F03DEE9A09AD43726748DB27CEDD75C7A0E572AEFB8AC992A73DA4B82EB4B6083C50A23F9AF6FB281B9A2E9DADC6CCE4B70C54E54EFF3072702FA16825C573E2D81F2B8E94115E5C8BE3F972709136A6A4BF2653AA6B1CDC7514F55D92AE66D6F9502EF78D47C5B80D822E031D869F93CCBCB6FDD690E280436B3F8B911EAE80D04463958CF1A6F88773DAEBCC94AD4FE31D65DE6B4B2AE839A7F888F8DA83A5F5ECDC1CEE16265A1050852901C679A789E0AF8DBA50233CB9A0790CE172D92C8EC8D4CC330B125BC51042F89584A6D74A7F0059F8D078D7F45F27EC7AE633283708E62BED224478B2101CF68DB9741C48E483D2E283DCBC7E571BE57F1F63B35904E532919958933D1F8561525F5A6C3A5B836A08EB4175FD4047C87F9195908B919109DC74965568EE29BF712EB819217C48EDCEFFB2813392C2EC3097B1F1D9322EFE44984B6EEF39FD4FAB420904F3FE1F7283E99F91B5352F70958C9686628661FE62B528A5F57261AB70524F2EFF6D03FFC60DED3FE5B65CD91F664A9C6DA544531DC32503FDE1BFE2F9D02EBCC18DDA22EE70B3E9232B80C5B887CE31820BEC24A6CE5D03D5C5405C7DF411D94C03797D92361E6EB8AC363B2CF22461B31059E521AB24AACF8BF4FB7E5414FD9276BAC68AFE062E464E4F69C8E41A9139B702F821D42169501D2C4DD56B8FC541D45B54B761EAF969B1D567E3417DC6CF7214DB6543BFDC6811DE29F136BFB669E8CDE725CF767BEFB8973DB90529F4FC4F459248575A0A560315AB379AD8616571F98C937027391E1AF1EE2BD0DB6A5B7C5E55AFD4207F6D05F7F4FDF48D791B6666133262C26A2A131E2CD55DF6D3CD3F8FA7E2F8D05BBF5191DC7B434292B69AF6A632BE6F2825370556EA6DFBA817B9E63C951E146939CC7EB696A696DA8F21F0DF274A80091C8137BD06864B4ACA6BEC272921F8DAFEE6E3C15878B8E51F6253605CA0FA9602F993E926C7A5074078EB3795CDEA58DCA65E318B3E43214E22E0850F8382C4D82C58DA82D805801F2A0280A08ECA62A164E2B91273299119E050E32B0085027A5C7F6D0271EFD376191B7B731879275C5F253F8C7412A4A8F4B36B1D93F69A0F9E1FF004D1895379019392EB05C90B5423197D111AE780583F8956140E6C3635AC662A2E39B5971B86DA5A4B8AE84840E848A0A9F95BC7AFEE78D86CC2962164B1EFF00D4C490525490A16EE07DD414A578BBCCAE4B6A6AB6A8CB96C20B6D485324AC20F52028F5A0F327C41E4ECAE5313233FB1B13D8C5CA6E4B6C96D43A25C0A55ADF34B77A06FE7B16FE535D9B8D8AFF00D2BB29A2D2245AFC39742681291FF4E7B24788C431B37B90187D327E93DB5702EA55CEFDFE341F5C4F81A7E4E2E624EC32045D89F986463B21197CCA1213E9240B117FECA0BCF883C7D92D2F0B3A16425226BF2A6997EEA0103AB69475BFC6E9A08FF2FF008DE76E12B5B31D0D3B1719296AC825D51492CB8A6B9A53D3F91AA0A762FC1105CCC6DE9978B52600484EB8B2BB8278AEE7BFC14477A0D4C7FE9FA43FE3C533261222EDC5D3ED4853B64A51C926E6DF1E3CA81E981C749C76B7020ACA5D930E2B6C957F0A96DA001FB0DA81511F4DF262D59ED896232F6499212D44852ACE45444428DD412A0537E36B74A081D97C73E6FCF635CC6CD89866A338B4BABFA54B6CAEE8EA2EA4A05FBD05C35ED1B3103CC8E66D50435863884450FB6070F7C36D058B0B7F120F5A0BAEEFA3C0DB70CD62E5C876336DBA97D0EC63C561694A93FBBD7409BD5FC31E46C6E573FF0095671FC304CA2984F3B7704C6C7B810E39F7A403FB682495E03CF6C0BCACFDBB2A97330A406B18F471C5B494D94975605AF755C11F7D031FC738DDAF1FAAC687B33A1EC9301694941E4A0D2459B4A8F6E5FF0025055370F116D32B72776AD5B389C5CD908089092926F6007A6DF0E9411DFE42F3C325619D9D829575559211C944DC9B01F3A09BF13F8CF63D667E5E6E764B331FC9A9B70B88173EE2144951BF4F8D0313298CFAFC73D0C3EB8DEFB6A6C3CD9B293C87C2DF2BD027237846660F6AD5A6E21D54B8D09E71FCCCC79CB2CBAAB1E494FDA45036F3BACE1B3B8F7B1D948C89519F1629526EA0AFE749EE0FDA2828DE27F1D6C3A64ECD447A77BBAF3AE05E2D8372A02FC8AFB7A6C0F157CFBD07D3CC3E39CD6D71F1B330AF223E4B10F17194B974A549201FE53D42A82B0AC1FEA2DA90320A6B0CECE437ED09252DA9D0DDEFC02AC0DA83E58AD2BCAD98F2161B37B7B10D7160726D65A2900215D6DC2D6340F066130CB496594A5A6902CDB69480948F901D8502FBC9BE251B8BBF5A32B2A23EC455B0D436080D3AABA968F72FF352A828BA87E9DB24F615A5667373B1333DC55A2C75A4B696C2AC922E7F88505C74FF0003E1B5ED8A3E79EC9CCCACB8C088C9944109BA4A3BF7ECBEDF6504C79674BCF6DDAE3789C5CD6A195BC87657BA92A4AD2D9E494F4FF6920D02E1EF04F919F5643EA33F1169C97B22759B57AD31C24207D9F8476A0D6CFF0082761CA64B3B255284653ADB08C736972C878B6D368597523E56E940D1D035187A8E10C0139F98E3CA42DE5BC797B6A4A402117FE0BD057BC85E2F8DB1CB5E6313927F199D5361B71C4A8969D424592149BA4F6FBE82B9ADF8B33E8F66466F699C9991DD0AF6985F36D410428DF97A872B006F4139AD69DB5E3F6D135C918E9D8679F5B8A0A8A943CD0375212D91DAC788A064E5046998E910E429463C96D6CAFA75E0E24824FDD7A05478F350F216A19663168CBC57F52F754EBA9524A9E00DBA24713F8F801DFA7C28331BC45B4E3F2D959980DCBF2B6B2B29C94F3486BB95AD4A0955EFF8795A82C3E39F1CCED5F60CAE772D9E465A6655A4B4EBAA1C5574A81B9B9F90141F4F37E1276CBA3B98DC314BD38C965DF6C2D293C537E5D6FD7A1A05D6CBFA7ACC9C640FCB337272520ADBFAA8F25E010C8B0E45A24FF0FC2836B69FD3E6499C4226E233B3727998CB439163485A38DEE9BF0593E929E3C81FB281E1ADB73D185808C836DB33D0C362534C7FBB0BE202B85BF87976A09802C00A0280A0C711418536091F0B5060A2E7F6507A09005079F6C1572F8D067827EFA014D822DF0A0C84809E3F0A0F2A4127EC3DE83C968F606C3E4283D86C0007CA83C2DA0AEDD15F68EF418F60106FD6802CF4B1EA3E541EBDB3F3EA7AD07954749F85067D8FB7B5BFB280F613FC449A0F7EDA6831ECA3AF7EB41E7D847EEEA3B5067D847DB41E8200EDF0A0380FDDDA830100507A084FCA80E29F9501C45EF6EBF3A03827E5407148F85004507CD0D1E9D7A7C8D07D388A0F3C0FC877BD064200B7D9418E22FDBB76A0C38D8501F306E28305B55AD7EBF0341AFF009735C8A8FA947BDE83CFE5AD1B7A6D6ED41E863D909B7107ECFB68018F60DF926FCBF17DBF7D07A4C2424929E9737A0F2EC14389E24FA7E4283E4712C0E9C41BFC7EFA0C7E52C7F281F60ED41F4FCBDBE3C2D74DAD6FB2830AC64757529EB41838D6ADD7B5A83E2AC40E616859053D6DF0B5EF6A0FB0121AEA91D3E141BED925B493DC804FEEA0F540501405014050607ECA0CD014050140501418F8FF00AE8334181DE833F1A03E34183F1A00D06680A0C7C68334050140501405014050140501F0A0280A0283068334183419F85063F7D060D01419F85079A0C8ED4183401A007ECA015419F850783DA83E89FC23EEA0CD0141FFD9, '2501216q581a_434673', null, '2014-07-02 22:15:27', 'jpg', null, 'upload/files/201407022215276fF0YUb9.jpg', 'org.jeecgframework.web.system.pojo.base.TSDocument', 'upload/files/201407022215276fF0YUb9.swf', null, null, null);
INSERT INTO `t_s_attachment` VALUES ('4028d88146f768ec0146f76f19d80008', 0x4749463839619203D30277003121FE1A536F6674776172653A204D6963726F736F6674204F66666963650021F90401000000002C020002008F03D00281000000000000FFFFFF01020302FF8C8FA9CBED0FA39CB4DA8BB3DEBCFB0F86E24896E689A6EACAB66E03C4F24CD7F68DE7FACEF7FE0F0C0A87C4A2F1884C2A97CCA6F3098D4AA7D4AAF58ACDD60CDAAEF70B0E8BC7E4B2F98C4EABD7EC2CB70D8FCBE7F4BAFD8ECFEBF7E337FF0F182838485868788828E697C8D8E8F80839F432495999108929B398C9D9E9F9791720304A5A6A7A8A9AAABACADAEAFA0A1B2B3BBB1A00EAB879ABBBCBDB4B254A1B2C3C4C5C6C7C6CEB5B98ABDCECFC0CBD753C4D5D6D7D5D1B0DC8ACDDEDFD0D098C507A402A5E8E9DAEBE4E9C0C1EEAFE2E3F4FCF276E3E0A2C70BF8FCFFE0F30E0A978F5E0702B8830A1C230FCFA392497CF9FC08914B1115C88E620468CFF963A7A64A1EB9C01722323EE435731A5CA62173796D1E832A1BE95346B026C99A9E14C930D6DFAFC990A674C86428722DC0934A9D25945C39974A88F1FD2A554533635AA0526D67953AB7AFDBA2F643E9427A33E058BF6DFD5AD57B87D7C0B57442873641F3E14D935AD5E616B1BE5DD0BB8625FB6BF70FE0D8CF8E6DCA766CDF2949838B2ABC1890E4BBE5C8D32E1286E317B66A7998CE3BB76458DB6FC19716843A853BB96B57A7393CEAF6B1B8BCD906E49D290C7D9FE8C7B50EBDFC407CA267A03EF59A8287D178F1CFCCB68DDBB4B2F7F1E387AA0E1D88B6B3F6E84B6E3F110797707FC3D2B64C6E51F9F572D162A2BEED5D3719F7F7D6A4F5AF5D707FF3535537AE04962187BBC0568E07B7A0988C574769907A1826831A88769FE0118CB7D7C4D93977EC8A882DA4E010EE885786459789672122EB8D88A2B5298078AFD38E71B3AA795646375089635D66E35E2A82344353256CE3845EAD6235245D6F7A34E65E9A415894E8827918C3BEEE762553056A16196986D395763F888F99888EC79285F4464CE38262A58A2E8A490EEB199629BED59491A99A60100A694385059676F737AA9658B8476D7271D23AD896702FE3989265E8DDA492786771D9926738BCE8967950F329AA79D97F86985894C02D8DC8587FA942867AB9ED7AA1C9BAA49A98C9472FA205DEB81BA26AA9E4A556B9AA0FE6A69A593D23A23A90DFF16F8EA73B13ED165B3E88162CBB19A2A375D5438061520A6D7F678DD5824CDAA2D908B5AB9ED72360E9463B9A6AD9BA4B25C322BED6FCF4EE98F73D798D94EB493E5FA0AB9205AF44932B6D69BDABDF2F2492FC2AF29CC449C007FD8DE86F60DC3EF7FD6409C9126E13A0CDDC2F32607726D1C2B21F1BBE9CE782E924FF208EE92E6BADB2EB8E39EE4F2CB712E7933943B66E6893BFE964CD5C97ED24634708BB93B10B2C0F26AA987BD667AB07BD6C299EFA0C09A3734889DC4D375D240192D25A06826FCF144611F46F6111253E7749946DE9AA9CEF9A6EB68A46ACE1DB7D5814A45E3BE9C1014B6D8AC8A5C18C90EA69D58E11CDE968D1D6F1F282CB2C4FF96775A8458579C75A5671AB8B5DF003B0E604ED270BE4E87866788F8149D3526B3CD35DBCCE3CC49DECE75733E2AF02DEEB8CF0E73F07CB32C12DC8CB71D5E82C653FE2DEC2495E6ADCA3E575DF9CB76FFAE35A7A96E6C3A0D19AB55CBEA01B72EC5EBC1427A79F59D06EB39D4987F1EA8B1E7CF6FF9D4C72F0D9BF8FC091E494B2AEABEB396C92E76D69B98FEC8413ECE14C87D79DB55E7EE319EE8592E543CC11BFCAC533FBA35308334A39D01C322B9B888708419E89FE2E827BFCA31D04D079C4F02A1603E0EAA2B7D5BBB1AE57EB6BEBE0DEB82EEA36184EE14B93A90AE8514415E56FE4441CF310F82C343D7CF88689C174E6981E7C3D6CD68F73400FFAE4F4400FCDDE67A87BD9C69D18BB3BA9DBEFE6244220C118A0149638390D8C34E3DAD58555B1C1B4128C58851D12AFB435D3B0455B4202AEA8ED3C2450EFEB73BA6A94F82E70A12211198473D92EC83EAB84F7FD6183CC6AD846D867AE457DCC8251D60F2719ECC472425690312AA7295106891BEC2079BFEB4917781CBDE900AC588ABB07297BC3CC0299780B452E252889EDA98AA5217B5CE510D74C344842E85F9C95FA2AC61D0540A288390B998894A47A76217751279457869AE98E4E1DA3169724DCEF06094D54486349310CC768ECD9575914F0D0795AB7B56EF81137CA2A36E38AE27CED3993D60A73CDBF14E2400AA6981D424F1F6A3A2028ACBFFA15671A59BB6A54F883234A344BA270EE9083A39FAD126E99C920FCAA5927A32347CB5AC9BF4C259C8841661A1C5B2269692892B0C66D38E3529E9491F5526D16954A844555F3FF3A3CC9D15D39A042DA8F2DA784E4A2A35A7E5AC1B587C6A14B3996BA238EBAA5779E7C1D9650B4A20A5EAFBF01955C15814553EE2A707C35ACEE285D141927AA918E5F4D49F6015653FB86922BBE832710A94ABC2CB58554357D5912E65AF31315B51E76854AB7A14439BC3E12D5DEA3BB95252AD92CB1F7E360B0B0D290934CD148466DEF4D819AAB0A6A9C5E09394DA2D6E0EB6B432C526B3320AAF2BB5166690BD5BF6129443C40231298C1565860236444B6ACC225EFF29EE4CB189D4C8FACC6FDF7BEC89C8E9DBC42EF5AAB59DE96D8BCA4F8E4A37A8980B9D393398546582566D9D3CE8E108119AA98A77BE9F72AB79973AD5659E7742DD55E3778525576DE94AA87FCDE970BDDAD1EAB6B45BAC25697BDDDB53F80A01A5035EA4222707D72B66529158C4EBA5665BB4FE1268926A630AC6A0CAD4CEE6952F2A65210B23D8D66DF2D436CE9DB0245862E28B91964522B62D8905A2DC3FEE38C5C45C713066ECC7FCCAD7C82613CE8D851CDA2133772F355E483C218CCEB55EEA81405A2985738B5F6632EF873436AD1AB1ACD71EFB3895687E6F915F4B54DD06945F1074ED3FEFACD3ED12A7CA279D699B1DACE6BE52F3CF9C7D73FF5CAD1651E05AF0BA6266CE98919CB06D248FD09B0CB4A049DC62B5C8B2C14D5B709DCEB8B2B4F0F9744BB4E572396AAB9DA6779FEBBDCCA877109D83D127CA74166C180DF7EA822CD4A0B094EA670FDBE8FCF257C5B9EB1938036ABC3AEF37A208D22C45BFF407ED60F8B3AD182A17CD8A6B4B9FF4BFBE4AD2B107F836FDC4B6C2C015B3AA57CA5D623757C7D8C9757214AAE89C15B6C2745597709F4D2877D383A6ADB53679813ADE2A5D56D9BEDB308FDFFCC97DBD47DFDE83A7B9FB1DBF5A8B29D1BC569AB6D7C96DFB8A8EB7FF8E6E0D19FD68716997C9441E24A52B5D2187D70FCC017FAAB5CD5B71CF305C1EBB8678C065AD71AB963BE43C6F7584D5FF7DF222A65CE529CC39CC1D58DFAE663369337F07D24E74E8C25A305C50D730C8419DADDC8178B10F0EBA62F0C02081B27CDE11E79B6177CEF48B63FCC747CEF19491797093A7B5ED9455AFF40007692FCD9C42319FBBDBD3AE76510EFAEFFF823BBB456D28EAE1F8ACFAFD1BC9F50EF688013933E26B3A38AEEC75B5241E7AF48EEB56773E5403F73DA68A9A4DE6851EF8430EFEF495D432642B0BDE0F6314DD297398BEB7347AD69B32F57F5ABDEEF967E8CBE6B9E5E72DA3E31FEF22778329F7BAB7FC374C75D35E27DDED97AC188CA35F66621F5AD9F40D3384E4BC75C8971E5F6F05CDD2636BBBC01ECAF9DEE037E1F37E6AD5165DD8DEC15F793B0F53FF4783FEC09AE2F4FAC74F7EF0F721DC875EC335720AC27EDDC06F01F6659DF63C81B5745E567C7A662F5D276594677B739028A8E5685D9661E7C7263B845DE8262109A80DA6722B3DE1578CF75BFDB76A770672F5077493674C20336AADC281DD37471F652101D42EE3E677D9C77BA99471FAC7452BB83CE2F47DE5656B98D56E16F87BDC130738E871883675CD06443DE86D552881596282D1B08078057BB48753FE045E4A168492C170CCD77C53E83A0FC76A46956A6DF2451CD8786C385043B80545A83203267CBB927E62D7801E567B4F38835148306DF02C14263B1DA53D48D7687BD38406E7857A48846C373617B867F4B469A4048938556DECB2411AFF263C74537269702FB9375A37916F96B88798988987E72CAE5749DD86602C287D4977763C8787ACC306A9C88A2E667895E88A338079880834DA27708DF24F5C053C5F2560B5C34DA4B88B007760BD383E6BA030D818745F080DC7888C1CC289AB3886DD478737177B66C8568FD252A7680610C38D27E78DCF808225C67FFF41237F787DF8966E86765104086057587770C272E2E57203934F1498666A008FE5778199B65976F529D5F74D3EE766C5C83093847D6F37516C1389F6866DD0A68C65487C71A885FE467C76186C68E78EA2D12068358C3A1755F4A782D367913F879119C966C5E68715046A10C8605B768DD1D593FBA5865A96846EC571FAB77139FF423540E89332F3791D867C29858A6E106F4559570FC85B8EF4615D595692953EF2376C395973726873F7A5854E08676D692604E995477988B9486531495C1D8395A5664F69894FF5C66A1D347DE1E67F2196933A793A51077E56A84FBEC59623576B2D289708178A6A288B2DC910EAA1978919908BA96878F7517D7937317893286796FF8598E878568FD998EAA55A2B2380D13497E1288E38501BC6A55FAF177B26098767A35D854896FD8891F5486EC7865857F899B7C861302841461932B1299BB79103B579486F358D8DF8941F478D4E498905943731A667F1C814856998DE031D9AD83850F89C08459BAF619BAE1173E0199E85098E13528BFDE2006DFF9478DE3999618990DB732D8CD86CC3638837E090FD597808E959A6D09EEE599F54269EF3B93A0F006B0F309BFE0893CBF5801EC98B5D98756918993670A1C278A0184A0C0B9A9E151A9CBE677B0B503E60159F169A9DCFA38264758F6306700A564914FA75049A9931168DD2780E1BE59ACE386086E94B7C72A252589AB0582F08D007101945306A742237902DA8244D126A13F49B47C60013BA004A0AA299B95B91A571F465307C429E494A0DF3E80C10EA85478A8A508A4772478EB7561741BA9A65B58A32CA5A5DA200B3D18C7C119D624AA6D6F94A9355A84E6AA4054782FBD289B59039F9F857FF031FF2A9A22F1225EFD8896B38822FA78B47B79209FF69603609A9705A2AAF948D3CBA64E3C599A9A943D4954A31306DA39963CA4580C0064832099B4BBA93F966AAF0C024F97958BB93A7C86975A1F96DC7F9317F2A1A81EA35EB79A75349A33F429DA3EA9D25C130D5E20729C3807EC888D0D88508E6952719AA11E7A13899A24CDA6E8A6A5A45829E2856446CF56AA86A0E833AA25E619BB5A48371267F0639716014A8E8A75884C9AB7B88809B90A921F4AEF00AAFBF1A424A62AFFBF915F99A605169B17F79A739978574E29BC3C78F8056B044089F395A14094B18238B4EF3A82311FB19140B9ABA48924AF482A21782E56A67E79A65968A712633180E4B22282B18262B448BC2B29EE1B25F89B483F8A3D1FF7A6DC33994179BABAF7991C598B0727A5542AB096CAA28407B13581B234683555C7B62C1E8A03A0B04F45A34ECEA5D5A2B2B8F2A735CC0B6EF981168639EC049B5C1E1A23D352A53A42C568B1E60C3167B25B6EE15B7BDE0B5BD87B616A1B68551B806E1B613920B8D7B99A8A8A66BFAA01BE8ACF6E9B36E20B98AF8B8C4B5B9689A55DA58B9287AB76DF1010CD9B99EFBB95611BAC68815C5157E16C395B053605B683D836B9566CB1187EB12890B64AF1BAB43E15CF6B378A2B297D66A80CDB2BAD4D2BC9CDB3AC0EBA8BEFBBC6DA188B512B09EA759FF8A86518BB34DC6BBC4EBBBE22BBD4CB1B7CFD558D74BA8FB4A2C70099829229AC418B2B15BBD1AFF080226F5BB0681BBEC0BAA357B6FAEC596AD18BE813BBEE2D9701BC167ABCABF1B5B87CA739CBA8B7AF3BB19056CC0A26B65B2525FC5997F787AB321D54D2C297E122C1B142C9F088CC1F6083EAF52BF83B3C22F41C2AED8C2D0A2818291C22A7CB922F3C24318C3B32177A5AB9E227C3439AC763B0C4C92E9C34776C30924C49646C47CD5C3478CC4031CBD4D6C08EAD0A62AE6B76BCA9FF8A845A147A91607C48823BCFD65C5CAC0A9BA2A8B59BA51AC399121E96A49FC4B4BAC2C19EC9F1E2C0A660C7659D99151599D5D19943FBA7F7DFABF100C1B702C4D632C4DA1DAB43A81C7F6C7AA7C2996639860923243EE3BB07177BADD25C7E0A1C8DDC6C886FF1B23BBE9AA9BB9711564A56CAC9A352992611CC79B4C1876AC51960CCAA17C9BE46590A56C84E68A56A9AC90D961C822E6CA58C13E62A97411C10BCEE76CE2AAB48E0860D768585DBC85B84AAB7729C5C04CC57230CC9E7A17C7BC07842CB11CF9A1997C71882C2FD607CD87B50BECE7CDDF8C8132F7CBE37CCD6A50C6D4126D50FCC3E9AA87E43C20F31C34DB60CF18F3CEBC17CCF4C0CF5FE3CFFF1CC5AC1C78FACC1605DD3DF59CBB094AAA514658F173204A388BD50CC3F12C2BED675A1F4B8252BBBC1BDBC98812D0F8FC4E1C7D48C2D19A1EB8941EA6CC1C3C633BD4B19BA8D1A5A9D25779822C5D8A7206933E7DCA94787D1467D2377DD262BCD33CFFCDCBF9575392AACB7F33709069D30A7DB939DD0760B80C648935F765D17F39CADD1B81538DD215DC7B4A8CD5F055C9C41AD1211D889C439C7547B3033AD6648DB8484D8FACA125750BBE544DD759BB3056AD0987E0CDBCB6CE966BD47DFD8AA402D8169CD508CD1F478DD8C931D077DD0C855BD8A5B4D8C291D9BE30D9E9CCACDCEC4C5BFA6B90E369B43424976D1F901DD982B7D90A75BEB720B91B59786B63B33A27DB6B5A01A0A1DAAB3DA15BF1DA05E3172D1D9442E2D22EEA9FD2FC43228D5CBFEDA5E55BC887CDDB18D7DA04D2D94214DC30AB9BE8B8A778E6C0518D0C0C2D68ADEB42D01DDD0535DDB6C5D1AB8B928946CA8BF4B4BD19AE2C068F59FF1CA5735DDEDE85C0E9FD08EBBDAC2FABCA13A8A5A23ACDE00DA8A2B5DBF71DDE171C124E0167C599CA02797550B795DC7D9304DEA2BEC8D7087EB630D24B1DCE4A7FC2E0B15883A125BBAD71DEF670E25C91C3A8ED4986D13F8B35E29391C09691E21552E3FBF61D2CFE48FE83093AAE69432B48E2ACE13084B73E7E4717B1C246DE7A791C14073EE46EC30CAD949CC8BA3C278AE439C1BCC8AC1F4EFEE4AECDDCA4167536AAA6843338367CD09094E15DEEE53D8B5D9FA9E42F02BB65EEAB9A8DE6F6ADE63024AB6B919C4EC461561ED85FA377718B235C7EE76E93B525DBA9D658B9421334C9D7B9166ECD851E4ADE432FB8BAA78B2EAB0503E7E140E892FF8EBE940EE6C74D94984EC5E2ED6A372E53D5EDE98C6D8CDBEAD85C7ACC72BDEA0A3BEBAEA37A48FAEAE66BB83258EBF0D0EBB6AE7AB9FEA2C7FCE690FAEB6087EAB16BA2C25E6D6D5AECA872EC5F1BEDEA349DCC1E5ADFF8ECAA3EEDD092ECCA8E445DADC5034E83DF1B918988EDD9D1ED81A6EDBD2E1435C94EB4CDB0E2CECED0A980A8BDEEDB4EE4F84EED874988C93AA446422E63846C52E7C1D0882DB2F565020F3CA354E3A65E44E90ECFFABEEFC6586E719444921C5C282452C92B3F67576F3D04D29341730E9F3AF72EF1F97EF2329CA61D84A332F4AA0578F181495D4D24F3CAC98CDE12F2CD8EE3290BF102DDF3DE4EF1E664F12B14F33E342CBDFF7541491FF32D9F8CF5E0DCDF6DF229EF3A3F0FF4B20A9A802575CC789B4CBBBDB7FB7165F42E06F883648473607A14F44DE2512FF523B3F6F86BF5D33CE2CF4EBB86FDBB79BBDC90DEF66D9BF7E543EE1B43F23267EE044C017B8F0B4DE1E1872F425B8BF88BEF1184EFF86B57EDD6AEF3272CF993FFF8979FD8DF5EF941AEBE9BCFF9988FF93021F795F7C49E5FDFA00FFAA25F70195BE5E9996B50F9F0341E8A9E661D5897F3BB8BFAA8AFFA3DB745634EA77D4FBB1A6AA02109D665EBBC8C8FFC93A0DAF45780A32FD6FA4B7534F3AD6295AB5C4976DE17E607C8E2D7ECFCD976D81477AD55797AAF7FA3638A96A8638EB2075B031F56980CE8A6DFE4DFFF9F57944C66C848FE5CE8AF10DE60B835AE2FB8F15B4C00F23175B9FD029093567B71D69B771C9E501CC9D23CD1544D22CF7DE1589EE99A0EDA0C1476DEE877C01F6455341E914945CED67409873E69304A9D5687BDE8956B6511B161EE18AA3423984EF51A16C469DFE0F2995EB72BD36CFD9EDFD7E336DC70D006A588DEB4EE14171919F2FCD4E00A7FA0ACE2280BBD1231090981260D113DC1B2482FB71A571E21596D34B72C51536769EF565B717375236F25366B81838579769D7E4F8E1D928F96939A87177A8BA72D5E0DE5AEA1B5B71FA4A9BFC18B01359EB9CDCF4BBCC32FCA43DA49EDDE53E4B7D5D77505252B41E8D1FD6DEF0514886B9C8E7F07FF118AB037B05F4287D0160EF4630D4D98860F312293B891A331691733865C143120489127EB90ECB8C65A255828611A51B992E6C6821F62E60C36339C499D3F51F0AC7903933E6CB280268D369469530A37D9A1F2A90C693A50481A3E937755A6D3099FA622FB52F58BA8A25E5EF2B814969B50AF4F94C64DF9966E47A8D5AEF14B29131EB3BD24D8A2A1EB7256A24CDDD26E321C4BCC4FB77503C9958C0772E5921FF3869A746AEDA1389F8B42E85C91C566D3F9440F320B3A31E7B5876165929D75B029D19DBA2092949AD36DCD6343215D2C664ECEC796A34E565EE43872E732EE56D0FB5248F543D74B9109EE08B60FEBD9BDF79D0E5EFBF72B86A9AB68FFBEAB0C632AEE2DC6AF381D2DD8D9DD4BA1EE1B73FD7300819753AA3FFF08240733FBC693C5BCF1E84B8FACF944410F3C06438323B3E0AA332B9BF2D41BB095F6E493CF92D1D09A82B1B4C6108F92C60014C643E45A0CD0B102699CE840DB16C410BBF03824CB3C07790C92420B2DD491BC235F01293A9A08EB223BF8B239B10A2941DC50C2EE8AE3AFC61AEA8BE74185B8E24B2CC4006BF1C52D695CF2AB14BD3B8DB70A3DD34E2DFC7A9B539037F7B92FCAB1F2446D0EB0BEECE63FAF00C56DC5DE4E24F15014AFB22FB5FB28DC6E4398CEAC2CC104F110735255FE1A21C64AD1F44F4D5F360526CBB6508A00D43D622C6C240143852EB342E7C4D333D554FF0B4D570947A9F3B5D3F8F95552FDEC44D494D9EA4C27D6656FC0ACD45A4E3927CC875A58958D565DF5125666E10231C76FB14B723F5B273452C8B2E6230D5C2CAEDC51236EE1F560D4FF64AC57D9419BC2D6DE54E3E520D7B3F624EDDCEFC40DB44DD670DCD1CF748F1A5843C5807CB7DF89D97176DF8B1DF92A5F8C395E8A6276E8F556617387244E52E0305D7760772F0512D3204D56F2E399BFB2381D467E01B0C8A94A74F129A61C7D361A810D76C437A28B34914E19ADCD97D41283A5D5B57FDB9473B52580F515CB5D1156B0353DFF2437289A699E37AB578776266DE68A1EE9E7A14EBD59E08B9A74B9E19E976B1AEE35F51D536817F925FB63B38DFF9D5237AD83C553CF6335595C585DB3409693AC1BF3F96D2655AC552DB159366A73149718D9E4B667249B09BC779A16A2BEE3117CF01BCB6D5744928D36B2B848CF3D8AB0F7D266DD53E9E07E13E62E27DD99CFB9936D69B5687DAF47F0D33B8EFE07D729269CD73BAD6637C25E1B361CEC4771CF4D51A5D5751E78CCBDFE7C31BCF52934E9A495DE3AC5E6B5D17BA534E8975E5AEA27B65EF4707587A4B5F5E87A273B9994429418F35DCE2E997B9293429739E2CD6E3B4D8A9B64ECC7913CE44F7F6DE15FBF08A7B9622DCF571641988662D3B8EF3D0A7226DA95F640813A5A3C228331B89D081D3740CD5D4D3CEE43D7E8FE96941A3224399C3201073B28FF980FC22B84FE40E2196458980FDC2F21BE7BE24E068713B6F92D89A918E212BFD144271A87748A58C517E5E590BE9949376D74A31BE7D23F83EC6C71C5DA611DAFD8413482511C1F79E31F011948410E92908534E42111994845EAA0815D44C61F79F14655C8D120105C59ECC69547FDED918FF8B0992303740B4E920394DDD04D4F0E07181046467C542B19799857CA468CB2931FFAA42C31480E0DE2F22CB40C442A33C6447F1DAD802A431E2F0152CB5089119971E9852FF1024A44C0285AD3E3963A3EE189482D4F85F06BA619A0A94C3E34B19A8551DDB8CAC299EE45CD739A9C47206C92C469D66835C21CA6A9BE194771D2D35917B4053A013A3A0BFF2AB0726AF49744CA19CA795E735EA24A23B4F2A9CF7D162884394310ADEE4891E279EE73B61128A3AAE2CE231E54830905CA3CC339D136C025A2DB5229812A1A4128412D3EBC0AA02535339AF368937B41F42049EF67D2902C54632F25D40B44DA52671815A6FD9429057DB853A2413596047561DD3C8A116C3AA58D6A3C2523990AB4362892AC6535EB59D19A56B286F5393185EA5B9D544008B2CFA303AD6056A9252FC87475186D442A5B6BA292A42A951980A5262B45D851F7504EA3C2EB280E63C842E111897153ADA25EDBAAD64472C9B0769115614BD7D9BA3033285C8422CE44B290946651B444FC2C688DD3DAD1DED2B4EE409BB686FA04D97276FFB7EB100A4667784E83B1B3AE108AE1D20CDA5BAED216B6B9D5AD72570A5D6AB8A5B1B30CA8D05A7237AB46D189D2051A739BABD5E87A17A8E4CD0575437A51C73E2E6C58E35EA38A1B22AC961122E6651278C39BDCE7DA17ACFC65C5637A36D3CAC1C7A6707D1F0FA5DAC2AA8AD7BF36B198502DCB17CA7ED47BF4CDE5781BCCC00CFFA109013630B97867D9992ED8AEAE0CE975F7B76181B8F56F66DAEEA1DC4061E90956C51AAE71878D415001CF955D2883AB8F659C5DD0E9F7C6E060B1EE5209ACE31253BB5372B29C7C3A9999ACD69EF8A2722DD783D1CD983068D54DEC71B52CD912FE6FC1792D322A5909B1E17D787E2CC34683E853668E4DB9C839FF5015BECE8CD91C6F516E9DFAA773F33C5DA71E4F7D06D6E96FAA146317B679C633B8F2B2EC3CA8477F70403C3BE26DFDCCE0404F83C554E2314E2F7457133EB94AD1FBAD72C7A4854D83EC5AF9A5D4AA39FD6030DF715189C24F7BD5196414E7ED06A8EEB3AA615DD456BBFA2493B62F69F189E98E51B7B76502A60082ED8B7112BBD8D1F6246221624679F256B6975E80B5CF94B23EDBF64A3AD5CF60356DEDFFE297DADDE5B6689110ED4A79992A0A49DF70B2A754639B17D9ED3E088077FB4850041B541471D364B33964A8256AD75DDC3779C929DC061CC3A23FC41A840123EACA4AA5700BEC756BBDAD0058AF4AC83BF6F4BDB71CE7C8B6F4E1DEED74FFA6087D24E06C711FBE2971F7FA6A0C908F1B01ABB6D682C6B76385A39C45FA56374106DDD325E7347D311FA0E4A6965545173AE639F3F8C73B7B44146EBA69392ADFA7DFE7F445973A9F2D976EC4775753B1632F8ADE8C859AEFAA17A94569E5F5D579D68F1068BDB91D36526BAF9D1A744CB27FD3ECD025ED626FCDB90BB57D6E7D5FD4B0F263A51559DDC274C832BCF37E66FBE5AF55E826F2D1FBF07250871881965C86F1705A6ADE053EDF06C46224F06E956B681E1FD9521B610BAF5CB4AFD73415DE28E3B84247C79739D72A8407F62A0F4596C4DE5330AB337BFC9D91DCF7B6DF512EB6177F2A0184300B7C61927BCF6F5C43CF475F19A05F37B667FF8E41D4661F00DB5F96C013107E7190DFCCE60F3DBBE95F3F0AB83F56F156F117812BE374E8F160469BC2629B5066CBE400B95ECFFEC609FFF22FE72660B2D443EC1E80FBDA66EB3AC91C3A6CC8F86C9D9E852D94C7E69A6CBE1AD001FF000223F004ADAAB6CA0803D924FD0EA09638D0158463E9604CF128EFF470E37170A8AE124ECD4E65B0A66FB776AFB406F0B10AF0BA2006ABE6AEFB24CE1C9840388849367AEA606A2D95FEA3A12003E764D00068901B3A70CC044C7616B0F49086D05E26D1C263EED627C2A005051F30CD1AAEF99CEE6502C50CA74E7E6EC8FA2450FB242FC13EEDA608ECFD7AC9A2A2250C51681EE86B0CBFEEDC1A8FA66EAA7652FF68D4A42EF284100FFDC98BE49055928EF77A50077BA77698A7EE6A2E07D70E0ED1610A0371445E286020F10AB63054422EFE36D09B52CD04C630ED6071102791070991E340AA0D5BCFE0AEAE133B4CD678F1ED5271877C848286F1FBDC30FDC66FE2F64FD4BAC40C13C849848D466A11FCF868F170B09CA2260B1F860BB508B238AAEF0E8DC90066E662B11C8F4F018D4F18E5EC04913119D16FAE0E2DAA8EAFA07E0CF28831135DAF1A8309107F10C60E2EB1C6CEF10E8616AD22116FF111A191CDF8C1112348CAB0EF18F3B159E8B022A5AAF4186E1453AFB8BE4FE33431DDF80F228D8006512F1ED530E828814B262E94D68F233B123A9491F782F0154BFF03F85E72BDDE8B3814F010936F86AEF11F60108E48C02529B2179FF2A6A4CDD156F0DF72D223F6B10EC7E826896C25D144EB24321CEDE8CB1C72010BE73DD0311DAB32C5AE924BC0CB2079CEF200ADFD0E6229F9AA2667700329B1111C11E3F032230D45E6F230749C9002A1102E0FB22D1D4D05D7528AFE6BA22A302FC53209EF6017B5D2B6EE70539A410FB3F0C5BEAEFE145327B3B231FF10128AB018FE92A7C0118C6A9026AD0407A9CE19230C7590EFCB8090049BF1281D333445939448530A09629F2E4E17F5721BFA921E67471BC9270603920D4FF2070B0C315980371713B1724D009DADDEB433EC8E862CBB464B8253993A81071381FAA8480D7DFF92E902661B8331D45CE239CD324BA45389A873AC3E9239612E193693CC4A101E43EB31C5D303F1CA08D167198F074AA292E22AD2397964A028EFF3EAB3038E2C367AE55F4A51AE6AE535FC930D33D2ED7422834E3317C6F32F814DB4F6CDEFD6714490AB289FCDD6E0A7F82A512AF86A3E212042EDD33785F0DE02D28010542077477E9AEED5CE2B40AFF00A65EB4453F3FAB8F2B26CF4093ED1F76453E818851D4D11C188E7EF7453FFF0210C2993015AEBE1F4F343958D499B5442930E814C6EC074ECC43CB3F5823470B674328BC04481E63781B34CCDD43A5934874CAF51C04CD1AAAADCF02D59DEB4DAD8A338B37335C3CAEC6894FE42D4441933323FFFC5BA3E94D3E4D4DE50C1B00AAF51C9EF513BABFAF0005BACE8A42C95357F4D515F2AF79E103B3DE59CB4E21F6554E9B6E73FF1540722D54E93491C4C35226D91A9A64FC8B4254CB75320DD34D4C0B3560D64347115294BF583FCCFA88AD0C31E4F436BB39ADA0357A68EE33814C80A35B590F5979475593971BA96E85955EA34A55512D3F498DA331A914CA30ACC50BFF5037692BEE8C12FD7863BA7F53AFD103475957F9C4D03CF75AFA8702C6572F4368E58728A0F3FD343636B5EE9F53EB94B4CEE953F8148125DAA595D27E44A74A242B4E4D013ECAA8E3D7D34BED8245EBD15622BE63E8FA54255EE0AAF3530274CE3040F3069F55F37F65425739F1EFF75557F45E8ACF54F1512F5CEF0271DAB5BE752656B8665B7715DE50A41B75545DF11EE48D5C800162C7B559C3C7554FB1533C7545E9576697154A6A24E64D7B347538861FBF30B8F358CA8C75CB10C46704654BF166CC37616C7B6692D72644DCF64ED2A0639F5777AE26D334F993C9554C4B534EFF608D593875CB43406F5B1D4D54F5513F0B2942DADD670A7F270DDD63902D7DF3897AD40152B2EB774BD5688EE217443AFA854F750DB2A7115376C47172B7446DBE4029A5A97C3A612CF0656540C9355C1E46C84312FDA07569DE96E9FE2566197324A828F4EA71B7996A25A502EFDD0EB5012E73E572190576C2B6979E3B079C1E879A1376EA5371025FFD70AAB15BE28B43B67D604E72B7B05657BF1B67BBD7737537789F0C7C63A2977E9A51575D46CE36B24AF773993CC662B557EC58868E5A66287ABABAE9545D3F380C1977FF2577FF1979E0AF61C9D16C844127C5A10582F934C91979C681678CB64301BD61E47127E13F37EA96783CE877CD3644D9F524AF3CD182FD65DD95648B797842D683726C79502104BA2D364C76E182578829FA71A98787FD1C467F9F471611688D5942185766A8F1781CF94CDF6365D4E6E78AFB441EF114E57CC7568A889C37799D0460497F46695B6A21CB7691D126D01158C39F811BFF861116A89D1D882CB26569A270A4D189C2EAC87B7D86C036F5DCD92D1E02E8C637313D3FFAD8CFF98D562F88521AD7EBFD79023033D1AA707A9D51D31547D67F48A07B86B57D1B366E68CA6C8922F1993ED777195570ADB9887F798B528B99227B9955D7996E4777ED532556CB76A35C896FB1897AB8789D2B06B27965B27CE81810F0819908C61395C77199CEEE798FBAB98B19959BC4E781F0985D796D4A6B76DA7D937ABD96DAEB91A346B9DD9B99DDDF99DCB4B9711705F79E38486B893A76A5B8F9858F57884FBA91D4F17653155098DB54F4C37926D229ACE199DB3999B69B84737D88B8BCE78C358E570519A65F7494D0B922911637107849926B0147AA173F596AF098B7D314A41B28EDDF38E916CA293B89C2B4950CD910AA998D604D46E72FFD85EC0543A489AA1B5D9A1B13139BB78911DB9665F9A9FC939A3D32CE53E93391598D19653A0B8E9A2A56C6F9EE2A7CD6895FB674FF07968632CE14EB665D525C948F96F5978097A7942595AF164F4E0F4551CCD0DA6431AAB11772CD59172B4BA4683FAA4F9639631FA8D9F74C212F9E942D61EE5AB4DD35A629824AB3D936A179BA7FBDAAFFFFACF84D99F99561ED507A0E92E1615C41FCB45A9794DACEEFA7D0D78AFAD697C4108B52D6FAD6399522DBB5E36B5B42FD483A77AAFC5B76C585BF9B4989AB30DB724DB69FAB7200BF6A05730B75379B7ADB9B7CD59B90B8BAB86FBE6FC93B523ED792238A077984C08FA45CF70993356A67FD9B92709BA83FF0671F41AB5ABE585B3144339B6E93E7A9C475B939B5BBCC77BB9E81B2B78D774506E0F97E652DA69F090276A439896C13B39F09590D9B52635984E0CDA94FFE157233BBCD252A8D54981E90A7BEDD8362BA8AA55F1765DFB239108DFF6B384E94EC6DC38B0EEFBB92998E83A9B4D21A71F8D377E4076C0035B6545EF7CB9AC14150788C55A87F35980239CAF0925C5BB82D28214CE00D2612708808195A32FBBC0A3C9401BB48B39B924A716C1220FAF833CB5B92AC6115C496C6F86689C3ED5DBAB7BCF8E1E145160DC50DA719E5D4F39F8F75C0FF9E4466C8EF9E48B4DBBACE93A600909A8376656320D09615BCCC79CCBCD1821B836B8E57BA61F1A910FFF5B9C5BBAA0CA0D899BF9AB90EA2EF1FB2DB211E1FC91B85863C12117F9E63A43DDE733FC5472D01C57765CB37D22CE5DF3DF625BB63F1C4729B70AA1768EF5557D0DB6AADD3C6E88EA5A0E3C7E871CF254E695A69C76120693885AD91D689E43EC92D61B7F89BCBE317BBE534BD97E7DDD4C225AD356DC027C6418EEEF8CBDD10FE747D4FC846A6A56D78CDA0F7DDADF89B9E9179871EB0D7C4B90A753D341AAD86927DC297ADF83B19814DCA59F3D625A5DDA1972492199B8501A9ABD1BA105DBB71D8ECA829D18F07DACCB36AF3184F51436D551B4CE87A478B9C6CE47284EA2DDC8F113B8639314BD50C4E19BC099DADA4B89DEEFAB1CB8DDC14FCBB837FFD2E6B35B7B4D3E6671331FC611D51F39948B1B1501DCE51F1EE6235ED337B336705E15ECDD89A25EBBD5C3E0A5BCB01DDDABADDC72B9BECA1576CB297ED1B548A0F1F2000DF6564CBD3368BE67F57330DEF9EDE13EEEE5FE8DACBE5D11F9608D3AC301F7CEF77CA9939ED18DC8D24A59D2BF64C283CA6386DDDDC7A6E7C97D47D1D4E8D9555AF33EA7EDF6E501BF68BB3372F85B832FF180F6C3D767F8DE135FF147AAE76BBDA6FB74B122FF7AA606524A19EC5D9D67077BA53FAC91AD741E479D10B624869C9EF44B7FC52B3BD6FB19CA7D1A2A375E45472CF2A7B79145FF8985BCCB8FD69C5E15311E06045188B345B8DD839F7A5117DEC73E641574ACA5FF5AC0A9167462BFF86BFECD6F6BC4CB3E9C9BFCE94B5AFB7D5F70C5DEC067B51E8DDACE49ACB6018F9D94275E082006A62EB73F8441D049AF30D7709BF50672D58679E63956675692ED6B79F38BC1369EEB3BDFDB4124281C128B4600CBA75C329BCEA7B3239DAAA04CE031ABDD72BBDE6FE420B19295C9B2A9025EB31FD8365C41FBC5EA3096AC8EC7E5EFF69A1420494AD5470A1A62D35B1C63E3592264A4640ED511D5E462A3E62667E78298C4E3A4E2E804A8276A6AE75C9A9F6B9FA19D291D6D9F4C212BECED0D6CEBCD68A9AA7051EFAF594D996915CD94A188316207634762E6F035763692B58328F077CFA9F6387998CBAB6C3A7ACB9EBA2DE5B9AEFF20EF3C3478743979F1D33EFF3CEB1F17DEAE88DB44CD0AB77C0A176E29E8E61E441F091952BC468890C018209CFD3983EB6288432B36C642360B10C9811115551C56EC16463A2A36361B192FA3C97337113A4C5568C9C49642876E23A672A5A49E44973AAAE60FDCD16848210565BAE6A5BB5A59D9F109F9AC9E337951945A8CAAC62ADA8A64BB999D0A656DDAB85CDAEEA04BF72DC4BB6E29C99D866CDD419C07DF7DF035E7302DC304AB6AFBA98371DFC806213720B9371A65C99ACD5DEEECF933DFCD60B0AEEBEA4AB0E27F2592B0D65937B3BE81B045D36E38FB935ED0706BF3FE04FA37F0BDB77BCB19A98170498130D3E1F28A02E68840F478ECA668FFD904F1EC5787E30E2E91BB76C9B9BD932F5F37BC25F3F69CBEDE7C3D03FAF859AA0779EF9DBE7CD133ECDF6BB73E4D60D2F907DD5FEAB1949F10E3F5570A75BCB1862084618057197F977110218288B985473FAD68E8CB0A1D1568A019188E412252F8319592892D26A0E21015AE04A38B72E512020AB24817A24DC915C6CB803881F8A358FFA1185A8DC51D99177A332469228D313A06D5854FC6772360596A89D549BDEC37D36032DDD1DC92255A8980826586239F0C674218A511812555A59B57EE84DC96C6A9A35C4058B6E6219E69DE57A7A06AF231215A74D6D924A296D4B498348B662824615D6E851AA07DDE691A9FD31969287C6E160AEA591136FF2AE950706E4705ABA8BAF8E50F319584DC4C1AA5F6633CCB0C46CD870091FAC3A232FE4ADDA9AE1A5BD6B1C98E33AA67CCD635EC63A83A4B62B1CA5ABB4AB5D76A9B20B44362D22D92C1826BE6B6E532A4AAB9E99E382EBB5365EBE0B4C1A1AB2EBDA3BD5BAFB9F1B6BB6FB8D2EADBD9BCF80A6CDBC005A7C72FC2DFDC4B9CB047066C30C452463CF1BA6192E25A6EFB71FACB61B526DCE0B50D9BF730C525536832CA68BAF6D44E2C93C6956A017D1CEBB622034772CA39E39CB3A834D52202ACD09CC4638F3E8F28889F2DCF8C9DA2C9DA0CF0C23C97BCB3D449621134CC9ADA23523B228DC9B57260A6B4341F72509DDD949F355D35DB8EB62DF01BBEEEFF628CC7897154F4AD1C1B2796976403CBC0DAAE3E0D4CE06F1B9E60D48733AA24DD000E22734E1E46BE55AFF5FC3B722821A74D78E18A7BEE46E29FF7668DDCC901FD95DDB3D64D77D07B547EF4C78C752EA99C91442A3AEE88E7EE74650E477439E652863EFAA3909EBD3BCAC7232F5E42C0B3A7B0DF65C7A93CA3ACB6BA3CF612677F6650CE47FF2B78B36F3F7EF2C3932FD45ADE7F0F6AA3E29FFF3EDCE6C3BF1064EAAFAF66B5EECFBFBFE6FCE74759E92E361E65188D1D8110D0A7EE57AA2390C87F0EEC0BF51E980DFAF8EA29198B59E384063B052ED0080DB48DF54228C21192B084263C210A53A8C2155642825A88A00B85319B007EA42B60F28A65FF9236B93F25707DE009C9CAAEA09525CC858346945E0CA79744DADC86867BA29CD6C262B9E7A0CE7E0EDB020659963A1E14F1885E0CD5128900C3306A82464EFC5AD7F4541A4FF16D8B152C050B59150C2D144863450309808086C309A0494556FC2279E487BC3192310EE1C3D8132597C1BE6170682B7B231AA60087E221048B1AF403D84E03C53B20E185803CA2207747C8426EA78B52A4550E79E43146DEED8EBCB2580FBFA3BF36ECE84059A8A38ED4481A02BDA28F0793D34FBCF6C74F569294F509E503C9D3BBFB40EF2D52500825A345C7E9046A91434C23183B498C46AE4648C44411327137CA647A6799CCFC962266598EDA61679AA6C391E96892FF4A227DA54DEA7C5116BBF9B86F2E299CA21BA7039D13C90DE2C09CC4BC5D646AF7430375119805DCC530F91905631E93A26C981C42086A038382F29E898A8E25D5D3D047EE0D72120DA4453397D22F44AE863DCAE3DCC262816DC46D70ECF2A866E0F4414F5293526039294A577A32A176A1A59BC454A5B2891B9B1A4A1A0095CC4EE7A346BC394EA340B5105101E74FFE19158D32B3C52A495094503075648A02C256D38553CE5C75696955DC53B9AAB7356A92AEEF7891F0224A866756064DFC23995EDB3AA3ACE286B0210D504AEAF933AAE661ADD1541B5F252007FFADD537829DD95B0F17D7FD51C72D6C782C9570BA88CCD6ABB248B82C660DFB22D2FF9EAFB35329632D3183D0F97C2286A2456DEC54EB4BB2C6B1B7BEFD2D70832BDCC82A4099A810EE67FB9A4475B29241B17C4C595D1B0589A41313BA1DEB43708B306E18D76ACA0DA3FB1CE9C8A448C5AA17732E50E6A8DAF46977BB73616D7826025F88754EBC40C25ADD084840AFEAD28DF26C9DAE8E2336364E7557451AB08FAE705DF6B6775FE1D3996429EA90A131439F59A3303D68E5A943C9A3C2FBBCB0982C7C1A0C23069B59E3C782AB12D8065BD76D2953F14ACF7ADFE3A4CEC320D63024614A63C5D8984087C8E48D03641A1BA358B70C7668C7A2CBE2A458426AB223EA8530FC61125B98CA23DE308F1363E51B8BD8BE1916F1874534C01473E6FF75455A72B3E254B5FA1176C7AEFB2F10F5C40C4B69047571BE5B80FF21B6F19A9897BCD249EBF64AE6137DC8A768569B18E7CBA6181976BCBA09A2BC86A56827AB78AAEFC4F2A137C468B66566D226EB10D4564C2C68795A6795C6B486330DB004B56D865915B5AA056DE4539BF9A7B11EAC4A39AD6628DF1A7C83CE2E92C3066B34774FB34D16EAB07B6DCB469F5AD9F8638BB1691BE3F2E26563D4AE6BB5932D915F77C3D94DFDAEE11E9C52415D101EB633F7409F8BE859B3D5DB57AC2D5CE7326DAE9DEE4BCB51DDD8A88AEF7B07F8C7A703E27F0B4D2D6E73D4DD061A6DA94DD585840F2CA953FEF2C3CDEDE1D2DD0820A97E8747CCAB1B82030EA3E8FF54D0E6F65A6DE99A615A7113A717188EAF4AFDF9E1440EE65FA0E3631C6E18AC61FD9A22DFBDDE4AFFB899C980B4C809775EDBF9F59F5F507969E199412E8719D0488B7995B5ACC83FBD0CD441DDB9397AFED23C67383A6EEE37D46385DF7A3BC7C0046EA5D9D9F8EF040365B3B41B8D8495CE9124F35BA0B9D2C59E3996F74E59ACB164D236C8B03E868A47BDC710EF30D0F30B71A6374EEB628EFA89AF3CE6DC650BE96A1D2EE633AFF9CD0797E3BEB1379FA56E781C037D352DBF89E1E75ED5C70F42C8438CFCB23F57796302DEE0D214FC4308EFF2C2EB13F14723F2E2B7BCE513FB1EF6A15F7C91519EDC42D6DEF6486476D6A1CEF578EED88057C633FF8705CA75BACBB9C67A26BBC5E33C79A34F92F9CE07A7E78B03F81CFFA6F9E492BD21CD7FFE83A71F9FEACE8B92A9446AE5C71FBC77B690B0A8847E6D8AE92596D5D11FBBADCBFC9587E5FD4F19F91FA6CD48E97D4A1B89484F9914FA2560762D2003929F2340A047801ED6E01B5884E073C8DDD969880E6D5106E25EB7716007C29F412CD13E381C9E64897F20551421901E50D1094E600CBA60C11D0354CC5F035EC92A2C172EE5C97D31871BB903995CE0984861DEF453FDA98C16099DF31D617C7902171A4B05DAE0261D1F13661C3749E181B1CF159ED6AC081B82C5029CED1B1066DA17A2CD71D9D6FF198DCD699FADF98801E6A1DD5D5AC4F9A11A6AFF60B78DDEEB2555EAB1A0B2D5E1E8A8822312CAB5A55711FE0EA944E2CAF19CD4B5E105FA5D74FCA0C62D1926321124BA10B94D575EA4E225AEA1F085980A369D19DE5F838DA27EC89004B9DF02D2A2BA1C59C0E1D9BD01C6275A1A2E8E8B2E8A87453CD0309E5F31E64BB331A032C69B4B20230C0621F429E0396D61B41D23652D1D111E43D7281EF6B1D832960B834DA3BC64A336EECF99756338841D8758603252639B35A3396E5CB835C636AA5D1ECA93D29D113CA5617B8D63CDA818E715A4411E2442BA5D8DC09740FE4FCC88E11AD190CF744914E25643F68F35D6639ABDCD7C5D649354D9CD41E44FED523505242B6AE4CD70643E78647C419E0E46FF24222D12406A174B3A0D3DA22456B51A34CD8FD730D69D15D08CD1190146605BD5E4B19463C8E19F005297EB69D2008A9FAFE91AFDC08F15E94B3C5E5D3502DB1CA2976CB4231A9EA1C059A154EEE4FBFC91C989E2496E8D08EE63DD791CD1C4D3265E1F40C6629918A55A584759E2A43D0A61C75D12446253633D2113A204388AD747F4A4583A594BD8A57EE8E5BAF1A56551DD51852437524E149A9994C5E255B693622E26F96CA6BB31A6BF94D94BFEA513A68648DE4A05CAA5D2242684A1CF67FEDFD0790BAE341DCD4985C0E117A01CA0A619A239B91430DA9B058A5D8EFC64BEB5922082D84BC9E263BE266C6ECF3AA65BCEC11E6D665BA71089A185FFE5464226E304DD6CA2932A7E5B67A60A74D651621567A0D1A6D5C5C41B2EC39DD891648E48B28926EDDC6416525778FA9C783A2779668F6EE68989D519067A1CC6714A895DD84412E75632896FF6A563E6247FF6E7F2C4A79F19869DCDD57A5A28CBA9E6E3381A44A1DB7CA6E5830A07CF38227DA64518BAA3964C5DE9655249A62057ACE64CEE6556BEE088F6E68BA128F68C1D1E616738C6CADD5D07BD295645BAE78801E52F32A77AD5E86F364CBCD857ADD5196F46CF89E2A38E0ED2B3B895BB0C4A834626109EE557FAA8620DA80F45A85554E952880268669425722977DA1F850AC85AF6E30A768CAD5C9F92B60B9AA6E39552DE8D9268972A8964BAFFE81866D9A6580A451E2728E5684289D29FE22893F6659C16EA8F02098C8AE98B2E6AF2E4949F2EE777CAA7EB3C8657AE5ED521E925EC67A47AE913D1596ACE5598CE0DACB62607ED692972AA38F5A1777A93A311549F114D158D6428D2E83CB2D561AA8EAF76849D859F20CAE882E6D6A7D5E23F99A7ACF8282706518724E9655EE785D615620E5CA0DA5FFB492020D1AA4F90A2ECFD24140528CE61DB51C1E82CE8660EE629A40E6B46364B7E7A11B97A616DE42B340D9994EED08512AAC4ADEAA11A5F88541068F2EBABD8E7A32ACCB3EEEBB976A28A3A1C8BFEDEA5B82BCC540E5DB660AA7667C3F6C7D4308CE7F02828D6D3EAF4E36DEE4991EA216102FF5A4D24AC887E2CC8520C4B2AECB26429A9A508AAD2EB062625CEB2602A3D426C65546EA26BD804EBCC4E4C4DDAEC04FDACA4B5E9B37D2B16B2DF7DF68D378C0ADFC067767A93B0168C5D32AD45C8ECEFA4256B9CE73F42A57A6E107BAEDDB26A6B0DF661882A6D17869BD832E89B62E1A589A1BAB6E5D50E4981C6656052588282A2BC125DC48826D8CA50DD266DC7822B52AD4E7A3A1DBB4A2E27C614C67AE8C182E8391EEEA2B59AD10A513AF5EDA80A53712EE701E929D9BE6446502CA61889C0B252D2BC2B58CAEAAA712E127A2E156AA19A8EEED9B12688ACE979482D1B525FC9DA5C3F3C143B0D29C629AA91E29DB2566473365C86E02E0FFD616160FFEB3C35E10DFDEEA5C6656546E5DD0EAFB56DD7966EAEC1A069E27AE112EE52BB6219EBD6A980D61C23EEECAB316CE1FA0ED4A6E4F92ADC9AADEFF6B56F2E98EC71F2A05396E0FC466DF8026F23D2575AA088B43CE4350130046FCD5046694C764BFA6688FD2E2E3EEC2F5A3830ED7CEEDE516C301920ACE6DB37BEA36C7EEF2A0AAF02F75A062F5C5C7C6E164EE9053CB02A3EA9CE12A388FAACA8A25BE9DA26AFDA10D7FEE7DEF8B09BC2CD0CE7EEA7AA1B0EE39F7E46F1FEB930AEB2E974EE2A0526A2AF32EB74EADCCAC9C512E2CAF67AEA7E89B174D094A870B0C352B1D098AD2AA1ADB55AAC1F0EB0DBAEAFDDC0AC8B749730D831F1259269B24308ABFFF192F2AC8D366F56ECAD4F0E2C4CAA86EC6E5D65E2718BE8B12AF0F1098FA96050267659C90BDF5A0CB3C94DB25CB2C2715709EDC5C6AEC15E2F49D5658D48722A4CB0E37D152CFB015E710F0DB363C9E985B2EA9D0FBAE54DA5EEC5625222950629AFE8E5FA2E7542B289581A9BD2053688F02F4EDF9D52A669314C3E39975DB8E4EB706BC274F295341B34EBCABFAA65900A2C211AADF3BA2C017B3186B8EA323B413347551A5F526DDE10F606C95B326FF7A2E6F8820B372F4EBD226D20EDB02AE7F19096AE639471C0FDD71EC3332DFBA58A0EA62B4F113CBAD2B66E72F026B0D3824FFEBAE63ABFAE1F17EA5B81B0B8F8E5FF42B4C4CA33013352585AFFF4ED352EDE0AB2E146F2EBDEDC258FE92D0C83484BE24997E6479F3496E0E95CEE3306C72C4C57C32A7B7417DF2061141DB4D2973357A830E79054073149AA7081C112EAB27172DAB22C91DC0FBBEAB41E66F5F1F32AA39DF592642213D0233A750E5385B8F24B3FC717AD71AD3567B4E8B5CC6AF2720B47F25723851DB235149FDB826CB32F5BE80F7E5D8F5A8E8059AEDEAC60DEC42BF826735FAF8476C4B55415754CBB341B52680413B3FB12ECEC562B62B2740745082B43ACD762766613F232515D49B76A001BAF86FE2A86522E4063E53A9753659FAF6A5345612B35A5F62A5D4934FC3E320FAB95B658F636492E2E072BD5CA9494A19DB0DDB67A28FF37C37833F242352A71C84554725293716287DD50237772371CE435B7330D71CEA9F4C5391851EB2E7ADDABA4917779C3CD79CB1D9C05A319972D4A785F16C56AEF92B556F7C7BF780F696F007DD777D2F93468FF7137652AE9D676A276EB7C0F786FCB5ACDECE2CA95944953A65DBD31586FA28B66EA7863F4854752BE68F882BF220E06F76215304A8FF28C96B8661F38B1A5B88AEF62E3F5F73FD233CA2E9D1DB9613D17F7FDEAAF896F357E2EC6C845F83D1B29757BAB82E778BEF0F35B1FB7896B2779DDDF2266F3CBB877869716BD1CB8F3D83882B371F5E2116213AE3EE237A9D23513937999878CF4AAD589A3B899FBAB3575384F13774D73380F65FFB59CCF3939D6793214F674A7754F7B7650FE7735C379691FA5D7D239A117D395B7AE8BE7F98A1279501F7064F38E07D74C7F0D1D6453626D6214F71539FD421976C776A86FB782E23790C52FAC27F493078FB558F7AE2577ADDBB3CB887774E73595BE775D3FCF60C375A03330A8CB644C9D2CF1A1F94F1B68F73EB7971F3981677925BAD7ADD36CB2BB67AC1FEF77877839D31D2FD57AAA23DB064F7AE079BADC868C3BBEC4B6EA5D1C323986C21289930DAEC34BBBA1BB8229CBBD4BDBAD8B77C60E373B2FF2649E21AA7374FDE6BBBEBF1F186EEABF371E3F562AC690DDC0C77B8801F5FDF43B133563AC83EE356BD425C4B69F303B8D0B8E993E71756FFFB4DF68BC7E7833137375DBA9F7D6F25D354F31A433AAD3E0AF14AF7C0FA3A1AC789DE0AE7015C5AB6303F8B397BCB49428BF2FFC44DDF9A53F7D874611B883CD8457E75E9BFC780A0ED3C75EC2135ADFF9B14DF7B4257FB6D618BDD51762C3673D0E23B1B5577101829EAF87FAB4D77844A3C31FA3358C57AF8C4BB49527FD58AE3DB9A3E2D9BAD64A03A931F7321587AAA5F6B81E0579D5A1A0CC0D7905372B94FBFDDF8F7400A3A794BAF11B526BF616BEE607B88053BB46ABBCCDBFDD3D027EBA5E3A9710BC9C9E6C2303D3DCB3B683E66CB123BEE5EBA4EA13F35F7A38CD833BB67DA3D48F3EDD6F3D50A47DEA637E443BB8D8BF28E8FF3E51767AD76FFFA0F1AF49EE277F3C97B041877D5A33F9E7F79BCC85E9C177ADAA2B7CF5F78BA8C8A04EDBFEEDF73DED4726C993DCA877A390726F383B3AC3730FFF353406B7BFFB4F3F01C0B710D1F587713547A9C4B3EA67D9E6BC2F234BF3445306615BF7856379A6EB23B0737DE77B9FC7FD844322E2A24226954B66D3C90C16A5536AD52A0B445F8D23373BB17C479D31E392F582CA108F68E43E3EE573F6D57EBFE1F5FBBD96FFDF89A31B242C342CF403545C64A4C9C2026B232BE39238E300B90C110BC944F3E25C3B1C4D496C3C6D31455D5D55655D1424959DA53D747DC5CD257A8CA99C14EB02B6EC40AB1056D3DC2C1EF34DAE7DAED365BD95AEB6A2B6BEC6DCFF3EF17552F844360BFFAC8CB52D4F4F9FC5CE767F07E085F1DE06D7681E56EBA4FCDD17F917074D6005788ADA154468E360421FF494387C88C95B176E6FD0950BB46ED042861D615173088E13B065828281A217CC58486612F50D7CC6D12390993575C8B409690D28621144A689B46C5C408BF55EB69CF3E94AB82738733E95226F0B4C14E7E858A56A0B2A15A75B0B76F59A801BBEA299FC758A13A624D171C74425410388E9C3B075F1487581356BC58D7B0582B59B20705DC05E59169DEB6F2DE26400F71D75F3B0F09050A5065F8E0AD2EF66CEB42613C66C38B4A3B167F31D4E4974A2A8B447AB7E2E52D904ECD176F1A6EA9C5BF7C6DA0A7B43A53D13FFA5BDB24237453A6B5CED1992E498467E6D4D7686E0BF816BDE9D5D3B5CEB33AA77FFF39DA1DE81E42396BA2D6DBA4FF0EDF362375E8B225F366D57BA7569FFEDF6D9EEF3FA170E40F3FE42E435F1EC882F1A00DD4BCF88C7E46303A2FA906AADA7E2E8E38FBA058DD8B0A303E11930C3A43EEC2316123B940E3E6498532CB1919AB3308C0929F429C2C7A0135143144F44312AFF42CC110A1EF9906DC81E7169F086FCC8228E49D3586AD2A8A0862BAD49E582ECAF43238FA48C412C474932A750B6E4129530E359F24127DF580C35B2F22BEB25A052FB52C70DC92CB3A1F680ACB39BD12CC8B3B633DF74724DD44A3343CD802AF4044E3EB5C3B39A48030DFF64CF3E791374024A431B14390BC158C9B4A1189B8499F9F46B8B4AC790BA544101370511BC475B8DD0BAB8601DAC535A675581D7DD26D505585C6B1016165A9B28B6916487AD42D75D49F1F5D73B99756759B9A2FDF24C6AB73513BB63B75327DC041199965B492DFDD64F73D70DD6DB74F75227A37208B1565976CF95F55D12EABD975D5D4FAD0AC35E516D63DE793FC036426D7B480C8A05F9ED371E0613FE15E288B9FDF71B8103A611D10AB1552ABCF5AA7AF8E25C2C2692E2CD16364C5C975F8639669967A6B9669B6FC6595CEF54FC65CCD64A5AEE4538CC929235D7BA6119C191F77DD5E493055419A6A40DD3B76A59B0C9B81FC42634F49E1AA774FF9498C5F6DBD7E271EDDCD3E9A71F8E5A3E94F568DB6AB935C58267A251E23AA8271B233A4EA33716FB9DB35DEDEEED8B0D1719CBA96D9BBBF1AB76D669BE37F3DE49D1B05B62942DEA107FAF04CE11545BBD1DE3DEE8F3BB165D1160C7DFC51A3E726EAC6CCE63CC19F33EB1A7FCC92DAC163FF91CD39B0D1D5F2D972E8FF75CFB9E7DC5D5AD6E5D27DD4827DB8CADA6FB9DABE045E79278768CC74C12631EF47A797D9BEF05D202D19E9EBDB4AF0F36CF86A1BDB54C192591307AF1B385BCFCFB3DAF3E8731D7675FFB28F53E39846C53AB9A1306A0B7BF98E46F1E0C445F600025AB00620F57EA800B46A8353436C1C97E10CC10F91E0842C25D860B14ACFFA0053156B37E71100EB12361AB443895184AEF37F1BB610A85A7C37B2DB086229A615E6AD83F1F158E87023CA2BF7EF8C320768E81DC4B6211A3F80A224E711A4B1CA2039DB73A285A71175EA4221899E5432C424A8B5B9C5B1523A646A7B1518C722923099BD80B3216EF8DF6BAA399F238C0D4718C3321224EE93E781E20CDB16EE373E31AF7A8C74566EF729ECBCD80EA87ACAB01AE036754481DC194484536128F9EDC910729A411A11443689E0A55738206A351DDE30BA6049AD0D2F24ADB158C277A039FE730E93F4D960E94B0F8252338194CCA88D27BC84BCE064C02BE40DEE86F120A64334FE392631E536B24AB1B657AF98D611E8E98C2FCE68FFF8CE9094225E7755F6B462C95414BCA31879D6C329133ABF99CDA0D9220D9DCC53633184EB9F0B39FFE2C5CD8A013A527550E9DE1ABDC61B436B4814E1373CA3C5AC7B049C7290CAE78DD541B46B992338E76D4A31F0569486716CC94C8523FACDC9A7D96C99857024D6F1F6BE6391176B689C432A6B0AC272077A94DBF7411A03409943EE3D853925A526EDBC411217BB5D37C6AEF2A38FC2991F838D4279254A457C56A56B5BA55A656D4A242F26954F53455AADE4FA361116A59A5D6D56B68043D1A14EB29CECA15DB85AA54A854EBF38A9AD7E519F25A238DEBDAC88A40888A92AF44FD655A0F2B1FB606165673A56B9A6A94D4C52216948AADECD51AEBFFD8013EB6AEA87C2166335BC23DBAB31B05BA046147899F2CE293B318BBA0E6E059A4D15AD6931CDC17BD24DB41DEAEC69E8EF3EB6B3BEBD9DDFA96B2B5656C6221B34E92DCC767DF2B6EA37AFBC8180657B8F21BD6726E67D0AF2257B3CAAD8839165AD03859132051B2523D5B4BD1EBDE64ABEF856F7CE51B2E8578777C7B7D26A852CAA4B1998A55E93C4E799768DDF6E2C6BEE95A88680F9C14FC3A26B5E455E87F253B3BDFFE368D9B2DB092167CAC046F98C3F86DE5505C9A2851F53732B7946885150C2F0C67184D1E96617D617C29C802A7339A5C318B5DEBE2C8296724769DF15F641C64FC81F78F95C4228179FC62D55698C89E19B233746B619FFF3815098FD20B20B55CBB131AF9C93952328F8D7BD02F0B995846811EC822BA84340FAC14A56A1288CBCC9F30BB186F4056CB9CA17C667EE419B4BA53293BE7F29C19E1F99404C3294F5C584A75FE9795F15969972FAB6720B638C34ECE658EEDDB610957F3A10825A8A71508684F8BBAB008BD90A8A5B99A48276F055EEEEE26B33C1B82F56DA63E9B24B82C5DE0319798D2D09271D00C2A8E52CB73CDAE34E58CA2B9DA98F2E3D3B7FE31E510968F2735F8D8B638F6EEA29BE2DD06A9CE97C6256881FC6B43709AA1A75E76B1537D346B3E3BDDE8EEF335DF5D1FC99DFAAECB7EF5A4F922CB437B6A6C52D6EF9F958DCC0BE592CA3A66EF92F547EEEC98BBFF4AFD66F43B455270422BACAE115F924D87EDCC9326BB68FD155B4DC37A3D1C75CD6F852A34843F5E718BB8D3B4D78EE4AEDBAB6986AB8F34070713CCA546636BB793BCA3C287EAF61B6E098F52A2702E72C2154EC39AEB95CF38BF08A4687EE59E0FDDEA5D3B95C957CA6DAEE316CC32BFEED49B4EB79B8FFDC620F6F1DDFEECEAB7A4DDD08DF1F1891D0D703A835DB8621F3BA7CDFE4739B3192ED0F24C9DBECDEBBD9FFDE98547F86D0B7865762039E9F3A8F10111BFB2213B9E3AD45EBCADFD0EF53DEB7BF25919FCCC3F9F7834E63CB7986F0AEA378FF77B7A7EF4E5B1FB6B595F7373637CEDD4C429D1FDBCFB46473CB52885E567734DFA456A97CA52FF9E958C0ACDB7938230F4617F3D55F40E6F754F3B7CF1FC7443CF2DA55E8B97CC0DAFFAE665EB4785E29BE2107CFEDDA3BFD6A7CB1451D6877F3461C85D7A4A5CA69AA0D27E73AA6B234BAEB9FE9EAC4F013AAF1B38171ABFC6493FD95B3FD8E3B3EA9BB7F8FB1B631B36F3F3A0C911956E733ACF2B2567C33FCC3B9445D93FE6D2BDAADAB1A533B0056CA0F66BB456F23DCCC91D65D31D8D73B91124B18AA39D1004BFFEE39A9060AD7AB03DE6E33E969B9CD923971234410741C1142CBB9E4230A362400D5CBE963338E4B31C95E33802E4A2D8E32C2224B7E963C267E13C7608BF5B832E96BBAB01C40F9500403250AD307CBC2D883CB24A42313CBC3904FF362F6BB8C62341A53B422398AF3F04C440FCA84C12C44234C443A42F3CCC43D3DB43C8EB4321B2433A5CC248D40A45A4447AD142C7E2C25FF3C24BC4444BF4440633C247DC444AEBC4501445D743C5C719C53E2C453D3BC555FC86BE93C5596CC523F433A9D19E591B345B7B41BB7A459BF38EEDD2C55983A45E541417E9C14A03C55A64B34C0C2C4C83908DD1B6AE23B855519C28D3B929B39F6A6CB26BD43C665445220BA94AE4C34764324B58A571EB3D7D3089972331D59830D4F99A6C6C3F7574AE5C44C30AC447431BB82BBC9CADFBBA66AC2C97C98C704116688C2B88D03A8F418B94BBBA95FB37545346BAABBB7BF439AB533BF80B2F2B940821A4FFC8B83BC310A2C5BC4A875638988972447444C28FF1C83641B5FC622920342E7CDBBA606CBD61ECC8883415941B4943B9926D93B87DDB46CA23C80133A06C4849055248B1EA3E2BC4BA7F34B97F3C3F80342C92C4489E6C4829443A9EA4CA5EAB4A5619C8714CB2915396F548C02D6447075BBB72AA3216793B38134934EBA3A234CA25743BFD333E690C315C63C7CF624136AC4B27BC4BC52BA3A4BC8EFFB945135433C66344C013BCCA8382BF7BCCCA1447C31C22B3AC96576ACAA86ACC37B3BC72E3B93A143F3FB24C6EB4C7CBB232D681AADED016CDFC299CFCB2587446BAF8260242B0D6749F380CAADA4C459DF44D5BF427DC541CDD3C20DE741F01E4FFC87A444D500BC2689B2D69621EC98421AB68337AF3C570FB07F79BCE855C4AA933CEEC424EF9C94EDF7143059236B09C2E7704AECA4B0DF3249D7AB3CA007306D9B48CB0FBCE8B0ACF1562C99674A86180CB788CB65BDAC0790CC2A221CCD404CE48BBBC007D91BB013E7A94BB1A3C43FB541731732B443849F6814D804A270B9450AEDCCA8F5C8BFAF41A2ABC308C84496A0BBAEBF3C89E1406139D3614ED4E52CCCFB7DACFE0E9D0E1E43EFA3818191DD1A21B4A08AD5004D4C68D7CCB341C2F8D14520A04303949D1FEBC019C79A31DE527B6F451B5F3BE203540CB018AF7AB51E04CA9FD60CB2D7DD12E1530DE02D3FB92D2BB1B4F47822E186D280155FFBE35FC52349D2DB6103AD6A1CED082CE00A3D3ED7A5221ED19E8A4D1AA79D33635A144ED11D9EC250B55C9D20BA1693C2A45953D460DA56CD14323254D20DAD44AB5544DC4542D09CEA690CC52E58E508DC651BD13544DC84E75D54855550F65D58789D56784D55BD5A55975CA5A15103C73CCB73ABD6105C278EC4BEEDC15F7FCD3D3EA95A5314667A304784C95F32C4C5E1D4E5F15A7A3134DB2A9460814CA2844B023F59BF3314F622DBAB044D018B3D6D8C4562F8940BF4C14140BB1B91BC028C4533D85C83ED13B468157418357D568A92FA54B0CE4C7918CCC75A55545654866824AAAFC39426D9182B5CB1C2C3B97E4AE17154B2645D30F95D80495FF1684BD5685DDC94173B53501D80F85BB89E440F634D883AD5874FA418C0DAD75924B95EDC07485D44B02D92B6D5774C1D28D9C4AAB84267AB4C622FD967D45D2863D3903BD498243D78D1BCD9DBDCD9ECD1771F3B71515398BBB3879751335C4AB358D5A312D50349C4A48C335D9B95972B29171035B97955AAB1259248B9B47E5D35CED0B6ACDD76DFDB0B725262B0D271CBB4EC80C57BB1524BD3D4D7DE5DBBEA5DA80D255AA23DCC615C6C46D24BFBD4DC85DAAC7B5DC9C94DCE25B5C5BC95C591DA1CFDD55D544C4D235DD40ECCCD80456371356CA84D600ADB5891D4BB15D565A6B562C63D9680DB9DC45D492145D9D3D475224D8292B2478DBB6A505FFD59735B8BB2D5EE73CDE08AB5BB2FC5DE05D49295DD880AB57AE9D3FFF8AD3781B5E6CF458AC545EB914D4F422464781DD07FBDE70CC59A63CCADF4D4B4D1C5987F44AA67DA4EE53A5EBEDDDAC4C5AAD7CBFB2255A8E9DD6088C5ECC3C097DC45BB38BDF681CD998ADDF8ED1DF1FCD4E6D4D60BEE35F9AB5D38785E09D1C606C54CFF0E53F28345AEE75C6055E4803055A0D7ECA7355B18064CE02769E9F55DA0FD4C88D755AFD85E1E283D29FACE0A63361A75C5DB2FD39B3F55A63EDDAB5D54E33CCE1D00DCCAB2D5912D5DAEEC5416540624403B9A31D432596DDD7FB61CFD4438AC1B1281553D303E3C00BD3C9DD6176F3CD2E56DDEDB9DBC3C562CC2DFFA0A821A3F68DA0D24AE38E954536F6D0E9651A39CEDCCE3D998B7BCBBCF5443EE6513F76DF495464CDD5E1468EDCF7885B48A65E496D644146124A262D16A0DCBEBDB7F01DBE7ACCB275F053105CC664ADC3B475B3E6FD200C2AE58C3BE5B045634D76E454C0E44C715EDC950C6A4CCF037DDABDC54B0A66D60CE26579F3E50F4665E9556444BE52E3AD533AFD09124E90184C393C4DA0738DE3604620070D58692E929AAA66A25D4F2C94E547A6E57CABDEFE5C6193F5DF841A53683D3AF1BA3310FED8F1DDCA9B0DDA19ADC2D7EDD1F4B248B79DE5E504A4D03CC62FBE32E9CC3C494B6796CCBF7CC6DA0B1CE7AE14E727A593C1AD581B84E8877EE788D6FF1C0FA6CF7455577D23E761C5368EA9A3E4935B7486C3B8C5529FBCE71DF45251EE510ABDCA720EDD964EA676F6BF9896CA856A618B36CC459BE7FAFBDAE0B362A2EE4B110BD8A14EB454B2BF7916B15A5226E02B507048DD3EA608702E4397AAD3F2EBDEE8D45E43A52E60D6C9ACFEC818E1EA38F56AEC056BBC42C682EB61F61369C174B7BA66507736668B5DA676A36BEB633596FD6BE75D4EB4B8EA449621335E62A63BEC4F25EB59565F83A13E7B03DA769C56BDDEDDEDD42EF934B5317DC01FDD3F66FEDBA325E8C65E38308463C405AFAC2BC0C826330AF46B88744B6F65EDD7AE6B24EDECCB23ECC55C3A3BDE30DAF4E35BBEA28DBB3F5CBA62BDFCFF45557AA69B1A4A927D34F9733291C39B1974917B28EC663E67952E6D4D06EE56A06770A1B12DCE1BD0AEDCEBF6EDE9DD6E33016FEFD6D7D53C3D855EE936BD3356865AD0345604C5EC504EDE052D6E92DED361A6ADDC8D6FE7B3AAD325F002D7AAEA0E6D3754EDF3405ED946E6BE12D7D2CC58FAF66A1B8EEB10C64C5A166F4FA6BF3BEDC19B2ADF03AC6DB8E6EDCB1D5F2A86E68E4CDFFF9B70620BE0F47E4373D670041FEF0D54E5A1D5BC8AE65A58466E188FF19BFEB11B27CA1CFF38B7E671A82E71D0CDA324DF341AE7F09DDE89659CC135ECD8864E5A26BFD00585E928C7F124D6F14FEEE02B6F44C73664D56BD01D04B4E6F3AE0DDF2B8041AF2934FFDA8AF64AB03C2E318E617B75D1B68B73FB1EE2E71D7373AE7333FF4F66724B2CFFAEE075C587533E2DE672E2AED0DDC34E8EBB7033BAE068D62F463F0947971348EFEB9F36ABAAEBEA7F7DD0718A72493774307172DF5D19C6169FF2FE42C1FD741D9CE10B9C531BCF531FDF1F367F5F7881F55C3FD55FE9F556473B189DF58EF69821442E5D57E6DFFEF54B1EF65A3FD31D86F29136C954DFF5CF7575D13D6FB9AA66B66334003FA705A776B552F6A066EFA47058F4646ED6BAEFEEA658FD4EAB05CFAD755F6B464FE60C67F5CCABAD7227F349C7ED3284240A56C307BFF73BF777F48C918007DF52FFE5829771C446F735B7F6B93E6B806F6BB546299AAEFFEF7B65784F076A8327619A1E0E6ED6DE8A97470216791107E887A7647E7F649CA6ED97766764079B30174C24DF5F7B2E2899B7407BA0F90E56629FA7C18F67794876793CDEE09535EE8CBEF422CFB42D97F36CD6F287D53A8D96AE2F7FFA9ED967D246FA733EFA2517DA3C67E78DBE669AE4E08FAE699B66BA756EE7FE2D7B89C6E1F56C71B5BF2369FD8B5DA4B5B77ECFB9B4D0AFAFFBA226F9122B599ACC3ADF53951BCE7978AFE2432394C187FBC2E737B0694326DF7665517946EC5684FFC6F9C4EF98D36D85B3E3933EE3ECD6D77C0F6903EEC754D147CA8667291EF593FFD9853FF84F44745C14EDD3A6FB13346DC325FAAEB76C261D3AA1E352E74AFF93293772057D6FEBBD6EEC6662ED1E439D06C687E4E1A587FD4691FD40CFC08546C7531FAD6CC776502FF6A8ECCA7C7661CE1F6BF1D57EE125EF665F66B47BAEBDD9CBABCC4B1654AF8A64CF99C5F5E4AA7DC66CDBF65E3CBD2700E5681862DE30CA49ABBD38EB1880FF60C83423546EE3B951CC62BECBA1248EBADE78AE7361EFFFC0A070482C1A8F48D14E62CB349793279435ADE23AC24372CBED7ABFE0703035259749AF871ABD664BADD1983C06C76089A5B7C60CE5FB996C1C8175167386348451628B8C8D8E3F7A285789549482969806435A8F9D9E9FA0477C6E3226362DA5A53388AC690F79976D6A913B73487394779BAEA427AA30A9797424AAFFB06EBCC6B1B439B6B77289BAA1D2D39ECB99D7D8D9B99BD1D4DEDFE046A3AFC76D66E7C7A7A634C9BE2EB3840B8FEF55DD40C9E5E897FAE8EAC4ECAEDC011C540641277A7DC2295C284A9BC38710E3716348B1E2B771FC10E51B78CE57C04018A3F0AA65701A4266E24666FC456E553E62CAD21853E14FD6959226595EB1C8D3A2B588408346B4278268CFA34893846CF9449FCC41ED9EA2A9F991A4D19C3F4DA424C8AF82D39755E1C1A30AD22A458D2BAE265DDB4858AA492A6B9912894CE640A14327B2DDCB77CC3F194ED1A618DC55A35B817F01BFC397562D389D76B6AE6A516E062005FF5E1A5E877832AABB591520857CC171DFD3B74632BB6C738FFFD48F51C586C65B462FEADB7B6763D3EDE4A66985680B49A64D37D70D9C49837BC5CDBC0B63C23033CBA23C775D74B1956A548D4D3C9B634ECDC3FBEC9EBD8E35E47D95F328C27BB7F13DE04FABD72ABEFE2EE9DA5FB764BDBFB2EC5F7F4CF6572CE465F2DD6FF625D8568105C6D71C699AB0C720790E320721820ADEF65C7434BD559C4BD27904D53E8B4925E284961C98E18AD2B48762412B4286A08B2F2E51A17832B2C8E286304CE55F5DFB8C686265017257A379B6E9A82423341E791C86A8B134A3930FDD98A0944B2AB8212B848DC355301E7E699D39B28545653D4966A9A67367EE06A585790CD7662E6FE256CC9AF53569A077735AA1229E802AD5FF678A817A90829C83FA592800872EAAE1997A7A95686D59D4E9E89291266AA59AE8F935A99F96E2B8E9A54765FAE9A936A649EAAAA6CE19EA9588A27ADCAA86D2CA57ABB2E6BA87AAB63A0AA1AE71F4EA0CB028BC2AECB10711ABEC6EBC221B28AE281A4BEBAFC44AEBECB56240BBECB27F62EBEBB68A78DB10B8F4896BEE45E4A6AB68A5E72E4AEDA9A3B65B14B8F1CA6B6F18DAAA5BDA21FCE24228BBF702FA6E9FF506FCC1C06D166CF0C2A9E99BE2218BF09B10C00C739AAF77D69A8B708D0A57ECF17D0E17240F43CFA4D5ECC7196ECC60C728337A319D2DC7CCC5CB93CA91DE30CB512CB38E2AD3C6F2CE3D0BF5F3CE40875CECD0A305D72DD13C07EDFF50A74C734333334847DDF2D41C439D323B275B6DDF49418DECF516600FA5F5D868BB6C34076767D9B6A119A75D6AD998882DB717743F5CF5DD31CF57EDDEEEC6CD77D24E3BF1F6E064FB6DE3E188DF9DF7A78C3B0B78E337E37CB4DD94CF5372633164EEF91885533839AB827FCE56BF369B0E1CEA98ABEEBA0F96671DB9C6A5BF6EFBEDB87BBEB9D09D133D7AEEC0072FFCE012C3C16FDABF0FAFFCF2CC7BCDFAF39F27DFFCF4D4576FFDC7D25FAFFDF6DC777F69F6DE872FFEF8E447597BF9E8A7AFFEFA9F80CFFEFBF0C72F3FE8F3D76FFFFDF8B3777EFEFCF7EF7FEEEEFB9F00074840BE05B080084CA0023D76C0053AF081104456032348C10A5AD06D47FBBBA00637C8413B65B083200CA10849F6C1119AF084286CCBF356C8C216BAF085308CA10C6748C31ADAF08638CCA10E77C8C31EFAF087400CA2108748C4221AF18848445D0100003B, '1348502732_4991', null, '2014-07-02 22:16:31', 'gif', null, 'upload/files/20140702221631qySPAcfY.gif', 'org.jeecgframework.web.system.pojo.base.TSDocument', 'upload/files/20140702221631qySPAcfY.swf', null, null, null);

-- ----------------------------
-- Table structure for `t_s_base_user`
-- ----------------------------
DROP TABLE IF EXISTS `t_s_base_user`;
CREATE TABLE `t_s_base_user` (
  `ID` varchar(32) NOT NULL,
  `activitiSync` smallint(6) default NULL,
  `browser` varchar(20) default NULL,
  `password` varchar(100) default NULL,
  `realname` varchar(50) default NULL,
  `signature` blob,
  `status` smallint(6) default NULL,
  `userkey` varchar(200) default NULL,
  `username` varchar(10) NOT NULL,
  `departid` varchar(32) default NULL,
  PRIMARY KEY  (`ID`),
  KEY `FK_15jh1g4iem1857546ggor42et` (`departid`),
  CONSTRAINT `FK_15jh1g4iem1857546ggor42et` FOREIGN KEY (`departid`) REFERENCES `t_s_depart` (`ID`)
) ENGINE=InnoDB DEFAULT CHARSET=utf8;

-- ----------------------------
-- Records of t_s_base_user
-- ----------------------------
INSERT INTO `t_s_base_user` VALUES ('402881e4461f9c6401461fa2e6f50002', null, null, '4be1dd049390623054515c6d433c4e3c', 'tingfeng', null, '1', null, 'tingfeng', '4028d881436d514601436d5214d70015');
INSERT INTO `t_s_base_user` VALUES ('402881e44648134a014648174a45000c', null, null, '729a3d16798c1682', 'jeecg测试', null, '1', null, 'ceshi', '4028d881436d514601436d5214d70015');
INSERT INTO `t_s_base_user` VALUES ('4028d881436d514601436d5215ac0043', '1', null, 'c44b01947c9e6e3f', '管理员', null, '1', null, 'admin', '4028d881436d514601436d5214d70015');
INSERT INTO `t_s_base_user` VALUES ('4028d881436d514601436d5215b20044', null, null, '97c07a884bf272b5', '张代浩', null, '1', null, 'scott', '4028d881436d514601436d5214f30017');
INSERT INTO `t_s_base_user` VALUES ('4028d881436d514601436d5215b80045', '0', null, 'f2322ec2fb9f40d1', '采购员', null, '1', null, 'cgy', '4028d881436d514601436d5214d70015');
INSERT INTO `t_s_base_user` VALUES ('4028d881436d514601436d5215bc0046', '1', null, 'a324509dc1a3089a', '采购审批员', null, '1', null, 'cgspy', '4028d881436d514601436d5214d70015');

-- ----------------------------
-- Table structure for `t_s_config`
-- ----------------------------
DROP TABLE IF EXISTS `t_s_config`;
CREATE TABLE `t_s_config` (
  `ID` varchar(32) NOT NULL,
  `code` varchar(100) default NULL,
  `content` longtext,
  `name` varchar(100) NOT NULL,
  `note` longtext,
  `userid` varchar(32) default NULL,
  PRIMARY KEY  (`ID`),
  KEY `FK_m3q8r50ror4fl7fjkvd82tqgn` (`userid`),
  CONSTRAINT `FK_m3q8r50ror4fl7fjkvd82tqgn` FOREIGN KEY (`userid`) REFERENCES `t_s_user` (`id`)
) ENGINE=InnoDB DEFAULT CHARSET=utf8;

-- ----------------------------
-- Records of t_s_config
-- ----------------------------

-- ----------------------------
-- Table structure for `t_s_demo`
-- ----------------------------
DROP TABLE IF EXISTS `t_s_demo`;
CREATE TABLE `t_s_demo` (
  `ID` varchar(32) NOT NULL,
  `democode` longtext,
  `demoorder` smallint(6) default NULL,
  `demotitle` varchar(200) default NULL,
  `demourl` varchar(200) default NULL,
  `demopid` varchar(32) default NULL,
  PRIMARY KEY  (`ID`),
  KEY `FK_fni8e3v88wcf2sahhlv57u4nm` (`demopid`),
  CONSTRAINT `FK_fni8e3v88wcf2sahhlv57u4nm` FOREIGN KEY (`demopid`) REFERENCES `t_s_demo` (`ID`)
) ENGINE=InnoDB DEFAULT CHARSET=utf8;

-- ----------------------------
-- Records of t_s_demo
-- ----------------------------
INSERT INTO `t_s_demo` VALUES ('4028d881436d514601436d52186900c4', '<div class=\"form\">\r\n   <label class=\"Validform_label\">\r\n     非空验证：\r\n    </label>\r\n    <input name=\"demotitle\" id=\"demotitle\" datatype=\"*\" errormsg=\"该字段不为空\">\r\n    <span class=\"Validform_checktip\"></span>\r\n   </div>\r\n   <div class=\"form\">\r\n     <label class=\"Validform_label\">\r\n     URL验证：\r\n    </label>\r\n    <input name=\"demourl\" id=\"demourl\" datatype=\"url\" errormsg=\"必须是URL\">\r\n    <span class=\"Validform_checktip\"></span>\r\n   </div>\r\n   <div class=\"form\">\r\n     <label class=\"Validform_label\">\r\n     至少选择2项：\r\n    </label>\r\n    <input name=\"shoppingsite1\" class=\"rt2\" id=\"shoppingsite21\" type=\"checkbox\" value=\"1\" datatype=\"need2\" nullmsg=\"请选择您的爱好！\" />\r\n  \r\n     阅读\r\n  \r\n    <input name=\"shoppingsite1\" class=\"rt2\" id=\"shoppingsite22\" type=\"checkbox\" value=\"2\" />\r\n    \r\n     音乐\r\n  \r\n    <input name=\"shoppingsite1\" class=\"rt2\" id=\"shoppingsite23\" type=\"checkbox\" value=\"3\" />\r\n  \r\n     运动\r\n   \r\n    <span class=\"Validform_checktip\"></span>\r\n   </div>\r\n   <div class=\"form\">\r\n     <label class=\"Validform_label\">\r\n     邮箱：\r\n    </label>\r\n    <input name=\"demoorder\" id=\"demoorder\" datatype=\"e\" errormsg=\"邮箱非法\">\r\n    <span class=\"Validform_checktip\"></span>\r\n   </div>\r\n   <div class=\"form\">\r\n     <label class=\"Validform_label\">\r\n     手机号：\r\n    </label>\r\n    <input name=\"phone\" id=\"phone\" datatype=\"m\" errormsg=\"手机号非法\">\r\n    <span class=\"Validform_checktip\"></span>\r\n   </div>\r\n   <div class=\"form\">\r\n     <label class=\"Validform_label\">\r\n     金额：\r\n    </label>\r\n    <input name=\"money\" id=\"money\" datatype=\"d\" errormsg=\"金额非法\">\r\n    <span class=\"Validform_checktip\"></span>\r\n   </div>\r\n   <div class=\"form\">\r\n     <label class=\"Validform_label\">\r\n     日期：\r\n    </label>\r\n    <input name=\"date\" id=\"date\" class=\"easyui-datebox\">\r\n    <span class=\"Validform_checktip\"></span>\r\n   </div>\r\n   <div class=\"form\">\r\n     <label class=\"Validform_label\">\r\n     时间：\r\n    </label>\r\n    <input name=\"time\" id=\"time\" class=\"easyui-datetimebox\">\r\n    <span class=\"Validform_checktip\"></span>\r\n   </div>', null, '表单验证', null, null);

-- ----------------------------
-- Table structure for `t_s_depart`
-- ----------------------------
DROP TABLE IF EXISTS `t_s_depart`;
CREATE TABLE `t_s_depart` (
  `ID` varchar(32) NOT NULL,
  `departname` varchar(100) NOT NULL,
  `description` longtext,
  `parentdepartid` varchar(32) default NULL,
  PRIMARY KEY  (`ID`),
  KEY `FK_knnm3wb0bembwvm0il7tf6686` (`parentdepartid`),
  CONSTRAINT `FK_knnm3wb0bembwvm0il7tf6686` FOREIGN KEY (`parentdepartid`) REFERENCES `t_s_depart` (`ID`)
) ENGINE=InnoDB DEFAULT CHARSET=utf8;

-- ----------------------------
-- Records of t_s_depart
-- ----------------------------
INSERT INTO `t_s_depart` VALUES ('4028d881436d514601436d5214d70015', '信息部', '12', null);
INSERT INTO `t_s_depart` VALUES ('4028d881436d514601436d5214ef0016', '设计部', null, null);
INSERT INTO `t_s_depart` VALUES ('4028d881436d514601436d5214f30017', '研发室', '研发技术难题', '4028d881436d514601436d5214ef0016');

-- ----------------------------
-- Table structure for `t_s_document`
-- ----------------------------
DROP TABLE IF EXISTS `t_s_document`;
CREATE TABLE `t_s_document` (
  `documentstate` smallint(6) default NULL,
  `documenttitle` varchar(100) default NULL,
  `pictureindex` blob,
  `showhome` smallint(6) default NULL,
  `id` varchar(32) NOT NULL,
  `typeid` varchar(32) default NULL,
  PRIMARY KEY  (`id`),
  KEY `FK_qr3qlmgkflj35m5ci1xv0vvg3` (`typeid`),
  KEY `FK_f2mc12eu0umghp2i70apmtxjl` (`id`),
  CONSTRAINT `FK_f2mc12eu0umghp2i70apmtxjl` FOREIGN KEY (`id`) REFERENCES `t_s_attachment` (`ID`),
  CONSTRAINT `FK_qr3qlmgkflj35m5ci1xv0vvg3` FOREIGN KEY (`typeid`) REFERENCES `t_s_type` (`ID`)
) ENGINE=InnoDB DEFAULT CHARSET=utf8;

-- ----------------------------
-- Records of t_s_document
-- ----------------------------
INSERT INTO `t_s_document` VALUES (null, null, null, null, '297e7eb6469a4a8901469a5d96ea000d', '4028d881436d514601436d5216190053');
INSERT INTO `t_s_document` VALUES (null, null, null, null, '297e7eb6469a4a8901469a5ebac20010', '4028d881436d514601436d5216190053');
INSERT INTO `t_s_document` VALUES (null, null, null, null, '297e7eb6469a9a0f01469a9b59d30001', '4028d881436d514601436d5216190053');
INSERT INTO `t_s_document` VALUES (null, null, null, null, '297e7eb6469a9a0f01469a9bc74b0003', '4028d881436d514601436d5216190053');
INSERT INTO `t_s_document` VALUES (null, null, null, null, '402881e446394419014639453ce90002', '4028d881436d514601436d5216190053');
INSERT INTO `t_s_document` VALUES (null, null, null, null, '402881e4463cc88701463ccef5340001', '4028d881436d514601436d5216190053');
INSERT INTO `t_s_document` VALUES (null, null, null, null, '402881e44643207c01464333b1f9000c', '4028d881436d514601436d5216190053');
INSERT INTO `t_s_document` VALUES (null, null, null, null, '402881e4464381350146438691940002', '4028d881436d514601436d5216190053');
INSERT INTO `t_s_document` VALUES (null, null, null, null, '402881e44643813501464389b02a000b', '4028d881436d514601436d5216190053');
INSERT INTO `t_s_document` VALUES (null, null, null, null, '402881e44643a1cd014643a510060003', '4028d881436d514601436d5216190053');
INSERT INTO `t_s_document` VALUES (null, null, null, null, '402881e44643a1cd014643a55d6f0006', '4028d881436d514601436d5216190053');
INSERT INTO `t_s_document` VALUES (null, null, null, null, '402881e44695183a014695210478000f', '4028d881436d514601436d5216190053');
INSERT INTO `t_s_document` VALUES (null, null, null, null, '402881e44695183a0146952144320012', '4028d881436d514601436d5216190053');
INSERT INTO `t_s_document` VALUES (null, null, null, null, '402881e44695183a0146952187bc0015', '4028d881436d514601436d5216190053');
INSERT INTO `t_s_document` VALUES (null, null, null, null, '402881e44695183a01469522f1ed0018', '4028d881436d514601436d5216190053');
INSERT INTO `t_s_document` VALUES (null, null, null, null, '402881e44695183a01469523431e001b', '4028d881436d514601436d5216190053');
INSERT INTO `t_s_document` VALUES (null, null, null, null, '402881e44695183a01469523eb7f001e', '4028d881436d514601436d5216190053');
INSERT INTO `t_s_document` VALUES (null, null, null, null, '402881e44695183a0146952422130021', '4028d881436d514601436d5216190053');
INSERT INTO `t_s_document` VALUES (null, null, null, null, '402881e446955c7c014695970aeb0014', '4028d881436d514601436d5216190053');
INSERT INTO `t_s_document` VALUES (null, null, null, null, '402881e446955c7c01469597394f0016', '4028d881436d514601436d5216190053');
INSERT INTO `t_s_document` VALUES (null, null, null, null, '402881e446955c7c0146959757810018', '4028d881436d514601436d5216190053');
INSERT INTO `t_s_document` VALUES (null, null, null, null, '402881e446955c7c014695977560001a', '4028d881436d514601436d5216190053');
INSERT INTO `t_s_document` VALUES (null, null, null, null, '402881e446955c7c014695a1de0a001d', '4028d881436d514601436d5216190053');
INSERT INTO `t_s_document` VALUES (null, null, null, null, '402881e446955c7c014695a38b470020', '4028d881436d514601436d5216190053');
INSERT INTO `t_s_document` VALUES (null, null, null, null, '402881e446955c7c014695a3cdea0022', '4028d881436d514601436d5216190053');
INSERT INTO `t_s_document` VALUES (null, null, null, null, '402881e446955c7c014695a4383a0024', '4028d881436d514601436d5216190053');
INSERT INTO `t_s_document` VALUES (null, null, null, null, '402881e446955c7c014695a4913b0026', '4028d881436d514601436d5216190053');
INSERT INTO `t_s_document` VALUES (null, null, null, null, '402881e446955c7c014695a4dda10027', '4028d881436d514601436d5216190053');
INSERT INTO `t_s_document` VALUES (null, null, null, null, '402881e446955c7c014695a726df0028', '4028d881436d514601436d5216190053');
INSERT INTO `t_s_document` VALUES (null, null, null, null, '402881e446955c7c014695a7705a002b', '4028d881436d514601436d5216190053');
INSERT INTO `t_s_document` VALUES (null, null, null, null, '402881e446955c7c014695a7b814002e', '4028d881436d514601436d5216190053');
INSERT INTO `t_s_document` VALUES (null, null, null, null, '402881e446955c7c014695a7ecf10031', '4028d881436d514601436d5216190053');
INSERT INTO `t_s_document` VALUES (null, null, null, null, '402881e446955c7c014695a831d70034', '4028d881436d514601436d5216190053');
INSERT INTO `t_s_document` VALUES (null, null, null, null, '402881e44695ebe3014695ed3bdc0001', '4028d881436d514601436d5216190053');
INSERT INTO `t_s_document` VALUES (null, null, null, null, '402881e44695ebe3014695ed79fa0003', '4028d881436d514601436d5216190053');
INSERT INTO `t_s_document` VALUES (null, null, null, null, '402881e44695ebe3014695ef476c0005', '4028d881436d514601436d5216190053');
INSERT INTO `t_s_document` VALUES (null, null, null, null, '402881e44695ebe3014695f2c6280007', '4028d881436d514601436d5216190053');
INSERT INTO `t_s_document` VALUES (null, null, null, null, '402881e44695ebe3014695f3176d0009', '4028d881436d514601436d5216190053');
INSERT INTO `t_s_document` VALUES (null, null, null, null, '402881e44695ebe3014695f339a7000b', '4028d881436d514601436d5216190053');
INSERT INTO `t_s_document` VALUES (null, null, null, null, '402881e44695ebe3014695f3a3b3000d', '4028d881436d514601436d5216190053');
INSERT INTO `t_s_document` VALUES (null, null, null, null, '402881e44695ebe3014695f3f89f000f', '4028d881436d514601436d5216190053');
INSERT INTO `t_s_document` VALUES (null, null, null, null, '402881e44695ebe3014695f443990011', '4028d881436d514601436d5216190053');
INSERT INTO `t_s_document` VALUES (null, null, null, null, '402881e44695ebe3014695f45e1a0013', '4028d881436d514601436d5216190053');
INSERT INTO `t_s_document` VALUES (null, null, null, null, '402881e44695ebe3014695f494290015', '4028d881436d514601436d5216190053');
INSERT INTO `t_s_document` VALUES (null, null, null, null, '402881e44695ebe3014695f4d5570017', '4028d881436d514601436d5216190053');
INSERT INTO `t_s_document` VALUES (null, '11111', null, null, '402881e845d1723e0145d18fef940019', '4028d881436d514601436d5216190053');
INSERT INTO `t_s_document` VALUES (null, null, null, null, '402881e946ddea480146ddf061b50001', '4028d881436d514601436d5216190053');
INSERT INTO `t_s_document` VALUES (null, null, null, null, '402881e946ddea480146ddf730350003', '4028d881436d514601436d5216190053');
INSERT INTO `t_s_document` VALUES (null, null, null, null, '402881e946ddea480146ddf991610005', '4028d881436d514601436d5216190053');
INSERT INTO `t_s_document` VALUES (null, null, null, null, '402881e946ddea480146de02f8ba0008', '4028d881436d514601436d5216190053');
INSERT INTO `t_s_document` VALUES (null, null, null, null, '402881e946ddea480146de0522e3000a', '4028d881436d514601436d5216190053');
INSERT INTO `t_s_document` VALUES (null, null, null, null, '402881e946ddea480146de09f959000e', '4028d881436d514601436d5216190053');
INSERT INTO `t_s_document` VALUES (null, null, null, null, '402881e946ddea480146de0f340b0010', '4028d881436d514601436d5216190053');
INSERT INTO `t_s_document` VALUES (null, null, null, null, '402889f146e0e6620146e0e882c60001', '4028d881436d514601436d5216190053');
INSERT INTO `t_s_document` VALUES (null, null, null, null, '402889f346dc66c30146dc7c11630001', '4028d881436d514601436d5216190053');
INSERT INTO `t_s_document` VALUES (null, null, null, null, '402889f346dc66c30146dc7ccb410005', '4028d881436d514601436d5216190053');
INSERT INTO `t_s_document` VALUES (null, null, null, null, '402889f346dc66c30146dc7cf66b0008', '4028d881436d514601436d5216190053');
INSERT INTO `t_s_document` VALUES (null, null, null, null, '402889f346dc8a220146dc933f720007', '4028d881436d514601436d5216190053');
INSERT INTO `t_s_document` VALUES (null, null, null, null, '402889f446efabff0146efacdbe00001', '4028d881436d514601436d5216190053');
INSERT INTO `t_s_document` VALUES (null, null, null, null, '4028d88146f762f90146f765233e0002', '4028d881436d514601436d5216190053');
INSERT INTO `t_s_document` VALUES (null, null, null, null, '4028d88146f768ec0146f76af8680001', '4028d881436d514601436d5216190053');
INSERT INTO `t_s_document` VALUES (null, null, null, null, '4028d88146f768ec0146f76e1e450005', '4028d881436d514601436d5216190053');
INSERT INTO `t_s_document` VALUES (null, null, null, null, '4028d88146f768ec0146f76f19d80008', '4028d881436d514601436d5216190053');

-- ----------------------------
-- Table structure for `t_s_fileno`
-- ----------------------------
DROP TABLE IF EXISTS `t_s_fileno`;
CREATE TABLE `t_s_fileno` (
  `ID` varchar(32) NOT NULL,
  `filenobefore` varchar(32) default NULL,
  `filenonum` int(11) default NULL,
  `filenotype` varchar(32) default NULL,
  `filenoYear` date default NULL,
  PRIMARY KEY  (`ID`)
) ENGINE=InnoDB DEFAULT CHARSET=utf8;

-- ----------------------------
-- Records of t_s_fileno
-- ----------------------------

-- ----------------------------
-- Table structure for `t_s_function`
-- ----------------------------
DROP TABLE IF EXISTS `t_s_function`;
CREATE TABLE `t_s_function` (
  `ID` varchar(32) NOT NULL,
  `functioniframe` smallint(6) default NULL,
  `functionlevel` smallint(6) default NULL,
  `functionname` varchar(50) NOT NULL,
  `functionorder` varchar(255) default NULL,
  `functionurl` varchar(100) default NULL,
  `parentfunctionid` varchar(32) default NULL,
  `iconid` varchar(32) default NULL,
  `desk_iconid` varchar(32) default NULL,
  PRIMARY KEY  (`ID`),
  KEY `FK_brd7b3keorj8pmxcv8bpahnxp` (`parentfunctionid`),
  KEY `FK_q5tqo3v4ltsp1pehdxd59rccx` (`iconid`),
  KEY `FK_gbdacaoju6d5u53rp4jo4rbs9` (`desk_iconid`),
  CONSTRAINT `FK_brd7b3keorj8pmxcv8bpahnxp` FOREIGN KEY (`parentfunctionid`) REFERENCES `t_s_function` (`ID`),
  CONSTRAINT `FK_gbdacaoju6d5u53rp4jo4rbs9` FOREIGN KEY (`desk_iconid`) REFERENCES `t_s_icon` (`ID`),
  CONSTRAINT `FK_q5tqo3v4ltsp1pehdxd59rccx` FOREIGN KEY (`iconid`) REFERENCES `t_s_icon` (`ID`)
) ENGINE=InnoDB DEFAULT CHARSET=utf8;

-- ----------------------------
-- Records of t_s_function
-- ----------------------------
INSERT INTO `t_s_function` VALUES ('402881e446677b700146677d7b600001', null, '1', '扩展接口管理', '03', 'weixinExpandconfigController.do?weixinExpandconfig', '4028d881436d514601436d52c2fb0181', '4028d881436d514601436d5214b30002', null);
INSERT INTO `t_s_function` VALUES ('402881e545f5dd1a0145f5de9bb60001', null, '0', '消息管理', '4', '', null, '4028d881436d514601436d5214b30002', null);
INSERT INTO `t_s_function` VALUES ('402881e545f5dd1a0145f5f32cf00005', null, '1', '文本消息', '1', 'textTemplateController.do?list', '402881e545f5dd1a0145f5de9bb60001', '4028d881436d514601436d5214b30002', null);
INSERT INTO `t_s_function` VALUES ('402881e545f5f4780145f61198810004', null, '1', '图文消息', '2', 'newsTemplateController.do?list', '402881e545f5dd1a0145f5de9bb60001', '4028d881436d514601436d5214b30002', null);
INSERT INTO `t_s_function` VALUES ('402881e8460d7e5301460d81c7a60001', null, '1', '关键字管理', '2', 'autoResponseController.do?list', '4028d881436d514601436d52c2fb0181', '4028d881436d514601436d5214b30002', null);
INSERT INTO `t_s_function` VALUES ('4028d881436d514601436d5215070018', null, '0', 'Online 开发', '1', '', null, '4028d881436d514601436d5214ba0007', null);
INSERT INTO `t_s_function` VALUES ('4028d881436d514601436d52150a0019', null, '0', '系统管理', '11', '', null, '4028d881436d514601436d5214b80005', null);
INSERT INTO `t_s_function` VALUES ('4028d881436d514601436d52150b001a', null, '0', '统计查询', '3', '', null, '4028d881436d514601436d5214ba0007', null);
INSERT INTO `t_s_function` VALUES ('4028d881436d514601436d52150d001b', null, '0', '常用示例', '8', '', null, '4028d881436d514601436d5214b30002', null);
INSERT INTO `t_s_function` VALUES ('4028d881436d514601436d52150f001c', null, '0', '系统监控', '11', '', null, '4028d881436d514601436d5214b30002', null);
INSERT INTO `t_s_function` VALUES ('4028d881436d514601436d521513001d', null, '1', '用户管理', '5', 'userController.do?user', '4028d881436d514601436d52150a0019', '4028d881436d514601436d5214b30002', null);
INSERT INTO `t_s_function` VALUES ('4028d881436d514601436d521516001e', null, '1', '角色管理', '6', 'roleController.do?role', '4028d881436d514601436d52150a0019', '4028d881436d514601436d5214b30002', null);
INSERT INTO `t_s_function` VALUES ('4028d881436d514601436d52151a001f', null, '1', '菜单管理', '7', 'functionController.do?function', '4028d881436d514601436d52150a0019', '4028d881436d514601436d5214b30002', null);
INSERT INTO `t_s_function` VALUES ('4028d881436d514601436d52151f0020', null, '1', '数据字典', '6', 'systemController.do?typeGroupList', '4028d881436d514601436d52150a0019', '4028d881436d514601436d5214b30002', null);
INSERT INTO `t_s_function` VALUES ('4028d881436d514601436d5215220021', null, '1', '图标管理', '18', 'iconController.do?icon', '4028d881436d514601436d52150a0019', '4028d881436d514601436d5214b30002', null);
INSERT INTO `t_s_function` VALUES ('4028d881436d514601436d5215260023', null, '1', '部门管理', '22', 'departController.do?depart', '4028d881436d514601436d52150a0019', '4028d881436d514601436d5214b30002', null);
INSERT INTO `t_s_function` VALUES ('4028d881436d514601436d5215290024', null, '1', '地域管理', '22', 'territoryController.do?territory', '4028d881436d514601436d52150a0019', '4028d881436d514601436d5214b10001', null);
INSERT INTO `t_s_function` VALUES ('4028d881436d514601436d52152c0025', null, '1', '用户分析', '17', 'logController.do?statisticTabs&isIframe', '4028d881436d514601436d52150b001a', '4028d881436d514601436d5214b10001', null);
INSERT INTO `t_s_function` VALUES ('4028d881436d514601436d5215300026', null, '1', '表单配置', '1', 'cgFormHeadController.do?cgFormHeadList', '4028d881436d514601436d5215070018', '4028d881436d514601436d5214b30002', null);
INSERT INTO `t_s_function` VALUES ('4028d881436d514601436d5215340027', null, '1', '动态报表配置', '2', 'cgreportConfigHeadController.do?cgreportConfigHead', '4028d881436d514601436d5215070018', '4028d881436d514601436d5214b30002', null);
INSERT INTO `t_s_function` VALUES ('4028d881436d514601436d5215380028', null, '1', '数据监控', '11', 'dataSourceController.do?goDruid&isIframe', '4028d881436d514601436d52150f001c', '4028d881436d514601436d5214b30002', null);
INSERT INTO `t_s_function` VALUES ('4028d881436d514601436d52153b0029', null, '1', '系统日志', '21', 'logController.do?log', '4028d881436d514601436d52150f001c', '4028d881436d514601436d5214b30002', null);
INSERT INTO `t_s_function` VALUES ('4028d881436d514601436d521540002a', null, '1', '定时任务', '21', 'timeTaskController.do?timeTask', '4028d881436d514601436d52150f001c', '4028d881436d514601436d5214b30002', null);
INSERT INTO `t_s_function` VALUES ('4028d881436d514601436d521545002b', null, '1', '表单验证', '1', 'demoController.do?formTabs', '4028d881436d514601436d52150d001b', '4028d881436d514601436d5214b30002', null);
INSERT INTO `t_s_function` VALUES ('4028d881436d514601436d521549002c', null, '1', 'Demo示例', '2', 'jeecgDemoController.do?jeecgDemo', '4028d881436d514601436d52150d001b', '4028d881436d514601436d5214b30002', null);
INSERT INTO `t_s_function` VALUES ('4028d881436d514601436d52154d002d', null, '1', '单表模型', '3', 'jeecgNoteController.do?jeecgNote', '4028d881436d514601436d52150d001b', '4028d881436d514601436d5214b30002', null);
INSERT INTO `t_s_function` VALUES ('4028d881436d514601436d521552002e', null, '1', '一对多模型', '4', 'jeecgOrderMainController.do?jeecgOrderMain', '4028d881436d514601436d52150d001b', '4028d881436d514601436d5214b30002', null);
INSERT INTO `t_s_function` VALUES ('4028d881436d514601436d521557002f', null, '1', 'Excel导入导出', '5', 'courseController.do?course', '4028d881436d514601436d52150d001b', '4028d881436d514601436d5214b30002', null);
INSERT INTO `t_s_function` VALUES ('4028d881436d514601436d52155a0030', null, '1', '上传下载', '6', 'commonController.do?listTurn&turn=system/document/filesList', '4028d881436d514601436d52150d001b', '4028d881436d514601436d5214b30002', null);
INSERT INTO `t_s_function` VALUES ('4028d881436d514601436d52155f0031', null, '1', '无分页列表', '7', 'userNoPageController.do?user', '4028d881436d514601436d52150d001b', '4028d881436d514601436d5214b30002', null);
INSERT INTO `t_s_function` VALUES ('4028d881436d514601436d5215640032', null, '1', 'jdbc示例', '8', 'jeecgJdbcController.do?jeecgJdbc', '4028d881436d514601436d52150d001b', '4028d881436d514601436d5214b30002', null);
INSERT INTO `t_s_function` VALUES ('4028d881436d514601436d5215670033', null, '1', 'SQL分离', '9', 'jeecgJdbcController.do?dictParameter', '4028d881436d514601436d52150d001b', '4028d881436d514601436d5214b30002', null);
INSERT INTO `t_s_function` VALUES ('4028d881436d514601436d52156b0034', null, '1', '字典标签', '10', 'demoController.do?dictSelect', '4028d881436d514601436d52150d001b', '4028d881436d514601436d5214b30002', null);
INSERT INTO `t_s_function` VALUES ('4028d881436d514601436d52156f0035', null, '1', '表单弹出风格', '11', 'demoController.do?demoList', '4028d881436d514601436d52150d001b', '4028d881436d514601436d5214b30002', null);
INSERT INTO `t_s_function` VALUES ('4028d881436d514601436d5215730036', null, '1', '特殊布局', '12', 'demoController.do?demoIframe', '4028d881436d514601436d52150d001b', '4028d881436d514601436d5214b30002', null);
INSERT INTO `t_s_function` VALUES ('4028d881436d514601436d5215770037', null, '1', '单表例子(无Tag)', '13', 'jeecgEasyUIController.do?jeecgEasyUI', '4028d881436d514601436d52150d001b', '4028d881436d514601436d5214b30002', null);
INSERT INTO `t_s_function` VALUES ('4028d881436d514601436d52157a0038', null, '1', '一对多例子(无Tag)', '14', 'jeecgOrderMainNoTagController.do?jeecgOrderMainNoTag', '4028d881436d514601436d52150d001b', '4028d881436d514601436d5214b30002', null);
INSERT INTO `t_s_function` VALUES ('4028d881436d514601436d52157e0039', null, '1', 'HTML编辑器', '15', 'jeecgDemoController.do?ckeditor&isIframe', '4028d881436d514601436d52150d001b', '4028d881436d514601436d5214b30002', null);
INSERT INTO `t_s_function` VALUES ('4028d881436d514601436d521581003a', null, '1', '在线word(IE)', '16', 'webOfficeController.do?webOffice', '4028d881436d514601436d52150d001b', '4028d881436d514601436d5214b30002', null);
INSERT INTO `t_s_function` VALUES ('4028d881436d514601436d521584003b', null, '1', 'WebOffice官方例子', '17', 'webOfficeController.do?webOfficeSample&isIframe', '4028d881436d514601436d52150d001b', '4028d881436d514601436d5214b30002', null);
INSERT INTO `t_s_function` VALUES ('4028d881436d514601436d521587003c', null, '1', '多附件管理', '18', 'tFinanceController.do?tFinance', '4028d881436d514601436d52150d001b', '4028d881436d514601436d5214b30002', null);
INSERT INTO `t_s_function` VALUES ('4028d881436d514601436d52158a003d', null, '1', 'Datagrid手工Html', '19', 'userController.do?userDemo', '4028d881436d514601436d52150d001b', '4028d881436d514601436d5214b30002', null);
INSERT INTO `t_s_function` VALUES ('4028d881436d514601436d52158f003e', null, '1', '物料Bom', '20', 'jeecgMatterBomController.do?goList', '4028d881436d514601436d52150d001b', '4028d881436d514601436d5214b30002', null);
INSERT INTO `t_s_function` VALUES ('4028d881436d514601436d521593003f', null, '1', '报表示例', '21', 'reportDemoController.do?studentStatisticTabs&isIframe', '4028d881436d514601436d52150b001a', '4028d881436d514601436d5214b10001', null);
INSERT INTO `t_s_function` VALUES ('4028d881436d514601436d5215990040', null, '1', 'ckfinder例子', '100', 'jeecgDemoCkfinderController.do?jeecgDemoCkfinder', '4028d881436d514601436d52150d001b', '4028d881436d514601436d5214b30002', null);
INSERT INTO `t_s_function` VALUES ('4028d881436d514601436d52c2fb0181', null, '0', '基础设置', '01', '', null, '4028d881436d514601436d5214b30002', null);
INSERT INTO `t_s_function` VALUES ('4028d881436d514601436d539c530183', null, '0', '菜单管理', '02', '', null, '4028d881436d514601436d5214b30002', null);
INSERT INTO `t_s_function` VALUES ('4028d881436d514601436d53fee50187', null, '0', '发送消息', '04', '', null, '4028d881436d514601436d5214b30002', null);
INSERT INTO `t_s_function` VALUES ('4028d881436d514601436d5449330189', null, '0', '微活动', '05', '', null, '4028d881436d514601436d5214b30002', null);
INSERT INTO `t_s_function` VALUES ('4028d881436d514601436d5485af018b', null, '0', '会员管理', '06', '', null, '4028d881436d514601436d5214b30002', null);
INSERT INTO `t_s_function` VALUES ('4028d881436d514601436d54b1bf018d', null, '0', '统计分析', '07', '', null, '4028d881436d514601436d5214b30002', null);
INSERT INTO `t_s_function` VALUES ('4028d881436d514601436d54e0ba018f', null, '0', '账号管理', '08', '', null, '4028d881436d514601436d5214b30002', null);
INSERT INTO `t_s_function` VALUES ('4028d881436d514601436d5618400191', null, '1', '关注欢迎语', '01', 'subscribeController.do?list', '4028d881436d514601436d52c2fb0181', '4028d881436d514601436d5214b30002', null);
INSERT INTO `t_s_function` VALUES ('4028d881436d514601436d56555e0193', null, '1', '未识别回复语', '02', '', '4028d881436d514601436d52c2fb0181', '4028d881436d514601436d5214b30002', null);
INSERT INTO `t_s_function` VALUES ('4028d881436d514601436d5884be019d', null, '1', '自定义菜单', '02', 'menuManagerController.do?list', '4028d881436d514601436d539c530183', '4028d881436d514601436d5214b30002', null);
INSERT INTO `t_s_function` VALUES ('4028d881436d514601436d58ff5e01a1', null, '1', '群发消息', '01', '', '4028d881436d514601436d53fee50187', '4028d881436d514601436d5214b30002', null);
INSERT INTO `t_s_function` VALUES ('4028d881436d514601436d592bef01a3', null, '1', '单发消息', '02', '', '4028d881436d514601436d53fee50187', '4028d881436d514601436d5214b30002', null);
INSERT INTO `t_s_function` VALUES ('4028d881436d514601436d59984601a5', null, '1', '微大转盘', '01', 'huodongController.do?list&type=2', '4028d881436d514601436d5449330189', '4028d881436d514601436d5214b30002', null);
INSERT INTO `t_s_function` VALUES ('4028d881436d514601436d59d6d901a7', null, '1', '微信刮刮乐', '02', 'huodongController.do?list&type=1', '4028d881436d514601436d5449330189', '4028d881436d514601436d5214b30002', null);
INSERT INTO `t_s_function` VALUES ('4028d881436d514601436d5a18e601a9', null, '1', '数据统计', '01', '', '4028d881436d514601436d54b1bf018d', '4028d881436d514601436d5214b30002', null);
INSERT INTO `t_s_function` VALUES ('4028d881436d514601436d5a5c2401ab', null, '1', '用户概况', '01', '', '4028d881436d514601436d5485af018b', '4028d881436d514601436d5214b30002', null);
INSERT INTO `t_s_function` VALUES ('4028d881436d514601436d5a86d601ad', null, '1', '用户分组', '02', '', '4028d881436d514601436d5485af018b', '4028d881436d514601436d5214b30002', null);
INSERT INTO `t_s_function` VALUES ('4028d881436d514601436d5abfe401af', null, '1', '会话记录', '03', '', '4028d881436d514601436d5485af018b', '4028d881436d514601436d5214b30002', null);
INSERT INTO `t_s_function` VALUES ('4028d881436d514601436d5af95501b1', null, '1', '公众帐号管理', '01', 'weixinAccountController.do?weixinAccount', '4028d881436d514601436d54e0ba018f', '4028d881436d514601436d5214b30002', null);
INSERT INTO `t_s_function` VALUES ('4028d881436d514601436d5b3b7001b3', null, '1', '企业资料', '02', '', '4028d881436d514601436d54e0ba018f', '4028d881436d514601436d5214b30002', null);

-- ----------------------------
-- Table structure for `t_s_icon`
-- ----------------------------
DROP TABLE IF EXISTS `t_s_icon`;
CREATE TABLE `t_s_icon` (
  `ID` varchar(32) NOT NULL,
  `extend` varchar(255) default NULL,
  `iconclas` varchar(200) default NULL,
  `content` blob,
  `name` varchar(100) NOT NULL,
  `path` longtext,
  `type` smallint(6) default NULL,
  PRIMARY KEY  (`ID`)
) ENGINE=InnoDB DEFAULT CHARSET=utf8;

-- ----------------------------
-- Records of t_s_icon
-- ----------------------------
INSERT INTO `t_s_icon` VALUES ('4028d881436d514601436d5214650000', 'png', 'back', null, '返回', 'plug-in/accordion/images/back.png', '1');
INSERT INTO `t_s_icon` VALUES ('4028d881436d514601436d5214b10001', 'png', 'pie', null, '饼图', 'plug-in/accordion/images/pie.png', '1');
INSERT INTO `t_s_icon` VALUES ('4028d881436d514601436d5214b30002', 'png', 'pictures', null, '图片', 'plug-in/accordion/images/pictures.png', '1');
INSERT INTO `t_s_icon` VALUES ('4028d881436d514601436d5214b40003', 'png', 'pencil', null, '笔', 'plug-in/accordion/images/pencil.png', '1');
INSERT INTO `t_s_icon` VALUES ('4028d881436d514601436d5214b50004', 'png', 'map', null, '地图', 'plug-in/accordion/images/map.png', '1');
INSERT INTO `t_s_icon` VALUES ('4028d881436d514601436d5214b80005', 'png', 'group_add', null, '组', 'plug-in/accordion/images/group_add.png', '1');
INSERT INTO `t_s_icon` VALUES ('4028d881436d514601436d5214b90006', 'png', 'calculator', null, '计算器', 'plug-in/accordion/images/calculator.png', '1');
INSERT INTO `t_s_icon` VALUES ('4028d881436d514601436d5214ba0007', 'png', 'folder', null, '文件夹', 'plug-in/accordion/images/folder.png', '1');

-- ----------------------------
-- Table structure for `t_s_log`
-- ----------------------------
DROP TABLE IF EXISTS `t_s_log`;
CREATE TABLE `t_s_log` (
  `ID` varchar(32) NOT NULL,
  `broswer` varchar(100) default NULL,
  `logcontent` longtext NOT NULL,
  `loglevel` smallint(6) default NULL,
  `note` longtext,
  `operatetime` datetime NOT NULL,
  `operatetype` smallint(6) default NULL,
  `userid` varchar(32) default NULL,
  PRIMARY KEY  (`ID`),
  KEY `FK_oe64k4852uylhyc5a00rfwtay` (`userid`),
  CONSTRAINT `FK_oe64k4852uylhyc5a00rfwtay` FOREIGN KEY (`userid`) REFERENCES `t_s_user` (`id`)
) ENGINE=InnoDB DEFAULT CHARSET=utf8;

-- ----------------------------
-- Records of t_s_log
-- ----------------------------
INSERT INTO `t_s_log` VALUES ('297e7eb6469a4a8901469a4b008b0000', 'Chrome', '用户: admin[信息部]登录成功', '1', '169.254.254.54', '2014-06-14 20:12:25', '1', '4028d881436d514601436d5215ac0043');
INSERT INTO `t_s_log` VALUES ('297e7eb6469a4a8901469a4b9c400001', 'Chrome', '权限: 微大转盘被更新成功', '5', '169.254.254.54', '2014-06-14 20:13:04', '1', '4028d881436d514601436d5215ac0043');
INSERT INTO `t_s_log` VALUES ('297e7eb6469a4a8901469a4c0c810002', 'Chrome', '权限: 微信刮刮乐被更新成功', '5', '169.254.254.54', '2014-06-14 20:13:33', '1', '4028d881436d514601436d5215ac0043');
INSERT INTO `t_s_log` VALUES ('297e7eb6469a4a8901469a4c1d6a0003', 'Chrome', '用户admin已退出', '2', '169.254.254.54', '2014-06-14 20:13:38', '1', '4028d881436d514601436d5215ac0043');
INSERT INTO `t_s_log` VALUES ('297e7eb6469a4a8901469a4c6e2f0004', 'Chrome', '用户: admin[信息部]登录成功', '1', '169.254.254.54', '2014-06-14 20:13:58', '1', '4028d881436d514601436d5215ac0043');
INSERT INTO `t_s_log` VALUES ('297e7eb6469a4a8901469a4ebff20005', 'Chrome', '权限: 广告管理被更新成功', '5', '169.254.254.54', '2014-06-14 20:16:30', '1', '4028d881436d514601436d5215ac0043');
INSERT INTO `t_s_log` VALUES ('297e7eb6469a4a8901469a54f0740007', 'Chrome', '权限: 信息管理被添加成功', '3', '169.254.254.54', '2014-06-14 20:23:16', '1', '4028d881436d514601436d5215ac0043');
INSERT INTO `t_s_log` VALUES ('297e7eb6469a4a8901469a5596b80009', 'Chrome', '用户admin已退出', '2', '169.254.254.54', '2014-06-14 20:23:58', '1', '4028d881436d514601436d5215ac0043');
INSERT INTO `t_s_log` VALUES ('297e7eb6469a4a8901469a55a8fa000a', 'Chrome', '用户: admin[信息部]登录成功', '1', '169.254.254.54', '2014-06-14 20:24:03', '1', '4028d881436d514601436d5215ac0043');
INSERT INTO `t_s_log` VALUES ('297e7eb6469a4a8901469a562832000b', 'Chrome', '用户admin已退出', '2', '169.254.254.54', '2014-06-14 20:24:36', '1', '4028d881436d514601436d5215ac0043');
INSERT INTO `t_s_log` VALUES ('297e7eb6469a4a8901469a59947b000c', 'Chrome', '用户: admin[信息部]登录成功', '1', '169.254.254.54', '2014-06-14 20:28:20', '1', '4028d881436d514601436d5215ac0043');
INSERT INTO `t_s_log` VALUES ('297e7eb6469a4a8901469a5e5939000f', 'Chrome', '信息添加成功', '3', '169.254.254.54', '2014-06-14 20:33:32', '1', '4028d881436d514601436d5215ac0043');
INSERT INTO `t_s_log` VALUES ('297e7eb6469a4a8901469a5ef9c80012', 'Chrome', '信息添加成功', '3', '169.254.254.54', '2014-06-14 20:34:14', '1', '4028d881436d514601436d5215ac0043');
INSERT INTO `t_s_log` VALUES ('297e7eb6469a5fcc01469a60c51e0001', 'Chrome', '用户: admin[信息部]登录成功', '1', '169.254.254.54', '2014-06-14 20:36:11', '1', '4028d881436d514601436d5215ac0043');
INSERT INTO `t_s_log` VALUES ('297e7eb6469a5fcc01469a6229a40002', 'Chrome', '用户: admin[信息部]登录成功', '1', '169.254.254.54', '2014-06-14 20:37:42', '1', '4028d881436d514601436d5215ac0043');
INSERT INTO `t_s_log` VALUES ('297e7eb6469a728901469a7315830000', 'Chrome', '用户: admin[信息部]登录成功', '1', '169.254.254.54', '2014-06-14 20:56:11', '1', '4028d881436d514601436d5215ac0043');
INSERT INTO `t_s_log` VALUES ('297e7eb6469a9a0f01469a9a79210000', 'Chrome', '用户: admin[信息部]登录成功', '1', '169.254.254.54', '2014-06-14 21:39:13', '1', '4028d881436d514601436d5215ac0043');
INSERT INTO `t_s_log` VALUES ('297e7eb6469a9a0f01469a9b5fe10002', 'Chrome', '信息更新成功', '5', '169.254.254.54', '2014-06-14 21:40:12', '1', '4028d881436d514601436d5215ac0043');
INSERT INTO `t_s_log` VALUES ('297e7eb6469a9a0f01469a9bcd080004', 'Chrome', '信息更新成功', '5', '169.254.254.54', '2014-06-14 21:40:40', '1', '4028d881436d514601436d5215ac0043');
INSERT INTO `t_s_log` VALUES ('297e7eb6469ad01a01469ad0915d0000', 'Chrome', '用户: admin[信息部]登录成功', '1', '169.254.254.54', '2014-06-14 22:38:18', '1', '4028d881436d514601436d5215ac0043');
INSERT INTO `t_s_log` VALUES ('402880a945fef8250145fefbd4c20000', 'MSIE 7.0', '用户: admin[信息部]登录成功', '1', '192.168.0.41', '2014-05-15 16:24:48', '1', '4028d881436d514601436d5215ac0043');
INSERT INTO `t_s_log` VALUES ('402880a945ff058c0145ff05c6fd0000', 'MSIE 7.0', '用户: admin[信息部]登录成功', '1', '192.168.0.41', '2014-05-15 16:35:39', '1', '4028d881436d514601436d5215ac0043');
INSERT INTO `t_s_log` VALUES ('402880a945ff058c0145ff08ca8b0001', 'Chrome', '用户: admin[信息部]登录成功', '1', '192.168.0.41', '2014-05-15 16:38:57', '1', '4028d881436d514601436d5215ac0043');
INSERT INTO `t_s_log` VALUES ('402880a945ff058c0145ff0b9bea0002', 'MSIE 9.0', '用户: admin[信息部]登录成功', '1', '192.168.0.41', '2014-05-15 16:42:02', '1', '4028d881436d514601436d5215ac0043');
INSERT INTO `t_s_log` VALUES ('402880eb44ce3b0f0144ce684ba30000', 'Chrome', '用户: admin[信息部]登录成功', '1', '192.168.0.107', '2014-03-17 12:59:05', '1', '4028d881436d514601436d5215ac0043');
INSERT INTO `t_s_log` VALUES ('402880f3459d14a101459d19f3710000', 'Chrome', '用户: admin[信息部]登录成功', '1', '192.168.0.115', '2014-04-26 16:14:54', '1', '4028d881436d514601436d5215ac0043');
INSERT INTO `t_s_log` VALUES ('402880f3459d14a101459d1b7a360001', 'Chrome', '用户admin已退出', '2', '192.168.0.115', '2014-04-26 16:16:34', '1', '4028d881436d514601436d5215ac0043');
INSERT INTO `t_s_log` VALUES ('402880f3459d14a101459d1ba61c0002', 'Chrome', '用户: admin[信息部]登录成功', '1', '192.168.0.115', '2014-04-26 16:16:46', '1', '4028d881436d514601436d5215ac0043');
INSERT INTO `t_s_log` VALUES ('402880f3459d14a101459d1c5b250003', 'Chrome', '用户admin已退出', '2', '192.168.0.115', '2014-04-26 16:17:32', '1', '4028d881436d514601436d5215ac0043');
INSERT INTO `t_s_log` VALUES ('402880f3459d14a101459d25a4ef0004', 'Chrome', '用户: admin[信息部]登录成功', '1', '192.168.0.115', '2014-04-26 16:27:41', '1', '4028d881436d514601436d5215ac0043');
INSERT INTO `t_s_log` VALUES ('402880f3459d14a101459d26ce2c0005', 'Chrome', '用户admin已退出', '2', '192.168.0.115', '2014-04-26 16:28:57', '1', '4028d881436d514601436d5215ac0043');
INSERT INTO `t_s_log` VALUES ('402880f3459d14a101459d26e6870006', 'Chrome', '用户: admin[信息部]登录成功', '1', '192.168.0.115', '2014-04-26 16:29:03', '1', '4028d881436d514601436d5215ac0043');
INSERT INTO `t_s_log` VALUES ('402880f3459d14a101459d2dae670007', 'Chrome', '用户: admin[信息部]登录成功', '1', '192.168.0.115', '2014-04-26 16:36:27', '1', '4028d881436d514601436d5215ac0043');
INSERT INTO `t_s_log` VALUES ('402881e445a3b2fe0145a3b45ede0000', 'Chrome', '用户: admin[信息部]登录成功', '1', '192.168.1.100', '2014-04-27 23:01:18', '1', '4028d881436d514601436d5215ac0043');
INSERT INTO `t_s_log` VALUES ('402881e4461f927c01461f9361480000', 'Chrome', '用户: admin[信息部]登录成功', '1', '192.168.1.100', '2014-05-22 00:18:10', '1', '4028d881436d514601436d5215ac0043');
INSERT INTO `t_s_log` VALUES ('402881e4461f927c01461f94a26d0001', 'Chrome', '用户admin已退出', '2', '192.168.1.100', '2014-05-22 00:19:33', '1', '4028d881436d514601436d5215ac0043');
INSERT INTO `t_s_log` VALUES ('402881e4461f927c01461f94b44b0002', 'Chrome', '用户: admin[信息部]登录成功', '1', '192.168.1.100', '2014-05-22 00:19:37', '1', '4028d881436d514601436d5215ac0043');
INSERT INTO `t_s_log` VALUES ('402881e4461f9c6401461f9cc0830000', 'Chrome', '用户: admin[信息部]登录成功', '1', '192.168.1.100', '2014-05-22 00:28:25', '1', '4028d881436d514601436d5215ac0043');
INSERT INTO `t_s_log` VALUES ('402881e4461f9c6401461fa2e79f0004', 'Chrome', '用户: tingfeng添加成功', '3', '192.168.1.100', '2014-05-22 00:35:08', '1', '4028d881436d514601436d5215ac0043');
INSERT INTO `t_s_log` VALUES ('402881e4461f9c6401461fa2f9910005', 'Chrome', '用户admin已退出', '2', '192.168.1.100', '2014-05-22 00:35:12', '1', '4028d881436d514601436d5215ac0043');
INSERT INTO `t_s_log` VALUES ('402881e4461f9c6401461fa31a820006', 'Chrome', '用户: tingfeng[信息部]登录成功', '1', '192.168.1.100', '2014-05-22 00:35:21', '1', '402881e4461f9c6401461fa2e6f50002');
INSERT INTO `t_s_log` VALUES ('402881e4461f9c6401461fa349030007', 'Chrome', '用户tingfeng已退出', '2', '192.168.1.100', '2014-05-22 00:35:33', '1', '402881e4461f9c6401461fa2e6f50002');
INSERT INTO `t_s_log` VALUES ('402881e4461f9c6401461fa35a540008', 'Chrome', '用户: admin[信息部]登录成功', '1', '192.168.1.100', '2014-05-22 00:35:37', '1', '4028d881436d514601436d5215ac0043');
INSERT INTO `t_s_log` VALUES ('402881e4461f9c6401461fa395a4000a', 'Chrome', '用户: tingfeng更新成功', '5', '192.168.1.100', '2014-05-22 00:35:52', '1', '4028d881436d514601436d5215ac0043');
INSERT INTO `t_s_log` VALUES ('402881e4461f9c6401461fa3a099000b', 'Chrome', '用户admin已退出', '2', '192.168.1.100', '2014-05-22 00:35:55', '1', '4028d881436d514601436d5215ac0043');
INSERT INTO `t_s_log` VALUES ('402881e4461f9c6401461fa3bc08000c', 'Chrome', '用户: tingfeng[信息部]登录成功', '1', '192.168.1.100', '2014-05-22 00:36:02', '1', '402881e4461f9c6401461fa2e6f50002');
INSERT INTO `t_s_log` VALUES ('402881e44639441901463944c01a0000', 'Chrome', '用户: admin[信息部]登录成功', '1', '192.168.1.100', '2014-05-27 00:02:25', '1', '4028d881436d514601436d5215ac0043');
INSERT INTO `t_s_log` VALUES ('402881e4463cc88701463cc95b6a0000', 'Chrome', '用户: admin[信息部]登录成功', '1', '192.168.1.100', '2014-05-27 16:26:07', '1', '4028d881436d514601436d5215ac0043');
INSERT INTO `t_s_log` VALUES ('402881e4463cc88701463ccf1d2d0003', 'Chrome', '微信单图消息添加成功', '3', '192.168.1.100', '2014-05-27 16:32:24', '1', '4028d881436d514601436d5215ac0043');
INSERT INTO `t_s_log` VALUES ('402881e44643207c014643224c250000', 'Chrome', '用户: admin[信息部]登录成功', '1', '192.168.1.100', '2014-05-28 22:00:59', '1', '4028d881436d514601436d5215ac0043');
INSERT INTO `t_s_log` VALUES ('402881e44643207c01464322e2000001', 'Chrome', '用户admin已退出', '2', '192.168.1.100', '2014-05-28 22:01:38', '1', '4028d881436d514601436d5215ac0043');
INSERT INTO `t_s_log` VALUES ('402881e44643207c0146432330d80002', 'Chrome', '用户: admin[信息部]登录成功', '1', '192.168.1.100', '2014-05-28 22:01:58', '1', '4028d881436d514601436d5215ac0043');
INSERT INTO `t_s_log` VALUES ('402881e44643207c0146432382b10003', 'Chrome', '用户admin已退出', '2', '192.168.1.100', '2014-05-28 22:02:19', '1', '4028d881436d514601436d5215ac0043');
INSERT INTO `t_s_log` VALUES ('402881e44643207c0146432399a60004', 'Chrome', '用户: tingfeng[信息部]登录成功', '1', '192.168.1.100', '2014-05-28 22:02:25', '1', '402881e4461f9c6401461fa2e6f50002');
INSERT INTO `t_s_log` VALUES ('402881e44643207c014643293b310005', 'Chrome', '用户tingfeng已退出', '2', '192.168.1.100', '2014-05-28 22:08:34', '1', '402881e4461f9c6401461fa2e6f50002');
INSERT INTO `t_s_log` VALUES ('402881e44643207c0146432950350006', 'Chrome', '用户: admin[信息部]登录成功', '1', '192.168.1.100', '2014-05-28 22:08:39', '1', '4028d881436d514601436d5215ac0043');
INSERT INTO `t_s_log` VALUES ('402881e44643207c014643328d3b0008', 'Chrome', '用户admin已退出', '2', '192.168.1.100', '2014-05-28 22:18:44', '1', '4028d881436d514601436d5215ac0043');
INSERT INTO `t_s_log` VALUES ('402881e44643207c01464332a3e90009', 'Chrome', '用户: tingfeng[信息部]登录成功', '1', '192.168.1.100', '2014-05-28 22:18:50', '1', '402881e4461f9c6401461fa2e6f50002');
INSERT INTO `t_s_log` VALUES ('402881e44643207c01464333f86e000e', 'Chrome', '微信单图消息添加成功', '3', '192.168.1.100', '2014-05-28 22:20:17', '1', '402881e4461f9c6401461fa2e6f50002');
INSERT INTO `t_s_log` VALUES ('402881e44643207c0146435b9f6c0011', 'Chrome', '微信公众帐号信息添加成功', '3', '192.168.1.100', '2014-05-28 23:03:36', '1', '402881e4461f9c6401461fa2e6f50002');
INSERT INTO `t_s_log` VALUES ('402881e44643207c0146436e5e770013', 'Chrome', '用户tingfeng已退出', '2', '192.168.1.100', '2014-05-28 23:24:05', '1', '402881e4461f9c6401461fa2e6f50002');
INSERT INTO `t_s_log` VALUES ('402881e44643207c01464373c3b60014', 'Chrome', '用户: tingfeng[信息部]登录成功', '1', '192.168.1.100', '2014-05-28 23:29:58', '1', '402881e4461f9c6401461fa2e6f50002');
INSERT INTO `t_s_log` VALUES ('402881e44643813501464381e9700000', 'Chrome', '用户: admin[信息部]登录成功', '1', '192.168.1.100', '2014-05-28 23:45:25', '1', '4028d881436d514601436d5215ac0043');
INSERT INTO `t_s_log` VALUES ('402881e44643813501464386a7090004', 'Chrome', '微信单图消息添加成功', '3', '192.168.1.100', '2014-05-28 23:50:36', '1', '4028d881436d514601436d5215ac0043');
INSERT INTO `t_s_log` VALUES ('402881e44643813501464388b4950008', 'Chrome', '用户admin已退出', '2', '192.168.1.100', '2014-05-28 23:52:51', '1', '4028d881436d514601436d5215ac0043');
INSERT INTO `t_s_log` VALUES ('402881e44643813501464388d43a0009', 'Chrome', '用户: tingfeng[信息部]登录成功', '1', '192.168.1.100', '2014-05-28 23:52:59', '1', '402881e4461f9c6401461fa2e6f50002');
INSERT INTO `t_s_log` VALUES ('402881e44643813501464389b876000d', 'Chrome', '微信单图消息添加成功', '3', '192.168.1.100', '2014-05-28 23:53:57', '1', '402881e4461f9c6401461fa2e6f50002');
INSERT INTO `t_s_log` VALUES ('402881e44643a1cd014643a3c2d80001', 'Chrome', '用户: tingfeng[信息部]登录成功', '1', '192.168.1.100', '2014-05-29 00:22:24', '1', '402881e4461f9c6401461fa2e6f50002');
INSERT INTO `t_s_log` VALUES ('402881e44643a1cd014643a536680005', 'Chrome', '微信单图消息添加成功', '3', '192.168.1.100', '2014-05-29 00:23:59', '1', '402881e4461f9c6401461fa2e6f50002');
INSERT INTO `t_s_log` VALUES ('402881e44643a1cd014643a579b20008', 'Chrome', '微信单图消息添加成功', '3', '192.168.1.100', '2014-05-29 00:24:16', '1', '402881e4461f9c6401461fa2e6f50002');
INSERT INTO `t_s_log` VALUES ('402881e44648134a014648146e7b0000', 'Chrome', '用户: admin[信息部]登录成功', '1', '192.168.1.100', '2014-05-29 21:03:57', '1', '4028d881436d514601436d5215ac0043');
INSERT INTO `t_s_log` VALUES ('402881e44648134a014648163ab80002', 'Chrome', '角色: 测试角色被添加成功', '3', '192.168.1.100', '2014-05-29 21:05:54', '1', '4028d881436d514601436d5215ac0043');
INSERT INTO `t_s_log` VALUES ('402881e44648134a0146481669b90003', 'Chrome', '角色: 测试角色被更新成功', '5', '192.168.1.100', '2014-05-29 21:06:06', '1', '4028d881436d514601436d5215ac0043');
INSERT INTO `t_s_log` VALUES ('402881e44648134a014648174aeb000e', 'Chrome', '用户: ceshi添加成功', '3', '192.168.1.100', '2014-05-29 21:07:04', '1', '4028d881436d514601436d5215ac0043');
INSERT INTO `t_s_log` VALUES ('402881e44648134a0146481772be000f', 'Chrome', '用户admin已退出', '2', '192.168.1.100', '2014-05-29 21:07:14', '1', '4028d881436d514601436d5215ac0043');
INSERT INTO `t_s_log` VALUES ('402881e44648134a0146481791ac0010', 'Chrome', '用户: ceshi[信息部]登录成功', '1', '192.168.1.100', '2014-05-29 21:07:22', '1', '402881e44648134a014648174a45000c');
INSERT INTO `t_s_log` VALUES ('402881e44648134a01464817e7da0011', 'Chrome', '用户ceshi已退出', '2', '192.168.1.100', '2014-05-29 21:07:44', '1', '402881e44648134a014648174a45000c');
INSERT INTO `t_s_log` VALUES ('402881e44648134a01464817fd8a0012', 'Chrome', '用户: admin[信息部]登录成功', '1', '192.168.1.100', '2014-05-29 21:07:50', '1', '4028d881436d514601436d5215ac0043');
INSERT INTO `t_s_log` VALUES ('402881e44648134a01464818dfee0029', 'Chrome', '用户admin已退出', '2', '192.168.1.100', '2014-05-29 21:08:48', '1', '4028d881436d514601436d5215ac0043');
INSERT INTO `t_s_log` VALUES ('402881e44648134a01464818f9bd002a', 'Chrome', '用户: ceshi[信息部]登录成功', '1', '192.168.1.100', '2014-05-29 21:08:54', '1', '402881e44648134a014648174a45000c');
INSERT INTO `t_s_log` VALUES ('402881e44648134a014648193f99002b', 'Chrome', '用户ceshi已退出', '2', '192.168.1.100', '2014-05-29 21:09:12', '1', '402881e44648134a014648174a45000c');
INSERT INTO `t_s_log` VALUES ('402881e44648134a01464819557f002c', 'Chrome', '用户: admin[信息部]登录成功', '1', '192.168.1.100', '2014-05-29 21:09:18', '1', '4028d881436d514601436d5215ac0043');
INSERT INTO `t_s_log` VALUES ('402881e44648134a01464819f229002d', 'Chrome', '用户admin已退出', '2', '192.168.1.100', '2014-05-29 21:09:58', '1', '4028d881436d514601436d5215ac0043');
INSERT INTO `t_s_log` VALUES ('402881e44648134a0146481a78d3002e', 'Chrome', '用户: ceshi[信息部]登录成功', '1', '192.168.1.100', '2014-05-29 21:10:32', '1', '402881e44648134a014648174a45000c');
INSERT INTO `t_s_log` VALUES ('402881e44648134a0146481ad284002f', 'Chrome', '用户ceshi已退出', '2', '192.168.1.100', '2014-05-29 21:10:55', '1', '402881e44648134a014648174a45000c');
INSERT INTO `t_s_log` VALUES ('402881e44648134a0146481aed9e0030', 'Chrome', '用户: admin[信息部]登录成功', '1', '192.168.1.100', '2014-05-29 21:11:02', '1', '4028d881436d514601436d5215ac0043');
INSERT INTO `t_s_log` VALUES ('402881e44648134a0146481d4a370047', 'Chrome', '用户admin已退出', '2', '192.168.1.100', '2014-05-29 21:13:37', '1', '4028d881436d514601436d5215ac0043');
INSERT INTO `t_s_log` VALUES ('402881e44648134a0146481d5d860048', 'Chrome', '用户: admin[信息部]登录成功', '1', '192.168.1.100', '2014-05-29 21:13:42', '1', '4028d881436d514601436d5215ac0043');
INSERT INTO `t_s_log` VALUES ('402881e44648134a014648209402004a', 'Chrome', '操作: 新增被添加成功', '3', '192.168.1.100', '2014-05-29 21:17:13', '1', '4028d881436d514601436d5215ac0043');
INSERT INTO `t_s_log` VALUES ('402881e44648134a0146482152fc004c', 'Chrome', '操作: 编辑被添加成功', '3', '192.168.1.100', '2014-05-29 21:18:01', '1', '4028d881436d514601436d5215ac0043');
INSERT INTO `t_s_log` VALUES ('402881e44648134a01464821b64b004d', 'Chrome', '用户admin已退出', '2', '192.168.1.100', '2014-05-29 21:18:27', '1', '4028d881436d514601436d5215ac0043');
INSERT INTO `t_s_log` VALUES ('402881e44648134a01464821ea56004e', 'Chrome', '用户: ceshi[信息部]登录成功', '1', '192.168.1.100', '2014-05-29 21:18:40', '1', '402881e44648134a014648174a45000c');
INSERT INTO `t_s_log` VALUES ('402881e44648134a0146482288a6004f', 'Chrome', '用户ceshi已退出', '2', '192.168.1.100', '2014-05-29 21:19:21', '1', '402881e44648134a014648174a45000c');
INSERT INTO `t_s_log` VALUES ('402881e44648134a014648229acc0050', 'Chrome', '用户: admin[信息部]登录成功', '1', '192.168.1.100', '2014-05-29 21:19:25', '1', '4028d881436d514601436d5215ac0043');
INSERT INTO `t_s_log` VALUES ('402881e44648134a014648254cbb0051', 'Firefox', '用户: ceshi[信息部]登录成功', '1', '192.168.1.100', '2014-05-29 21:22:22', '1', '402881e44648134a014648174a45000c');
INSERT INTO `t_s_log` VALUES ('402881e44648134a01464827a5de0052', 'Chrome', '用户admin已退出', '2', '192.168.1.100', '2014-05-29 21:24:56', '1', '4028d881436d514601436d5215ac0043');
INSERT INTO `t_s_log` VALUES ('402881e44648134a0146482c4e0f0053', 'Chrome', '用户: admin[信息部]登录成功', '1', '192.168.1.100', '2014-05-29 21:30:01', '1', '4028d881436d514601436d5215ac0043');
INSERT INTO `t_s_log` VALUES ('402881e44648134a0146482e24850054', 'Chrome', '用户admin已退出', '2', '192.168.1.100', '2014-05-29 21:32:02', '1', '4028d881436d514601436d5215ac0043');
INSERT INTO `t_s_log` VALUES ('402881e44648134a0146482e37b90055', 'Chrome', '用户: admin[信息部]登录成功', '1', '192.168.1.100', '2014-05-29 21:32:06', '1', '4028d881436d514601436d5215ac0043');
INSERT INTO `t_s_log` VALUES ('402881e44648134a0146483162bf0056', 'Chrome', '用户admin已退出', '2', '192.168.1.100', '2014-05-29 21:35:34', '1', '4028d881436d514601436d5215ac0043');
INSERT INTO `t_s_log` VALUES ('402881e44648134a0146483184de0057', 'Chrome', '用户: admin[信息部]登录成功', '1', '192.168.1.100', '2014-05-29 21:35:43', '1', '4028d881436d514601436d5215ac0043');
INSERT INTO `t_s_log` VALUES ('402881e4464d026901464d036aa40000', 'Chrome', '用户: admin[信息部]登录成功', '1', '192.168.1.100', '2014-05-30 20:03:28', '1', '4028d881436d514601436d5215ac0043');
INSERT INTO `t_s_log` VALUES ('402881e4464d026901464d05ab920002', 'Chrome', '添加1的信息成功！', '3', '192.168.1.100', '2014-05-30 20:05:55', '1', '4028d881436d514601436d5215ac0043');
INSERT INTO `t_s_log` VALUES ('402881e4464db22d01464db4a1870000', 'Chrome', '用户: admin[信息部]登录成功', '1', '192.168.1.100', '2014-05-30 23:17:01', '1', '4028d881436d514601436d5215ac0043');
INSERT INTO `t_s_log` VALUES ('402881e4464db22d01464db6ccfa0001', 'Chrome', '用户: admin[信息部]登录成功', '1', '192.168.1.100', '2014-05-30 23:19:24', '1', '4028d881436d514601436d5215ac0043');
INSERT INTO `t_s_log` VALUES ('402881e4464db22d01464db785860003', 'Chrome', '添加大转盘的信息成功！', '3', '192.168.1.100', '2014-05-30 23:20:11', '1', '4028d881436d514601436d5215ac0043');
INSERT INTO `t_s_log` VALUES ('402881e4464dd29901464dd5dd1a0000', 'Chrome', '用户: admin[信息部]登录成功', '1', '192.168.1.100', '2014-05-30 23:53:19', '1', '4028d881436d514601436d5215ac0043');
INSERT INTO `t_s_log` VALUES ('402881e4464ddec701464ddf57fd0000', 'Chrome', '用户: admin[信息部]登录成功', '1', '192.168.1.100', '2014-05-31 00:03:41', '1', '4028d881436d514601436d5215ac0043');
INSERT INTO `t_s_log` VALUES ('402881e4464de1b501464de86fc10000', 'Chrome', '用户: admin[信息部]登录成功', '1', '192.168.1.100', '2014-05-31 00:13:37', '1', '4028d881436d514601436d5215ac0043');
INSERT INTO `t_s_log` VALUES ('402881e4464de1b501464dedae2e0001', 'Chrome', '同步菜单信息数据成功！', '4', '192.168.1.100', '2014-05-31 00:19:20', '1', '4028d881436d514601436d5215ac0043');
INSERT INTO `t_s_log` VALUES ('402881e4464de1b501464defa1a40002', 'Chrome', '同步菜单信息数据成功！', '4', '192.168.1.100', '2014-05-31 00:21:28', '1', '4028d881436d514601436d5215ac0043');
INSERT INTO `t_s_log` VALUES ('402881e4464de1b501464df091cd0003', 'Chrome', '同步菜单信息数据成功！', '4', '192.168.1.100', '2014-05-31 00:22:30', '1', '4028d881436d514601436d5215ac0043');
INSERT INTO `t_s_log` VALUES ('402881e4464de1b501464df315720004', 'Chrome', '更新大转盘的菜单信息信息成功！', '5', '192.168.1.100', '2014-05-31 00:25:14', '1', '4028d881436d514601436d5215ac0043');
INSERT INTO `t_s_log` VALUES ('402881e4464df45f01464df500090000', 'Chrome', '用户: admin[信息部]登录成功', '1', '192.168.1.100', '2014-05-31 00:27:20', '1', '4028d881436d514601436d5215ac0043');
INSERT INTO `t_s_log` VALUES ('402881e4464df45f01464df5476e0001', 'Chrome', '删除大转盘菜单信息数据', '4', '192.168.1.100', '2014-05-31 00:27:38', '1', '4028d881436d514601436d5215ac0043');
INSERT INTO `t_s_log` VALUES ('402881e4464df45f01464df5cc4c0002', 'Chrome', '更新1的菜单信息信息成功！', '5', '192.168.1.100', '2014-05-31 00:28:12', '1', '4028d881436d514601436d5215ac0043');
INSERT INTO `t_s_log` VALUES ('402881e4464df45f01464df66e280003', 'Chrome', '同步菜单信息数据成功！', '4', '192.168.1.100', '2014-05-31 00:28:54', '1', '4028d881436d514601436d5215ac0043');
INSERT INTO `t_s_log` VALUES ('402881e4464df45f01464df707b20005', 'Chrome', '添加我的大转盘的信息成功！', '3', '192.168.1.100', '2014-05-31 00:29:33', '1', '4028d881436d514601436d5215ac0043');
INSERT INTO `t_s_log` VALUES ('402881e4464df45f01464df718220006', 'Chrome', '同步菜单信息数据成功！', '4', '192.168.1.100', '2014-05-31 00:29:37', '1', '4028d881436d514601436d5215ac0043');
INSERT INTO `t_s_log` VALUES ('402881e4464df45f01464df7525a0007', 'Chrome', '同步菜单信息数据成功！', '4', '192.168.1.100', '2014-05-31 00:29:52', '1', '4028d881436d514601436d5215ac0043');
INSERT INTO `t_s_log` VALUES ('402881e4464df45f01464df7931c0008', 'Chrome', '同步菜单信息数据成功！', '4', '192.168.1.100', '2014-05-31 00:30:09', '1', '4028d881436d514601436d5215ac0043');
INSERT INTO `t_s_log` VALUES ('402881e4464df45f01464df9087b0009', 'Chrome', '同步菜单信息数据成功！', '4', '192.168.1.100', '2014-05-31 00:31:44', '1', '4028d881436d514601436d5215ac0043');
INSERT INTO `t_s_log` VALUES ('402881e446672a080146672aa03a0000', 'Chrome', '用户: admin[信息部]登录成功', '1', '192.168.1.100', '2014-06-04 21:56:25', '1', '4028d881436d514601436d5215ac0043');
INSERT INTO `t_s_log` VALUES ('402881e446675fc801466761ea850000', 'Chrome', '用户: admin[信息部]登录成功', '1', '192.168.1.100', '2014-06-04 22:56:48', '1', '4028d881436d514601436d5215ac0043');
INSERT INTO `t_s_log` VALUES ('402881e446676a060146676b66c90000', 'Chrome', '用户: admin[信息部]登录成功', '1', '192.168.1.100', '2014-06-04 23:07:10', '1', '4028d881436d514601436d5215ac0043');
INSERT INTO `t_s_log` VALUES ('402881e446676a060146677088340006', 'Chrome', '创建成功', '3', '192.168.1.100', '2014-06-04 23:12:46', '1', '4028d881436d514601436d5215ac0043');
INSERT INTO `t_s_log` VALUES ('402881e446676a0601466775b94c0009', 'Chrome', '修改成功', '5', '192.168.1.100', '2014-06-04 23:18:26', '1', '4028d881436d514601436d5215ac0043');
INSERT INTO `t_s_log` VALUES ('402881e446677b700146677c3e140000', 'Chrome', '用户: admin[信息部]登录成功', '1', '192.168.1.100', '2014-06-04 23:25:34', '1', '4028d881436d514601436d5215ac0043');
INSERT INTO `t_s_log` VALUES ('402881e446677b700146677d7bc20002', 'Chrome', '权限: 扩展接口管理被添加成功', '3', '192.168.1.100', '2014-06-04 23:26:55', '1', '4028d881436d514601436d5215ac0043');
INSERT INTO `t_s_log` VALUES ('402881e446677b700146677d9e290003', 'Chrome', '用户admin已退出', '2', '192.168.1.100', '2014-06-04 23:27:04', '1', '4028d881436d514601436d5215ac0043');
INSERT INTO `t_s_log` VALUES ('402881e446677b700146677db0a00004', 'Chrome', '用户: admin[信息部]登录成功', '1', '192.168.1.100', '2014-06-04 23:27:08', '1', '4028d881436d514601436d5215ac0043');
INSERT INTO `t_s_log` VALUES ('402881e446677b700146678c66690006', 'Chrome', '用户admin已退出', '2', '192.168.1.100', '2014-06-04 23:43:13', '1', '4028d881436d514601436d5215ac0043');
INSERT INTO `t_s_log` VALUES ('402881e446677b700146678c795a0007', 'Chrome', '用户: admin[信息部]登录成功', '1', '192.168.1.100', '2014-06-04 23:43:17', '1', '4028d881436d514601436d5215ac0043');
INSERT INTO `t_s_log` VALUES ('402881e446677b700146678d6a810008', 'Chrome', '权限: 扩展接口管理被更新成功', '5', '192.168.1.100', '2014-06-04 23:44:19', '1', '4028d881436d514601436d5215ac0043');
INSERT INTO `t_s_log` VALUES ('402881e446677b700146678d8d210009', 'Chrome', '用户admin已退出', '2', '192.168.1.100', '2014-06-04 23:44:28', '1', '4028d881436d514601436d5215ac0043');
INSERT INTO `t_s_log` VALUES ('402881e446677b700146678d9e64000a', 'Chrome', '用户: admin[信息部]登录成功', '1', '192.168.1.100', '2014-06-04 23:44:32', '1', '4028d881436d514601436d5215ac0043');
INSERT INTO `t_s_log` VALUES ('402881e44667912a01466793387a0000', 'Chrome', '用户: admin[信息部]登录成功', '1', '192.168.1.100', '2014-06-04 23:50:39', '1', '4028d881436d514601436d5215ac0043');
INSERT INTO `t_s_log` VALUES ('402881e44667912a0146679390b60002', 'Chrome', '扩展接口管理添加成功', '3', '192.168.1.100', '2014-06-04 23:51:02', '1', '4028d881436d514601436d5215ac0043');
INSERT INTO `t_s_log` VALUES ('402881e44667912a014667947aaa0004', 'Chrome', '扩展接口管理添加成功', '3', '192.168.1.100', '2014-06-04 23:52:02', '1', '4028d881436d514601436d5215ac0043');
INSERT INTO `t_s_log` VALUES ('402881e44667a05e014667a104aa0000', 'Chrome', '用户: admin[信息部]登录成功', '1', '192.168.1.100', '2014-06-05 00:05:44', '1', '4028d881436d514601436d5215ac0043');
INSERT INTO `t_s_log` VALUES ('402881e4466c8d9801466c92e8a00006', 'Chrome', '用户: admin[信息部]登录成功', '1', '192.168.1.100', '2014-06-05 23:08:25', '1', '4028d881436d514601436d5215ac0043');
INSERT INTO `t_s_log` VALUES ('402881e446950f860146951146380000', 'Chrome', '用户: admin[信息部]登录成功', '1', '192.168.1.100', '2014-06-13 19:51:15', '1', '4028d881436d514601436d5215ac0043');
INSERT INTO `t_s_log` VALUES ('402881e446950f86014695120fc30002', 'Chrome', '扩展接口管理添加成功', '3', '192.168.1.100', '2014-06-13 19:52:07', '1', '4028d881436d514601436d5215ac0043');
INSERT INTO `t_s_log` VALUES ('402881e446950f8601469513ecde0004', 'Chrome', '扩展接口管理添加成功', '3', '192.168.1.100', '2014-06-13 19:54:09', '1', '4028d881436d514601436d5215ac0043');
INSERT INTO `t_s_log` VALUES ('402881e44695183a0146951a33a60002', 'Chrome', '用户: admin[信息部]登录成功', '1', '192.168.1.100', '2014-06-13 20:01:00', '1', '4028d881436d514601436d5215ac0043');
INSERT INTO `t_s_log` VALUES ('402881e44695183a0146951af32f0005', 'Chrome', '权限: 微信CMS被添加成功', '3', '192.168.1.100', '2014-06-13 20:01:49', '1', '4028d881436d514601436d5215ac0043');
INSERT INTO `t_s_log` VALUES ('402881e44695183a0146951b66cb0007', 'Chrome', '权限: 首页广告管理被添加成功', '3', '192.168.1.100', '2014-06-13 20:02:19', '1', '4028d881436d514601436d5215ac0043');
INSERT INTO `t_s_log` VALUES ('402881e44695183a0146951ed81f0009', 'Chrome', '权限: 栏目管理被添加成功', '3', '192.168.1.100', '2014-06-13 20:06:05', '1', '4028d881436d514601436d5215ac0043');
INSERT INTO `t_s_log` VALUES ('402881e44695183a0146951f35f7000d', 'Chrome', '用户admin已退出', '2', '192.168.1.100', '2014-06-13 20:06:29', '1', '4028d881436d514601436d5215ac0043');
INSERT INTO `t_s_log` VALUES ('402881e44695183a0146951f470e000e', 'Chrome', '用户: admin[信息部]登录成功', '1', '192.168.1.100', '2014-06-13 20:06:33', '1', '4028d881436d514601436d5215ac0043');
INSERT INTO `t_s_log` VALUES ('402881e44695183a0146952114830011', 'Chrome', '首页广告添加成功', '3', '192.168.1.100', '2014-06-13 20:08:31', '1', '4028d881436d514601436d5215ac0043');
INSERT INTO `t_s_log` VALUES ('402881e44695183a014695214ad30014', 'Chrome', '首页广告添加成功', '3', '192.168.1.100', '2014-06-13 20:08:45', '1', '4028d881436d514601436d5215ac0043');
INSERT INTO `t_s_log` VALUES ('402881e44695183a01469521a0200017', 'Chrome', '首页广告添加成功', '3', '192.168.1.100', '2014-06-13 20:09:07', '1', '4028d881436d514601436d5215ac0043');
INSERT INTO `t_s_log` VALUES ('402881e44695183a01469522f83f001a', 'Chrome', '栏目管理添加成功', '3', '192.168.1.100', '2014-06-13 20:10:35', '1', '4028d881436d514601436d5215ac0043');
INSERT INTO `t_s_log` VALUES ('402881e44695183a0146952348ec001d', 'Chrome', '栏目管理添加成功', '3', '192.168.1.100', '2014-06-13 20:10:56', '1', '4028d881436d514601436d5215ac0043');
INSERT INTO `t_s_log` VALUES ('402881e44695183a01469523f1300020', 'Chrome', '栏目管理添加成功', '3', '192.168.1.100', '2014-06-13 20:11:39', '1', '4028d881436d514601436d5215ac0043');
INSERT INTO `t_s_log` VALUES ('402881e44695183a01469524270e0023', 'Chrome', '栏目管理添加成功', '3', '192.168.1.100', '2014-06-13 20:11:52', '1', '4028d881436d514601436d5215ac0043');
INSERT INTO `t_s_log` VALUES ('402881e446952fde0146953087580001', 'Chrome', '用户: admin[信息部]登录成功', '1', '192.168.1.100', '2014-06-13 20:25:24', '1', '4028d881436d514601436d5215ac0043');
INSERT INTO `t_s_log` VALUES ('402881e446955c7c0146955d19850000', 'Chrome', '用户: admin[信息部]登录成功', '1', '192.168.1.100', '2014-06-13 21:14:05', '1', '4028d881436d514601436d5215ac0043');
INSERT INTO `t_s_log` VALUES ('402881e446955c7c01469581929e0005', 'Chrome', '扩展接口管理更新成功', '5', '192.168.1.100', '2014-06-13 21:53:55', '1', '4028d881436d514601436d5215ac0043');
INSERT INTO `t_s_log` VALUES ('402881e446955c7c0146958917930010', 'Chrome', '扩展接口管理更新成功', '5', '192.168.1.100', '2014-06-13 22:02:08', '1', '4028d881436d514601436d5215ac0043');
INSERT INTO `t_s_log` VALUES ('402881e446955c7c01469597116a0015', 'Chrome', '栏目管理更新成功', '5', '192.168.1.100', '2014-06-13 22:17:24', '1', '4028d881436d514601436d5215ac0043');
INSERT INTO `t_s_log` VALUES ('402881e446955c7c014695973dbd0017', 'Chrome', '栏目管理更新成功', '5', '192.168.1.100', '2014-06-13 22:17:35', '1', '4028d881436d514601436d5215ac0043');
INSERT INTO `t_s_log` VALUES ('402881e446955c7c014695975c130019', 'Chrome', '栏目管理更新成功', '5', '192.168.1.100', '2014-06-13 22:17:43', '1', '4028d881436d514601436d5215ac0043');
INSERT INTO `t_s_log` VALUES ('402881e446955c7c0146959779d6001b', 'Chrome', '栏目管理更新成功', '5', '192.168.1.100', '2014-06-13 22:17:50', '1', '4028d881436d514601436d5215ac0043');
INSERT INTO `t_s_log` VALUES ('402881e446955c7c014695a1e45f001e', 'Chrome', '栏目管理更新成功', '5', '192.168.1.100', '2014-06-13 22:29:13', '1', '4028d881436d514601436d5215ac0043');
INSERT INTO `t_s_log` VALUES ('402881e446955c7c014695a36e56001f', 'Chrome', '栏目管理更新成功', '5', '192.168.1.100', '2014-06-13 22:30:54', '1', '4028d881436d514601436d5215ac0043');
INSERT INTO `t_s_log` VALUES ('402881e446955c7c014695a390f50021', 'Chrome', '栏目管理更新成功', '5', '192.168.1.100', '2014-06-13 22:31:03', '1', '4028d881436d514601436d5215ac0043');
INSERT INTO `t_s_log` VALUES ('402881e446955c7c014695a3d2fb0023', 'Chrome', '栏目管理更新成功', '5', '192.168.1.100', '2014-06-13 22:31:20', '1', '4028d881436d514601436d5215ac0043');
INSERT INTO `t_s_log` VALUES ('402881e446955c7c014695a4526f0025', 'Chrome', '栏目管理更新成功', '5', '192.168.1.100', '2014-06-13 22:31:52', '1', '4028d881436d514601436d5215ac0043');
INSERT INTO `t_s_log` VALUES ('402881e446955c7c014695a72ae4002a', 'Chrome', '栏目管理添加成功', '3', '192.168.1.100', '2014-06-13 22:34:59', '1', '4028d881436d514601436d5215ac0043');
INSERT INTO `t_s_log` VALUES ('402881e446955c7c014695a77541002d', 'Chrome', '栏目管理添加成功', '3', '192.168.1.100', '2014-06-13 22:35:18', '1', '4028d881436d514601436d5215ac0043');
INSERT INTO `t_s_log` VALUES ('402881e446955c7c014695a7bcb80030', 'Chrome', '栏目管理添加成功', '3', '192.168.1.100', '2014-06-13 22:35:36', '1', '4028d881436d514601436d5215ac0043');
INSERT INTO `t_s_log` VALUES ('402881e446955c7c014695a7f0f70033', 'Chrome', '栏目管理添加成功', '3', '192.168.1.100', '2014-06-13 22:35:49', '1', '4028d881436d514601436d5215ac0043');
INSERT INTO `t_s_log` VALUES ('402881e446955c7c014695a8374e0036', 'Chrome', '栏目管理添加成功', '3', '192.168.1.100', '2014-06-13 22:36:07', '1', '4028d881436d514601436d5215ac0043');
INSERT INTO `t_s_log` VALUES ('402881e44695ebe3014695ec69a30000', 'Chrome', '用户: admin[信息部]登录成功', '1', '192.168.1.100', '2014-06-13 23:50:37', '1', '4028d881436d514601436d5215ac0043');
INSERT INTO `t_s_log` VALUES ('402881e44695ebe3014695ed424a0002', 'Chrome', '首页广告更新成功', '5', '192.168.1.100', '2014-06-13 23:51:32', '1', '4028d881436d514601436d5215ac0043');
INSERT INTO `t_s_log` VALUES ('402881e44695ebe3014695ed811b0004', 'Chrome', '首页广告更新成功', '5', '192.168.1.100', '2014-06-13 23:51:48', '1', '4028d881436d514601436d5215ac0043');
INSERT INTO `t_s_log` VALUES ('402881e44695ebe3014695ef4c060006', 'Chrome', '首页广告更新成功', '5', '192.168.1.100', '2014-06-13 23:53:46', '1', '4028d881436d514601436d5215ac0043');
INSERT INTO `t_s_log` VALUES ('402881e44695ebe3014695f2e0010008', 'Chrome', '栏目管理更新成功', '5', '192.168.1.100', '2014-06-13 23:57:40', '1', '4028d881436d514601436d5215ac0043');
INSERT INTO `t_s_log` VALUES ('402881e44695ebe3014695f31d02000a', 'Chrome', '栏目管理更新成功', '5', '192.168.1.100', '2014-06-13 23:57:56', '1', '4028d881436d514601436d5215ac0043');
INSERT INTO `t_s_log` VALUES ('402881e44695ebe3014695f33e67000c', 'Chrome', '栏目管理更新成功', '5', '192.168.1.100', '2014-06-13 23:58:04', '1', '4028d881436d514601436d5215ac0043');
INSERT INTO `t_s_log` VALUES ('402881e44695ebe3014695f3aa80000e', 'Chrome', '栏目管理更新成功', '5', '192.168.1.100', '2014-06-13 23:58:32', '1', '4028d881436d514601436d5215ac0043');
INSERT INTO `t_s_log` VALUES ('402881e44695ebe3014695f3ff9d0010', 'Chrome', '栏目管理更新成功', '5', '192.168.1.100', '2014-06-13 23:58:54', '1', '4028d881436d514601436d5215ac0043');
INSERT INTO `t_s_log` VALUES ('402881e44695ebe3014695f447550012', 'Chrome', '栏目管理更新成功', '5', '192.168.1.100', '2014-06-13 23:59:12', '1', '4028d881436d514601436d5215ac0043');
INSERT INTO `t_s_log` VALUES ('402881e44695ebe3014695f465280014', 'Chrome', '栏目管理更新成功', '5', '192.168.1.100', '2014-06-13 23:59:20', '1', '4028d881436d514601436d5215ac0043');
INSERT INTO `t_s_log` VALUES ('402881e44695ebe3014695f499930016', 'Chrome', '栏目管理更新成功', '5', '192.168.1.100', '2014-06-13 23:59:33', '1', '4028d881436d514601436d5215ac0043');
INSERT INTO `t_s_log` VALUES ('402881e44695ebe3014695f4dac10018', 'Chrome', '栏目管理更新成功', '5', '192.168.1.100', '2014-06-13 23:59:50', '1', '4028d881436d514601436d5215ac0043');
INSERT INTO `t_s_log` VALUES ('402881e4469ffe7a01469fff48cb0000', 'Chrome', '用户: admin[信息部]登录成功', '1', '192.168.1.100', '2014-06-15 22:47:26', '1', '4028d881436d514601436d5215ac0043');
INSERT INTO `t_s_log` VALUES ('402881e4469ffe7a0146a000097e0002', 'Chrome', '扩展接口管理添加成功', '3', '192.168.1.100', '2014-06-15 22:48:15', '1', '4028d881436d514601436d5215ac0043');
INSERT INTO `t_s_log` VALUES ('402881e4469ffe7a0146a005dbda0008', 'Chrome', '更新我的大转盘的菜单信息信息成功！', '5', '192.168.1.100', '2014-06-15 22:54:37', '1', '4028d881436d514601436d5215ac0043');
INSERT INTO `t_s_log` VALUES ('402881e4469ffe7a0146a0060ecf0009', 'Chrome', '更新我的大转盘的菜单信息信息成功！', '5', '192.168.1.100', '2014-06-15 22:54:50', '1', '4028d881436d514601436d5215ac0043');
INSERT INTO `t_s_log` VALUES ('402881e446a009740146a00a89c50000', 'Chrome', '用户: admin[信息部]登录成功', '1', '192.168.1.100', '2014-06-15 22:59:43', '1', '4028d881436d514601436d5215ac0043');
INSERT INTO `t_s_log` VALUES ('402881e446a4d1cc0146a4d4eb280000', 'Chrome', '用户: admin[信息部]登录成功', '1', '192.168.1.100', '2014-06-16 21:19:15', '1', '4028d881436d514601436d5215ac0043');
INSERT INTO `t_s_log` VALUES ('402881e446a4d1cc0146a4eb87dd0001', 'Chrome', '权限: 栏目管理被更新成功', '5', '192.168.1.100', '2014-06-16 21:43:57', '1', '4028d881436d514601436d5215ac0043');
INSERT INTO `t_s_log` VALUES ('402881e446a4d1cc0146a4ebbfee0002', 'Chrome', '用户admin已退出', '2', '192.168.1.100', '2014-06-16 21:44:12', '1', '4028d881436d514601436d5215ac0043');
INSERT INTO `t_s_log` VALUES ('402881e446a4d1cc0146a4ebd7360003', 'Chrome', '用户: admin[信息部]登录成功', '1', '192.168.1.100', '2014-06-16 21:44:17', '1', '4028d881436d514601436d5215ac0043');
INSERT INTO `t_s_log` VALUES ('402881e446a4d1cc0146a4ec895c0004', 'Chrome', '权限: 栏目管理被更新成功', '5', '192.168.1.100', '2014-06-16 21:45:03', '1', '4028d881436d514601436d5215ac0043');
INSERT INTO `t_s_log` VALUES ('402881e446a4d1cc0146a4ec97da0005', 'Chrome', '用户admin已退出', '2', '192.168.1.100', '2014-06-16 21:45:07', '1', '4028d881436d514601436d5215ac0043');
INSERT INTO `t_s_log` VALUES ('402881e446a4d1cc0146a4ecab460006', 'Chrome', '用户: admin[信息部]登录成功', '1', '192.168.1.100', '2014-06-16 21:45:12', '1', '4028d881436d514601436d5215ac0043');
INSERT INTO `t_s_log` VALUES ('402881e446a4d1cc0146a4f0380b0007', 'Firefox', '用户: admin[信息部]登录成功', '1', '192.168.1.100', '2014-06-16 21:49:04', '1', '4028d881436d514601436d5215ac0043');
INSERT INTO `t_s_log` VALUES ('402881e446a4d1cc0146a4f1a2290008', 'Chrome', '用户: admin[信息部]登录成功', '1', '192.168.1.100', '2014-06-16 21:50:37', '1', '4028d881436d514601436d5215ac0043');
INSERT INTO `t_s_log` VALUES ('402881e446a4f60d0146a4f671ad0000', 'Chrome', '用户: admin[信息部]登录成功', '1', '192.168.1.100', '2014-06-16 21:55:52', '1', '4028d881436d514601436d5215ac0043');
INSERT INTO `t_s_log` VALUES ('402881e446a4f9400146a4fa2beb0001', 'Chrome', '用户: admin[信息部]登录成功', '1', '192.168.1.100', '2014-06-16 21:59:57', '1', '4028d881436d514601436d5215ac0043');
INSERT INTO `t_s_log` VALUES ('402881e446a4f9400146a500c7460007', 'Chrome', '更新测试菜单的菜单信息信息成功！', '5', '192.168.1.100', '2014-06-16 22:07:10', '1', '4028d881436d514601436d5215ac0043');
INSERT INTO `t_s_log` VALUES ('402881e446a4f9400146a50183d00009', 'Chrome', '添加微CMS的信息成功！', '3', '192.168.1.100', '2014-06-16 22:07:58', '1', '4028d881436d514601436d5215ac0043');
INSERT INTO `t_s_log` VALUES ('402881e446a4f9400146a5019b9b000a', 'Chrome', '同步菜单信息数据成功！', '4', '192.168.1.100', '2014-06-16 22:08:04', '1', '4028d881436d514601436d5215ac0043');
INSERT INTO `t_s_log` VALUES ('402881e446a4f9400146a5028775000b', 'MSIE 8.0', '用户: admin[信息部]登录成功', '1', '192.168.1.100', '2014-06-16 22:09:04', '1', '4028d881436d514601436d5215ac0043');
INSERT INTO `t_s_log` VALUES ('402881e446a4f9400146a503d7a6000c', 'Chrome', '用户: admin[信息部]登录成功', '1', '192.168.1.100', '2014-06-16 22:10:30', '1', '4028d881436d514601436d5215ac0043');
INSERT INTO `t_s_log` VALUES ('402881e446a4f9400146a503e6bc000d', 'Safari', '用户: admin[信息部]登录成功', '1', '192.168.1.100', '2014-06-16 22:10:34', '1', '4028d881436d514601436d5215ac0043');
INSERT INTO `t_s_log` VALUES ('402881e446a4f9400146a506c908000f', 'Safari', '用户: admin[信息部]登录成功', '1', '192.168.1.100', '2014-06-16 22:13:43', '1', '4028d881436d514601436d5215ac0043');
INSERT INTO `t_s_log` VALUES ('402881e446a4f9400146a52c2e240010', 'Chrome', '用户: admin[信息部]登录成功', '1', '192.168.1.100', '2014-06-16 22:54:34', '1', '4028d881436d514601436d5215ac0043');
INSERT INTO `t_s_log` VALUES ('402881e446a4f9400146a52ccb7d0011', 'Chrome', '用户admin已退出', '2', '192.168.1.100', '2014-06-16 22:55:14', '1', '4028d881436d514601436d5215ac0043');
INSERT INTO `t_s_log` VALUES ('402881e545f5dd1a0145f5ddb2850000', 'Chrome', '用户: admin[信息部]登录成功', '1', '192.168.1.101', '2014-05-13 21:55:18', '1', '4028d881436d514601436d5215ac0043');
INSERT INTO `t_s_log` VALUES ('402881e545f5dd1a0145f5de9bdb0002', 'Chrome', '权限: 消息管理被添加成功', '3', '192.168.1.101', '2014-05-13 21:56:18', '1', '4028d881436d514601436d5215ac0043');
INSERT INTO `t_s_log` VALUES ('402881e545f5dd1a0145f5f0b5ab0004', 'Chrome', '权限: 文本模板被添加成功', '3', '192.168.1.101', '2014-05-13 22:16:04', '1', '4028d881436d514601436d5215ac0043');
INSERT INTO `t_s_log` VALUES ('402881e545f5dd1a0145f5f32d4f0006', 'Chrome', '权限: 文本模板被添加成功', '3', '192.168.1.101', '2014-05-13 22:18:45', '1', '4028d881436d514601436d5215ac0043');
INSERT INTO `t_s_log` VALUES ('402881e545f5dd1a0145f5f33dc60007', 'Chrome', '权限: 文本模板被删除成功', '4', '192.168.1.101', '2014-05-13 22:18:50', '1', '4028d881436d514601436d5215ac0043');
INSERT INTO `t_s_log` VALUES ('402881e545f5dd1a0145f5f37693000a', 'Chrome', '用户admin已退出', '2', '192.168.1.101', '2014-05-13 22:19:04', '1', '4028d881436d514601436d5215ac0043');
INSERT INTO `t_s_log` VALUES ('402881e545f5dd1a0145f5f387d1000b', 'Chrome', '用户: admin[信息部]登录成功', '1', '192.168.1.101', '2014-05-13 22:19:09', '1', '4028d881436d514601436d5215ac0043');
INSERT INTO `t_s_log` VALUES ('402881e545f5f4780145f5f4debd0000', 'Chrome', '用户: admin[信息部]登录成功', '1', '192.168.1.101', '2014-05-13 22:20:36', '1', '4028d881436d514601436d5215ac0043');
INSERT INTO `t_s_log` VALUES ('402881e545f5f4780145f5f55fb30002', 'Chrome', '删除信息数据成功！', '4', '192.168.1.101', '2014-05-13 22:21:09', '1', '4028d881436d514601436d5215ac0043');
INSERT INTO `t_s_log` VALUES ('402881e545f5f4780145f6112aa30003', 'Chrome', '用户: admin[信息部]登录成功', '1', '192.168.1.101', '2014-05-13 22:51:31', '1', '4028d881436d514601436d5215ac0043');
INSERT INTO `t_s_log` VALUES ('402881e545f5f4780145f61198cf0005', 'Chrome', '权限: 图文模板被添加成功', '3', '192.168.1.101', '2014-05-13 22:51:59', '1', '4028d881436d514601436d5215ac0043');
INSERT INTO `t_s_log` VALUES ('402881e545f5f4780145f611ed960007', 'Chrome', '用户admin已退出', '2', '192.168.1.101', '2014-05-13 22:52:21', '1', '4028d881436d514601436d5215ac0043');
INSERT INTO `t_s_log` VALUES ('402881e545f5f4780145f611feae0008', 'Chrome', '用户: admin[信息部]登录成功', '1', '192.168.1.101', '2014-05-13 22:52:25', '1', '4028d881436d514601436d5215ac0043');
INSERT INTO `t_s_log` VALUES ('402881e545f612570145f61311400000', 'Chrome', '用户: admin[信息部]登录成功', '1', '192.168.1.101', '2014-05-13 22:53:35', '1', '4028d881436d514601436d5215ac0043');
INSERT INTO `t_s_log` VALUES ('402881e545f61b4d0145f61c39a60000', 'Chrome', '用户: admin[信息部]登录成功', '1', '192.168.1.101', '2014-05-13 23:03:36', '1', '4028d881436d514601436d5215ac0043');
INSERT INTO `t_s_log` VALUES ('402881e545f61f110145f61f54460000', 'Chrome', '用户: admin[信息部]登录成功', '1', '192.168.1.101', '2014-05-13 23:06:59', '1', '4028d881436d514601436d5215ac0043');
INSERT INTO `t_s_log` VALUES ('402881e545fb0fdb0145fb1027e40000', 'MSIE 7.0', '用户: admin[信息部]登录成功', '1', '192.168.1.101', '2014-05-14 22:08:31', '1', '4028d881436d514601436d5215ac0043');
INSERT INTO `t_s_log` VALUES ('402881e545fb0fdb0145fb1123c30001', 'MSIE 7.0', '权限: 自定义菜单被更新成功', '5', '192.168.1.101', '2014-05-14 22:09:35', '1', '4028d881436d514601436d5215ac0043');
INSERT INTO `t_s_log` VALUES ('402881e545fb0fdb0145fb1178920002', 'MSIE 7.0', '用户admin已退出', '2', '192.168.1.101', '2014-05-14 22:09:57', '1', '4028d881436d514601436d5215ac0043');
INSERT INTO `t_s_log` VALUES ('402881e545fb0fdb0145fb118a2a0003', 'MSIE 7.0', '用户: admin[信息部]登录成功', '1', '192.168.1.101', '2014-05-14 22:10:01', '1', '4028d881436d514601436d5215ac0043');
INSERT INTO `t_s_log` VALUES ('402881e545fb0fdb0145fb174b050006', 'MSIE 7.0', '添加第一个菜单的信息成功！', '3', '192.168.1.101', '2014-05-14 22:16:18', '1', '4028d881436d514601436d5215ac0043');
INSERT INTO `t_s_log` VALUES ('402881e545fb0fdb0145fb206d840008', 'MSIE 7.0', '添加子菜单的信息成功！', '3', '192.168.1.101', '2014-05-14 22:26:17', '1', '4028d881436d514601436d5215ac0043');
INSERT INTO `t_s_log` VALUES ('402881e745e6735b0145e676015f0000', 'MSIE 7.0', '用户: admin[信息部]登录成功', '1', '192.168.1.103', '2014-05-10 22:07:44', '1', '4028d881436d514601436d5215ac0043');
INSERT INTO `t_s_log` VALUES ('402881e745e67ca70145e67d2ef90000', 'MSIE 7.0', '用户: admin[信息部]登录成功', '1', '192.168.1.103', '2014-05-10 22:15:34', '1', '4028d881436d514601436d5215ac0043');
INSERT INTO `t_s_log` VALUES ('402881e845c297860145c29981dd0000', 'Chrome', '用户: admin[信息部]登录成功', '1', '192.168.1.104', '2014-05-03 23:00:11', '1', '4028d881436d514601436d5215ac0043');
INSERT INTO `t_s_log` VALUES ('402881e845c2d12b0145c2d303490000', 'Chrome', '用户: admin[信息部]登录成功', '1', '192.168.1.104', '2014-05-04 00:03:00', '1', '4028d881436d514601436d5215ac0043');
INSERT INTO `t_s_log` VALUES ('402881e845c2d12b0145c2d38b680001', 'Chrome', '用户: admin[信息部]登录成功', '1', '192.168.1.104', '2014-05-04 00:03:34', '1', '4028d881436d514601436d5215ac0043');
INSERT INTO `t_s_log` VALUES ('402881e845c2d12b0145c2d473600002', 'Chrome', '用户: admin[信息部]登录成功', '1', '192.168.1.104', '2014-05-04 00:04:34', '1', '4028d881436d514601436d5215ac0043');
INSERT INTO `t_s_log` VALUES ('402881e845c2d88e0145c2d9159a0000', 'Chrome', '用户: admin[信息部]登录成功', '1', '192.168.1.104', '2014-05-04 00:09:37', '1', '4028d881436d514601436d5215ac0043');
INSERT INTO `t_s_log` VALUES ('402881e845c6f1430145c7043fa80000', 'MSIE 9.0', '用户: admin[信息部]登录成功', '1', '192.168.1.104', '2014-05-04 19:35:15', '1', '4028d881436d514601436d5215ac0043');
INSERT INTO `t_s_log` VALUES ('402881e845c6f1430145c704a6230001', 'MSIE 9.0', '用户: admin[信息部]登录成功', '1', '192.168.1.104', '2014-05-04 19:35:41', '1', '4028d881436d514601436d5215ac0043');
INSERT INTO `t_s_log` VALUES ('402881e845c6f1430145c705a9480002', 'MSIE 9.0', '用户: admin[信息部]登录成功', '1', '192.168.1.104', '2014-05-04 19:36:48', '1', '4028d881436d514601436d5215ac0043');
INSERT INTO `t_s_log` VALUES ('402881e845c7090d0145c709a93b0000', 'Chrome', '用户: admin[信息部]登录成功', '1', '192.168.1.104', '2014-05-04 19:41:10', '1', '4028d881436d514601436d5215ac0043');
INSERT INTO `t_s_log` VALUES ('402881e845c732a20145c737394d0000', 'MSIE 9.0', '用户: admin[信息部]登录成功', '1', '192.168.1.104', '2014-05-04 20:30:56', '1', '4028d881436d514601436d5215ac0043');
INSERT INTO `t_s_log` VALUES ('402881e845c73cb00145c746c9240000', 'MSIE 9.0', '用户: admin[信息部]登录成功', '1', '192.168.1.104', '2014-05-04 20:47:56', '1', '4028d881436d514601436d5215ac0043');
INSERT INTO `t_s_log` VALUES ('402881e845c73cb00145c74893910001', 'MSIE 9.0', '权限: 公众帐号管理被更新成功', '5', '192.168.1.104', '2014-05-04 20:49:53', '1', '4028d881436d514601436d5215ac0043');
INSERT INTO `t_s_log` VALUES ('402881e845c73cb00145c74976440005', 'MSIE 9.0', '用户admin已退出', '2', '192.168.1.104', '2014-05-04 20:50:51', '1', '4028d881436d514601436d5215ac0043');
INSERT INTO `t_s_log` VALUES ('402881e845c73cb00145c74988570006', 'MSIE 9.0', '用户: admin[信息部]登录成功', '1', '192.168.1.104', '2014-05-04 20:50:56', '1', '4028d881436d514601436d5215ac0043');
INSERT INTO `t_s_log` VALUES ('402881e845c73cb00145c75445eb0010', 'MSIE 9.0', '创建成功', '3', '192.168.1.104', '2014-05-04 21:02:40', '1', '4028d881436d514601436d5215ac0043');
INSERT INTO `t_s_log` VALUES ('402881e845cc520a0145cc535a580000', 'MSIE 9.0', '用户: admin[信息部]登录成功', '1', '192.168.1.104', '2014-05-05 20:19:45', '1', '4028d881436d514601436d5215ac0043');
INSERT INTO `t_s_log` VALUES ('402881e845cc520a0145cc5520730001', 'MSIE 9.0', '权限: 公众帐号管理被更新成功', '5', '192.168.1.104', '2014-05-05 20:21:42', '1', '4028d881436d514601436d5215ac0043');
INSERT INTO `t_s_log` VALUES ('402881e845cc520a0145cc55585c0002', 'MSIE 9.0', '用户admin已退出', '2', '192.168.1.104', '2014-05-05 20:21:56', '1', '4028d881436d514601436d5215ac0043');
INSERT INTO `t_s_log` VALUES ('402881e845cc520a0145cc5569f20003', 'MSIE 9.0', '用户: admin[信息部]登录成功', '1', '192.168.1.104', '2014-05-05 20:22:00', '1', '4028d881436d514601436d5215ac0043');
INSERT INTO `t_s_log` VALUES ('402881e845cc520a0145cc62d2900004', 'Chrome', '用户: admin[信息部]登录成功', '1', '192.168.1.104', '2014-05-05 20:36:39', '1', '4028d881436d514601436d5215ac0043');
INSERT INTO `t_s_log` VALUES ('402881e845cc65050145cc659b8d0000', 'MSIE 9.0', '用户: admin[信息部]登录成功', '1', '192.168.1.104', '2014-05-05 20:39:42', '1', '4028d881436d514601436d5215ac0043');
INSERT INTO `t_s_log` VALUES ('402881e845cc8bf40145cc8cb0750000', 'MSIE 9.0', '用户: admin[信息部]登录成功', '1', '192.168.1.104', '2014-05-05 21:22:23', '1', '4028d881436d514601436d5215ac0043');
INSERT INTO `t_s_log` VALUES ('402881e845cc8bf40145cc8cfdcd0001', 'MSIE 9.0', '用户: admin[信息部]登录成功', '1', '192.168.1.104', '2014-05-05 21:22:43', '1', '4028d881436d514601436d5215ac0043');
INSERT INTO `t_s_log` VALUES ('402881e845cc8bf40145cc8e41100002', 'Chrome', '用户: admin[信息部]登录成功', '1', '192.168.1.104', '2014-05-05 21:24:06', '1', '4028d881436d514601436d5215ac0043');
INSERT INTO `t_s_log` VALUES ('402881e845d1456d0145d14949e90000', 'Chrome', '用户: admin[信息部]登录成功', '1', '192.168.1.104', '2014-05-06 19:26:52', '1', '4028d881436d514601436d5215ac0043');
INSERT INTO `t_s_log` VALUES ('402881e845d1698f0145d16a1d380000', 'MSIE 9.0', '用户: admin[信息部]登录成功', '1', '192.168.1.104', '2014-05-06 20:02:43', '1', '4028d881436d514601436d5215ac0043');
INSERT INTO `t_s_log` VALUES ('402881e845d16aef0145d16b87370000', 'MSIE 9.0', '用户: admin[信息部]登录成功', '1', '192.168.1.104', '2014-05-06 20:04:16', '1', '4028d881436d514601436d5215ac0043');
INSERT INTO `t_s_log` VALUES ('402881e845d16cb10145d16d0af40000', 'MSIE 9.0', '用户: admin[信息部]登录成功', '1', '192.168.1.104', '2014-05-06 20:05:55', '1', '4028d881436d514601436d5215ac0043');
INSERT INTO `t_s_log` VALUES ('402881e845d16cb10145d1711cc60001', 'MSIE 9.0', 'accountid删除成功', '4', '192.168.1.104', '2014-05-06 20:10:22', '1', '4028d881436d514601436d5215ac0043');
INSERT INTO `t_s_log` VALUES ('402881e845d16cb10145d1711eb90005', 'MSIE 9.0', '修改成功', '5', '192.168.1.104', '2014-05-06 20:10:22', '1', '4028d881436d514601436d5215ac0043');
INSERT INTO `t_s_log` VALUES ('402881e845d1723e0145d172b10f0000', 'MSIE 9.0', '用户: admin[信息部]登录成功', '1', '192.168.1.104', '2014-05-06 20:12:05', '1', '4028d881436d514601436d5215ac0043');
INSERT INTO `t_s_log` VALUES ('402881e845d1723e0145d18f52a70017', 'MSIE 9.0', '用户admin已退出', '2', '192.168.1.104', '2014-05-06 20:43:22', '1', '4028d881436d514601436d5215ac0043');
INSERT INTO `t_s_log` VALUES ('402881e845d1723e0145d18f649e0018', 'MSIE 9.0', '用户: admin[信息部]登录成功', '1', '192.168.1.104', '2014-05-06 20:43:26', '1', '4028d881436d514601436d5215ac0043');
INSERT INTO `t_s_log` VALUES ('402881e845d1723e0145d199f2b7001a', 'MSIE 9.0', '用户admin已退出', '2', '192.168.1.104', '2014-05-06 20:54:58', '1', '4028d881436d514601436d5215ac0043');
INSERT INTO `t_s_log` VALUES ('402881e845d1723e0145d19a0626001b', 'MSIE 9.0', '用户: admin[信息部]登录成功', '1', '192.168.1.104', '2014-05-06 20:55:03', '1', '4028d881436d514601436d5215ac0043');
INSERT INTO `t_s_log` VALUES ('402881e845d6fbb90145d6fe287f0000', 'MSIE 9.0', '用户: admin[信息部]登录成功', '1', '192.168.1.104', '2014-05-07 22:02:31', '1', '4028d881436d514601436d5215ac0043');
INSERT INTO `t_s_log` VALUES ('402881e8460d7e5301460d7f42d70000', 'MSIE 7.0', '用户: admin[信息部]登录成功', '1', '192.168.1.104', '2014-05-18 12:03:02', '1', '4028d881436d514601436d5215ac0043');
INSERT INTO `t_s_log` VALUES ('402881e8460d7e5301460d81c7d60002', 'MSIE 7.0', '权限: 关键字管理被添加成功', '3', '192.168.1.104', '2014-05-18 12:05:47', '1', '4028d881436d514601436d5215ac0043');
INSERT INTO `t_s_log` VALUES ('402881e8460d7e5301460d8341ce0004', 'MSIE 7.0', '用户admin已退出', '2', '192.168.1.104', '2014-05-18 12:07:24', '1', '4028d881436d514601436d5215ac0043');
INSERT INTO `t_s_log` VALUES ('402881e8460d7e5301460d83568b0005', 'MSIE 7.0', '用户: admin[信息部]登录成功', '1', '192.168.1.104', '2014-05-18 12:07:29', '1', '4028d881436d514601436d5215ac0043');
INSERT INTO `t_s_log` VALUES ('402881e8460d83c701460d85afbd0000', 'MSIE 7.0', '用户: admin[信息部]登录成功', '1', '192.168.1.104', '2014-05-18 12:10:03', '1', '4028d881436d514601436d5215ac0043');
INSERT INTO `t_s_log` VALUES ('402881e8460d83c701460d89f1580001', 'MSIE 7.0', '修改关文本模板成功！', '5', '192.168.1.104', '2014-05-18 12:14:42', '1', '4028d881436d514601436d5215ac0043');
INSERT INTO `t_s_log` VALUES ('402881e8460d83c701460e06cd630002', 'MSIE 7.0', '用户: admin[信息部]登录成功', '1', '192.168.1.104', '2014-05-18 14:31:05', '1', '4028d881436d514601436d5215ac0043');
INSERT INTO `t_s_log` VALUES ('402881e8460d83c701460e075e2f0003', 'Chrome', '用户: admin[信息部]登录成功', '1', '192.168.1.104', '2014-05-18 14:31:42', '1', '4028d881436d514601436d5215ac0043');
INSERT INTO `t_s_log` VALUES ('402881e8460d83c701460e08fc770005', 'Chrome', '权限: 关注欢迎语被更新成功', '5', '192.168.1.104', '2014-05-18 14:33:28', '1', '4028d881436d514601436d5215ac0043');
INSERT INTO `t_s_log` VALUES ('402881e8460e097d01460e0b37850000', 'Chrome', '用户: admin[信息部]登录成功', '1', '192.168.1.104', '2014-05-18 14:35:54', '1', '4028d881436d514601436d5215ac0043');
INSERT INTO `t_s_log` VALUES ('402881e8460e097d01460e0be28c0001', 'Chrome', '用户admin已退出', '2', '192.168.1.104', '2014-05-18 14:36:38', '1', '4028d881436d514601436d5215ac0043');
INSERT INTO `t_s_log` VALUES ('402881e8460e097d01460e0c00cf0002', 'Chrome', '用户: admin[信息部]登录成功', '1', '192.168.1.104', '2014-05-18 14:36:46', '1', '4028d881436d514601436d5215ac0043');
INSERT INTO `t_s_log` VALUES ('402881e8460e097d01460e0f35f50003', 'Chrome', '用户: admin[信息部]登录成功', '1', '192.168.1.104', '2014-05-18 14:40:16', '1', '4028d881436d514601436d5215ac0043');
INSERT INTO `t_s_log` VALUES ('402881e8460e102a01460e107e860000', 'Chrome', '用户: admin[信息部]登录成功', '1', '192.168.1.104', '2014-05-18 14:41:40', '1', '4028d881436d514601436d5215ac0043');
INSERT INTO `t_s_log` VALUES ('402881e8460f865501460f8c923d0000', 'Chrome', '用户: admin[信息部]登录成功', '1', '192.168.1.104', '2014-05-18 21:36:49', '1', '4028d881436d514601436d5215ac0043');
INSERT INTO `t_s_log` VALUES ('402881e84617910601461791f8fe0000', 'Chrome', '用户: admin[信息部]登录成功', '1', '192.168.1.104', '2014-05-20 10:59:40', '1', '4028d881436d514601436d5215ac0043');
INSERT INTO `t_s_log` VALUES ('402881e846181e710146182023a70000', 'Chrome', '用户: admin[信息部]登录成功', '1', '192.168.1.104', '2014-05-20 13:34:57', '1', '4028d881436d514601436d5215ac0043');
INSERT INTO `t_s_log` VALUES ('402881e84618d367014618d3f08e0000', 'Chrome', '用户: admin[信息部]登录成功', '1', '192.168.1.104', '2014-05-20 16:51:21', '1', '4028d881436d514601436d5215ac0043');
INSERT INTO `t_s_log` VALUES ('402881e84618da56014618dacb830000', 'Chrome', '用户: admin[信息部]登录成功', '1', '192.168.1.104', '2014-05-20 16:58:50', '1', '4028d881436d514601436d5215ac0043');
INSERT INTO `t_s_log` VALUES ('402881e84618e0e5014618e146e80000', 'Chrome', '用户: admin[信息部]登录成功', '1', '192.168.1.104', '2014-05-20 17:05:55', '1', '4028d881436d514601436d5215ac0043');
INSERT INTO `t_s_log` VALUES ('402881e84618e481014618e4ef4d0000', 'Chrome', '用户: admin[信息部]登录成功', '1', '192.168.1.104', '2014-05-20 17:09:55', '1', '4028d881436d514601436d5215ac0043');
INSERT INTO `t_s_log` VALUES ('402881e84619037b01461903dc000000', 'Chrome', '用户: admin[信息部]登录成功', '1', '192.168.1.104', '2014-05-20 17:43:41', '1', '4028d881436d514601436d5215ac0043');
INSERT INTO `t_s_log` VALUES ('402881e846190c670146190ce4670000', 'Chrome', '用户: admin[信息部]登录成功', '1', '192.168.1.104', '2014-05-20 17:53:33', '1', '4028d881436d514601436d5215ac0043');
INSERT INTO `t_s_log` VALUES ('402881e8461911f00146191305010000', 'Chrome', '用户: admin[信息部]登录成功', '1', '192.168.1.104', '2014-05-20 18:00:15', '1', '4028d881436d514601436d5215ac0043');
INSERT INTO `t_s_log` VALUES ('402881e8461919800146191a5a070000', 'Chrome', '用户: admin[信息部]登录成功', '1', '192.168.1.104', '2014-05-20 18:08:15', '1', '4028d881436d514601436d5215ac0043');
INSERT INTO `t_s_log` VALUES ('402881e8461921b80146192242490000', 'Chrome', '用户: admin[信息部]登录成功', '1', '192.168.1.104', '2014-05-20 18:16:54', '1', '4028d881436d514601436d5215ac0043');
INSERT INTO `t_s_log` VALUES ('402881e8461926590146192744fc0000', 'Chrome', '用户: admin[信息部]登录成功', '1', '192.168.1.104', '2014-05-20 18:22:22', '1', '4028d881436d514601436d5215ac0043');
INSERT INTO `t_s_log` VALUES ('402881e8461931a3014619328a900000', 'Chrome', '用户: admin[信息部]登录成功', '1', '192.168.1.104', '2014-05-20 18:34:41', '1', '4028d881436d514601436d5215ac0043');
INSERT INTO `t_s_log` VALUES ('402881e846193d530146193db2b90000', 'Chrome', '用户: admin[信息部]登录成功', '1', '192.168.1.104', '2014-05-20 18:46:52', '1', '4028d881436d514601436d5215ac0043');
INSERT INTO `t_s_log` VALUES ('402881e846194295014619430b350000', 'Chrome', '用户: admin[信息部]登录成功', '1', '192.168.1.104', '2014-05-20 18:52:42', '1', '4028d881436d514601436d5215ac0043');
INSERT INTO `t_s_log` VALUES ('402881e846194a3a0146194a96b10000', 'Chrome', '用户: admin[信息部]登录成功', '1', '192.168.1.104', '2014-05-20 19:00:57', '1', '4028d881436d514601436d5215ac0043');
INSERT INTO `t_s_log` VALUES ('402881e846194ec30146194fb3000000', 'Chrome', '用户: admin[信息部]登录成功', '1', '192.168.1.104', '2014-05-20 19:06:32', '1', '4028d881436d514601436d5215ac0043');
INSERT INTO `t_s_log` VALUES ('402881e84619622701461962f69c0000', 'Chrome', '用户: admin[信息部]登录成功', '1', '192.168.1.104', '2014-05-20 19:27:34', '1', '4028d881436d514601436d5215ac0043');
INSERT INTO `t_s_log` VALUES ('402881e84619666e01461966e3eb0000', 'Chrome', '用户: admin[信息部]登录成功', '1', '192.168.1.104', '2014-05-20 19:31:51', '1', '4028d881436d514601436d5215ac0043');
INSERT INTO `t_s_log` VALUES ('402881e8461c3ba101461c3dbb7f0000', 'Chrome', '用户: admin[信息部]登录成功', '1', '192.168.1.104', '2014-05-21 08:45:46', '1', '4028d881436d514601436d5215ac0043');
INSERT INTO `t_s_log` VALUES ('402881e8461c3ba101461c3e522f0001', 'Chrome', '权限: 取消关注回复语被删除成功', '4', '192.168.1.104', '2014-05-21 08:46:24', '1', '4028d881436d514601436d5215ac0043');
INSERT INTO `t_s_log` VALUES ('402881e8461c3ba101461c3e93b90002', 'Chrome', '权限: 素材管理被删除成功', '4', '192.168.1.104', '2014-05-21 08:46:41', '1', '4028d881436d514601436d5215ac0043');
INSERT INTO `t_s_log` VALUES ('402881e8461c3ba101461c3f2b950003', 'Chrome', '权限: 关键字应答被删除成功', '4', '192.168.1.104', '2014-05-21 08:47:20', '1', '4028d881436d514601436d5215ac0043');
INSERT INTO `t_s_log` VALUES ('402881e8461c3ba101461c3f386f0004', 'Chrome', '权限: 关键字应答被删除成功', '4', '192.168.1.104', '2014-05-21 08:47:23', '1', '4028d881436d514601436d5215ac0043');
INSERT INTO `t_s_log` VALUES ('402881e8461c3ba101461c3f63830005', 'Chrome', '权限: 自动应答菜单被删除成功', '4', '192.168.1.104', '2014-05-21 08:47:34', '1', '4028d881436d514601436d5215ac0043');
INSERT INTO `t_s_log` VALUES ('402881e8461c3ba101461c4221ca0006', 'Chrome', '用户admin已退出', '2', '192.168.1.104', '2014-05-21 08:50:34', '1', '4028d881436d514601436d5215ac0043');
INSERT INTO `t_s_log` VALUES ('402881e8461c3ba101461c42339b0007', 'Chrome', '用户: admin[信息部]登录成功', '1', '192.168.1.104', '2014-05-21 08:50:39', '1', '4028d881436d514601436d5215ac0043');
INSERT INTO `t_s_log` VALUES ('402881e946dd8ecc0146dd8f7e9c0000', 'Chrome', '用户: admin[信息部]登录成功', '1', '192.168.1.105', '2014-06-27 21:41:47', '1', '4028d881436d514601436d5215ac0043');
INSERT INTO `t_s_log` VALUES ('402881e946ddc9450146ddcae3540000', 'Chrome', '用户: admin[信息部]登录成功', '1', '192.168.1.105', '2014-06-27 22:46:39', '1', '4028d881436d514601436d5215ac0043');
INSERT INTO `t_s_log` VALUES ('402881e946ddea480146ddefa0bb0000', 'Chrome', '用户: admin[信息部]登录成功', '1', '192.168.1.105', '2014-06-27 23:26:47', '1', '4028d881436d514601436d5215ac0043');
INSERT INTO `t_s_log` VALUES ('402881e946ddea480146ddf07b620002', 'Chrome', '首页广告更新成功', '5', '192.168.1.105', '2014-06-27 23:27:43', '1', '4028d881436d514601436d5215ac0043');
INSERT INTO `t_s_log` VALUES ('402881e946ddea480146ddf741ac0004', 'Chrome', '首页广告更新成功', '5', '192.168.1.105', '2014-06-27 23:35:07', '1', '4028d881436d514601436d5215ac0043');
INSERT INTO `t_s_log` VALUES ('402881e946ddea480146ddf99c4c0006', 'Chrome', '首页广告更新成功', '5', '192.168.1.105', '2014-06-27 23:37:41', '1', '4028d881436d514601436d5215ac0043');
INSERT INTO `t_s_log` VALUES ('402881e946ddea480146ddf9b7370007', 'Chrome', '首页广告更新成功', '5', '192.168.1.105', '2014-06-27 23:37:48', '1', '4028d881436d514601436d5215ac0043');
INSERT INTO `t_s_log` VALUES ('402881e946ddea480146de0300b30009', 'Chrome', '首页广告更新成功', '5', '192.168.1.105', '2014-06-27 23:47:57', '1', '4028d881436d514601436d5215ac0043');
INSERT INTO `t_s_log` VALUES ('402881e946ddea480146de05329b000c', 'Chrome', '首页广告添加成功', '3', '192.168.1.105', '2014-06-27 23:50:21', '1', '4028d881436d514601436d5215ac0043');
INSERT INTO `t_s_log` VALUES ('402881e946ddea480146de099ce5000d', 'Chrome', '首页广告删除成功', '4', '192.168.1.105', '2014-06-27 23:55:10', '1', '4028d881436d514601436d5215ac0043');
INSERT INTO `t_s_log` VALUES ('402881e946ddea480146de09fe7c000f', 'Chrome', '首页广告更新成功', '5', '192.168.1.105', '2014-06-27 23:55:35', '1', '4028d881436d514601436d5215ac0043');
INSERT INTO `t_s_log` VALUES ('402881e946ddea480146de0f3ab60012', 'Chrome', '首页广告添加成功', '3', '192.168.1.105', '2014-06-28 00:01:18', '1', '4028d881436d514601436d5215ac0043');
INSERT INTO `t_s_log` VALUES ('402889f146e0e6620146e0e6c1610000', 'Chrome', '用户: admin[信息部]登录成功', '1', '192.168.9.113', '2014-06-28 13:15:57', '1', '4028d881436d514601436d5215ac0043');
INSERT INTO `t_s_log` VALUES ('402889f146e0e6620146e0e889530003', 'Chrome', '信息添加成功', '3', '192.168.9.113', '2014-06-28 13:17:54', '1', '4028d881436d514601436d5215ac0043');
INSERT INTO `t_s_log` VALUES ('402889f146e0e6620146e0e8bf060004', 'Chrome', '信息更新成功', '5', '192.168.9.113', '2014-06-28 13:18:08', '1', '4028d881436d514601436d5215ac0043');
INSERT INTO `t_s_log` VALUES ('402889f146e0e6620146e0ebcc0c0005', 'Firefox', '用户: admin[信息部]登录成功', '1', '192.168.9.113', '2014-06-28 13:21:28', '1', '4028d881436d514601436d5215ac0043');
INSERT INTO `t_s_log` VALUES ('402889f146e1548f0146e1584df50000', 'Chrome', '用户: admin[信息部]登录成功', '1', '192.168.9.113', '2014-06-28 15:19:59', '1', '4028d881436d514601436d5215ac0043');
INSERT INTO `t_s_log` VALUES ('402889f146e1548f0146e169298e0001', 'Chrome', '同步菜单信息数据成功！', '4', '192.168.9.113', '2014-06-28 15:38:24', '1', '4028d881436d514601436d5215ac0043');
INSERT INTO `t_s_log` VALUES ('402889f146e1548f0146e16a41b80002', 'Chrome', '同步菜单信息数据成功！', '4', '192.168.9.113', '2014-06-28 15:39:35', '1', '4028d881436d514601436d5215ac0043');
INSERT INTO `t_s_log` VALUES ('402889f146e1548f0146e174c3290003', 'Chrome', '用户: admin密码重置成功', '5', '192.168.9.113', '2014-06-28 15:51:04', '1', '4028d881436d514601436d5215ac0043');
INSERT INTO `t_s_log` VALUES ('402889f146e19a520146e19bb2ff0000', 'Chrome', '用户: admin[信息部]登录成功', '1', '192.168.9.113', '2014-06-28 16:33:35', '1', '4028d881436d514601436d5215ac0043');
INSERT INTO `t_s_log` VALUES ('402889f146e19a520146e19c74f90001', 'Firefox', '用户: admin[信息部]登录成功', '1', '192.168.9.113', '2014-06-28 16:34:25', '1', '4028d881436d514601436d5215ac0043');
INSERT INTO `t_s_log` VALUES ('402889f146e19a520146e19cc0b50002', 'Firefox', '同步菜单信息数据成功！', '4', '192.168.9.113', '2014-06-28 16:34:45', '1', '4028d881436d514601436d5215ac0043');
INSERT INTO `t_s_log` VALUES ('402889f146e19a520146e1a0c3a80003', 'Firefox', '同步菜单信息数据成功！', '4', '192.168.9.113', '2014-06-28 16:39:07', '1', '4028d881436d514601436d5215ac0043');
INSERT INTO `t_s_log` VALUES ('402889f146e19a520146e1a119120004', 'Firefox', '同步菜单信息数据成功！', '4', '192.168.9.113', '2014-06-28 16:39:29', '1', '4028d881436d514601436d5215ac0043');
INSERT INTO `t_s_log` VALUES ('402889f146e1a56a0146e1a5e74a0000', 'Firefox', '用户: admin[信息部]登录成功', '1', '192.168.9.113', '2014-06-28 16:44:44', '1', '4028d881436d514601436d5215ac0043');
INSERT INTO `t_s_log` VALUES ('402889f146e1ac510146e1af56f60000', 'Firefox', '用户: admin[信息部]登录成功', '1', '192.168.9.113', '2014-06-28 16:55:03', '1', '4028d881436d514601436d5215ac0043');
INSERT INTO `t_s_log` VALUES ('402889f146e1ac510146e1bf2ec10001', 'Firefox', '同步菜单信息数据失败！', '4', '192.168.9.113', '2014-06-28 17:12:21', '1', '4028d881436d514601436d5215ac0043');
INSERT INTO `t_s_log` VALUES ('402889f146e1ac510146e1c19e280002', 'Firefox', '同步菜单信息数据失败！', '4', '192.168.9.113', '2014-06-28 17:15:01', '1', '4028d881436d514601436d5215ac0043');
INSERT INTO `t_s_log` VALUES ('402889f146e1ac510146e1c6398c0003', 'Firefox', '同步菜单信息数据失败！', '4', '192.168.9.113', '2014-06-28 17:20:02', '1', '4028d881436d514601436d5215ac0043');
INSERT INTO `t_s_log` VALUES ('402889f146e1ac510146e1c7ea690004', 'Firefox', '同步菜单信息数据失败！', '4', '192.168.9.113', '2014-06-28 17:21:53', '1', '4028d881436d514601436d5215ac0043');
INSERT INTO `t_s_log` VALUES ('402889f346dc66c30146dc778e9a0000', 'Chrome', '用户: admin[信息部]登录成功', '1', '192.168.9.115', '2014-06-27 16:36:01', '1', '4028d881436d514601436d5215ac0043');
INSERT INTO `t_s_log` VALUES ('402889f346dc66c30146dc7c1c450003', 'Chrome', '信息添加成功', '3', '192.168.9.115', '2014-06-27 16:40:59', '1', '4028d881436d514601436d5215ac0043');
INSERT INTO `t_s_log` VALUES ('402889f346dc66c30146dc7cd4510007', 'Chrome', '微信单图消息添加成功', '3', '192.168.9.115', '2014-06-27 16:41:46', '1', '4028d881436d514601436d5215ac0043');
INSERT INTO `t_s_log` VALUES ('402889f346dc66c30146dc7cfb05000a', 'Chrome', '微信单图消息添加成功', '3', '192.168.9.115', '2014-06-27 16:41:56', '1', '4028d881436d514601436d5215ac0043');
INSERT INTO `t_s_log` VALUES ('402889f346dc8a220146dc8ac3190000', 'Chrome', '用户: admin[信息部]登录成功', '1', '192.168.9.115', '2014-06-27 16:56:59', '1', '4028d881436d514601436d5215ac0043');
INSERT INTO `t_s_log` VALUES ('402889f346dc8a220146dc8b16a60001', 'Chrome', '用户: admin[信息部]登录成功', '1', '192.168.9.115', '2014-06-27 16:57:21', '1', '4028d881436d514601436d5215ac0043');
INSERT INTO `t_s_log` VALUES ('402889f346dc8a220146dc8d69990002', 'Chrome', '用户: admin[信息部]登录成功', '1', '192.168.9.115', '2014-06-27 16:59:53', '1', '4028d881436d514601436d5215ac0043');
INSERT INTO `t_s_log` VALUES ('402889f346dc8a220146dc8d92dd0003', 'Chrome', '用户admin已退出', '2', '192.168.9.115', '2014-06-27 17:00:04', '1', '4028d881436d514601436d5215ac0043');
INSERT INTO `t_s_log` VALUES ('402889f346dc8a220146dc8ea8cc0004', 'Chrome', '用户: admin[信息部]登录成功', '1', '192.168.9.115', '2014-06-27 17:01:15', '1', '4028d881436d514601436d5215ac0043');
INSERT INTO `t_s_log` VALUES ('402889f346dc8a220146dc8fec310005', 'Chrome', '用户admin已退出', '2', '192.168.9.115', '2014-06-27 17:02:38', '1', '4028d881436d514601436d5215ac0043');
INSERT INTO `t_s_log` VALUES ('402889f346dc8a220146dc90209a0006', 'Chrome', '用户: admin[信息部]登录成功', '1', '192.168.9.115', '2014-06-27 17:02:51', '1', '4028d881436d514601436d5215ac0043');
INSERT INTO `t_s_log` VALUES ('402889f346dc8a220146dc9520650008', 'Chrome', '用户admin已退出', '2', '192.168.9.115', '2014-06-27 17:08:19', '1', '4028d881436d514601436d5215ac0043');
INSERT INTO `t_s_log` VALUES ('402889f346dc8a220146dca372870009', 'Chrome', '用户: admin[信息部]登录成功', '1', '192.168.9.115', '2014-06-27 17:23:57', '1', '4028d881436d514601436d5215ac0043');
INSERT INTO `t_s_log` VALUES ('402889f346dc8a220146dca3c44f000a', 'Chrome', '用户: admin[信息部]登录成功', '1', '192.168.9.115', '2014-06-27 17:24:18', '1', '4028d881436d514601436d5215ac0043');
INSERT INTO `t_s_log` VALUES ('402889f346dcad7f0146dcade99f0000', 'Chrome', '用户: admin[信息部]登录成功', '1', '192.168.9.115', '2014-06-27 17:35:23', '1', '4028d881436d514601436d5215ac0043');
INSERT INTO `t_s_log` VALUES ('402889f346dcad7f0146dcb414f50001', 'Chrome', '用户admin已退出', '2', '192.168.9.115', '2014-06-27 17:42:07', '1', '4028d881436d514601436d5215ac0043');
INSERT INTO `t_s_log` VALUES ('402889f34705e8f8014705e9a9e00000', 'Firefox', '用户: admin[信息部]登录成功', '1', '192.168.9.115', '2014-07-05 17:45:05', '1', '4028d881436d514601436d5215ac0043');
INSERT INTO `t_s_log` VALUES ('402889f34705e8f8014705ea64100001', 'Firefox', '权限: 广告管理被删除成功', '4', '192.168.9.115', '2014-07-05 17:45:52', '1', '4028d881436d514601436d5215ac0043');
INSERT INTO `t_s_log` VALUES ('402889f34705e8f8014705ea74ff0002', 'Firefox', '权限: 栏目管理被删除成功', '4', '192.168.9.115', '2014-07-05 17:45:57', '1', '4028d881436d514601436d5215ac0043');
INSERT INTO `t_s_log` VALUES ('402889f34705e8f8014705ea85e40003', 'Firefox', '权限: 信息管理被删除成功', '4', '192.168.9.115', '2014-07-05 17:46:01', '1', '4028d881436d514601436d5215ac0043');
INSERT INTO `t_s_log` VALUES ('402889f34705e8f8014705ea8f440004', 'Firefox', '权限: 微信CMS被删除成功', '4', '192.168.9.115', '2014-07-05 17:46:03', '1', '4028d881436d514601436d5215ac0043');
INSERT INTO `t_s_log` VALUES ('402889f34705e8f8014705eb337e0005', 'Firefox', '用户admin已退出', '2', '192.168.9.115', '2014-07-05 17:46:46', '1', '4028d881436d514601436d5215ac0043');
INSERT INTO `t_s_log` VALUES ('402889f34705e8f8014705eb55b50006', 'Firefox', '用户: admin[信息部]登录成功', '1', '192.168.9.115', '2014-07-05 17:46:54', '1', '4028d881436d514601436d5215ac0043');
INSERT INTO `t_s_log` VALUES ('402889f34705e8f8014705ebd90b0007', 'Firefox', '用户admin已退出', '2', '192.168.9.115', '2014-07-05 17:47:28', '1', '4028d881436d514601436d5215ac0043');
INSERT INTO `t_s_log` VALUES ('402889f34705e8f8014705ec0b780008', 'Firefox', '用户: admin[信息部]登录成功', '1', '192.168.9.115', '2014-07-05 17:47:41', '1', '4028d881436d514601436d5215ac0043');
INSERT INTO `t_s_log` VALUES ('402889f446ef76460146ef770ca30000', 'Firefox', '用户: admin[信息部]登录成功', '1', '192.168.9.116', '2014-07-01 09:08:15', '1', '4028d881436d514601436d5215ac0043');
INSERT INTO `t_s_log` VALUES ('402889f446ef76460146ef7e757a0001', 'Firefox', '更新zhangsan的菜单信息信息成功！', '5', '192.168.9.116', '2014-07-01 09:16:20', '1', '4028d881436d514601436d5215ac0043');
INSERT INTO `t_s_log` VALUES ('402889f446ef76460146ef7ee6990002', 'Firefox', '更新zhangsan11的菜单信息信息成功！', '5', '192.168.9.116', '2014-07-01 09:16:49', '1', '4028d881436d514601436d5215ac0043');
INSERT INTO `t_s_log` VALUES ('402889f446ef76460146ef7efc7c0003', 'Firefox', '更新zhangsan11的菜单信息信息成功！', '5', '192.168.9.116', '2014-07-01 09:16:55', '1', '4028d881436d514601436d5215ac0043');
INSERT INTO `t_s_log` VALUES ('402889f446ef76460146ef80d05c0005', 'Firefox', '用户admin已退出', '2', '192.168.9.116', '2014-07-01 09:18:55', '1', '4028d881436d514601436d5215ac0043');
INSERT INTO `t_s_log` VALUES ('402889f446ef76460146ef819e990006', 'Firefox', '用户: admin[信息部]登录成功', '1', '192.168.9.116', '2014-07-01 09:19:47', '1', '4028d881436d514601436d5215ac0043');
INSERT INTO `t_s_log` VALUES ('402889f446ef76460146ef821ce00008', 'Firefox', '类型分组: weixintype被添加成功', '3', '192.168.9.116', '2014-07-01 09:20:20', '1', '4028d881436d514601436d5215ac0043');
INSERT INTO `t_s_log` VALUES ('402889f446ef76460146ef823f8c0009', 'Firefox', '类型分组: 公众账号类型被更新成功', '5', '192.168.9.116', '2014-07-01 09:20:29', '1', '4028d881436d514601436d5215ac0043');
INSERT INTO `t_s_log` VALUES ('402889f446ef76460146ef82872b000b', 'Firefox', '类型: A01被添加成功', '3', '192.168.9.116', '2014-07-01 09:20:47', '1', '4028d881436d514601436d5215ac0043');
INSERT INTO `t_s_log` VALUES ('402889f446ef76460146ef82be03000d', 'Firefox', '类型: A02被添加成功', '3', '192.168.9.116', '2014-07-01 09:21:01', '1', '4028d881436d514601436d5215ac0043');
INSERT INTO `t_s_log` VALUES ('402889f446ef76460146ef82e6de000e', 'Firefox', '类型: 服务号被更新成功', '5', '192.168.9.116', '2014-07-01 09:21:11', '1', '4028d881436d514601436d5215ac0043');
INSERT INTO `t_s_log` VALUES ('402889f446ef76460146ef83093f000f', 'Firefox', '类型: 订阅号被更新成功', '5', '192.168.9.116', '2014-07-01 09:21:20', '1', '4028d881436d514601436d5215ac0043');
INSERT INTO `t_s_log` VALUES ('402889f446ef76460146ef85fcdc0010', 'Firefox', '微信公众帐号信息更新成功', '5', '192.168.9.116', '2014-07-01 09:24:34', '1', '4028d881436d514601436d5215ac0043');
INSERT INTO `t_s_log` VALUES ('402889f446ef76460146ef8624c90011', 'Firefox', '微信公众帐号信息更新成功', '5', '192.168.9.116', '2014-07-01 09:24:44', '1', '4028d881436d514601436d5215ac0043');
INSERT INTO `t_s_log` VALUES ('402889f446ef98ea0146ef99f8b70000', 'Firefox', '用户: admin[信息部]登录成功', '1', '192.168.9.116', '2014-07-01 09:46:23', '1', '4028d881436d514601436d5215ac0043');
INSERT INTO `t_s_log` VALUES ('402889f446efabff0146efac919d0000', 'Firefox', '用户: admin[信息部]登录成功', '1', '192.168.9.116', '2014-07-01 10:06:42', '1', '4028d881436d514601436d5215ac0043');
INSERT INTO `t_s_log` VALUES ('402889f446efabff0146eface2e10003', 'Firefox', '栏目管理添加成功', '3', '192.168.9.116', '2014-07-01 10:07:03', '1', '4028d881436d514601436d5215ac0043');
INSERT INTO `t_s_log` VALUES ('402889f446efabff0146efacede10004', 'Firefox', '栏目管理删除成功', '4', '192.168.9.116', '2014-07-01 10:07:06', '1', '4028d881436d514601436d5215ac0043');
INSERT INTO `t_s_log` VALUES ('402889f446efe57b0146efe5dd7f0000', 'Firefox', '用户: admin[信息部]登录成功', '1', '192.168.9.116', '2014-07-01 11:09:17', '1', '4028d881436d514601436d5215ac0043');
INSERT INTO `t_s_log` VALUES ('402889f446efe57b0146efe66d160004', 'Firefox', '用户admin已退出', '2', '192.168.9.116', '2014-07-01 11:09:54', '1', '4028d881436d514601436d5215ac0043');
INSERT INTO `t_s_log` VALUES ('402889f446efe57b0146efe690a50005', 'Firefox', '用户: admin[信息部]登录成功', '1', '192.168.9.116', '2014-07-01 11:10:03', '1', '4028d881436d514601436d5215ac0043');
INSERT INTO `t_s_log` VALUES ('402889f446efeabf0146efeb5ddb0000', 'Firefox', '用户: admin[信息部]登录成功', '1', '192.168.9.116', '2014-07-01 11:15:18', '1', '4028d881436d514601436d5215ac0043');
INSERT INTO `t_s_log` VALUES ('402889f446f010de0146f011878f0000', 'Firefox', '用户: admin[信息部]登录成功', '1', '192.168.9.116', '2014-07-01 11:56:59', '1', '4028d881436d514601436d5215ac0043');
INSERT INTO `t_s_log` VALUES ('402889f446f010de0146f011da210001', 'Firefox', '用户admin已退出', '2', '192.168.9.116', '2014-07-01 11:57:20', '1', '4028d881436d514601436d5215ac0043');
INSERT INTO `t_s_log` VALUES ('402889f446f010de0146f011f4ee0002', 'Firefox', '用户: admin[信息部]登录成功', '1', '192.168.9.116', '2014-07-01 11:57:27', '1', '4028d881436d514601436d5215ac0043');
INSERT INTO `t_s_log` VALUES ('402889f446f103720146f103f8d70000', 'Firefox', '用户: admin[信息部]登录成功', '1', '192.168.9.116', '2014-07-01 16:21:47', '1', '4028d881436d514601436d5215ac0043');
INSERT INTO `t_s_log` VALUES ('402889f446f10f050146f10fe6410000', 'Firefox', '用户: admin[信息部]登录成功', '1', '192.168.9.116', '2014-07-01 16:34:49', '1', '4028d881436d514601436d5215ac0043');
INSERT INTO `t_s_log` VALUES ('4028d881436d514601436d52187300c5', 'Chrome', '用户: admin登录成功', '1', '169.254.200.136', '2013-04-24 16:22:00', '1', '4028d881436d514601436d5215ac0043');
INSERT INTO `t_s_log` VALUES ('4028d881436d514601436d52187c00c6', 'Chrome', '用户: admin登录成功', '1', '10.10.10.1', '2013-04-24 17:12:00', '1', '4028d881436d514601436d5215ac0043');
INSERT INTO `t_s_log` VALUES ('4028d881436d514601436d52187d00c7', 'Chrome', '用户: admin登录成功', '1', '169.254.218.201', '2013-03-10 15:37:00', '1', '4028d881436d514601436d5215ac0043');
INSERT INTO `t_s_log` VALUES ('4028d881436d514601436d52187f00c8', 'Chrome', '用户admin已退出', '2', '169.254.218.201', '2013-03-10 15:38:00', '1', '4028d881436d514601436d5215ac0043');
INSERT INTO `t_s_log` VALUES ('4028d881436d514601436d52188000c9', 'MSIE 9.0', '用户: admin登录成功', '1', '169.254.218.201', '2013-03-10 15:38:00', '1', '4028d881436d514601436d5215ac0043');
INSERT INTO `t_s_log` VALUES ('4028d881436d514601436d52188200ca', 'MSIE 9.0', 'JeecgDemo例子: 12被删除 成功', '4', '169.254.218.201', '2013-03-10 15:39:00', '1', '4028d881436d514601436d5215ac0043');
INSERT INTO `t_s_log` VALUES ('4028d881436d514601436d52188400cb', 'MSIE 9.0', 'JeecgDemo例子: 12被删除 成功', '4', '169.254.218.201', '2013-03-10 15:39:00', '1', '4028d881436d514601436d5215ac0043');
INSERT INTO `t_s_log` VALUES ('4028d881436d514601436d52188600cc', 'Chrome', 'JeecgDemo例子: 12被删除 成功', '4', '169.254.218.201', '2013-03-10 15:39:00', '1', '4028d881436d514601436d5215ac0043');
INSERT INTO `t_s_log` VALUES ('4028d881436d514601436d52188700cd', 'MSIE 9.0', '权限: 单表模型被更新成功', '5', '169.254.218.201', '2013-03-10 15:39:00', '1', '4028d881436d514601436d5215ac0043');
INSERT INTO `t_s_log` VALUES ('4028d881436d514601436d52188800ce', 'Chrome', '删除成功', '4', '169.254.218.201', '2013-03-10 15:39:00', '1', '4028d881436d514601436d5215ac0043');
INSERT INTO `t_s_log` VALUES ('4028d881436d514601436d52188900cf', 'MSIE 9.0', '删除成功', '4', '169.254.218.201', '2013-03-10 15:39:00', '1', '4028d881436d514601436d5215ac0043');
INSERT INTO `t_s_log` VALUES ('4028d881436d514601436d52188b00d0', 'Chrome', '删除成功', '4', '169.254.218.201', '2013-03-10 15:39:00', '1', '4028d881436d514601436d5215ac0043');
INSERT INTO `t_s_log` VALUES ('4028d881436d514601436d52188c00d1', 'Firefox', '删除成功', '4', '169.254.218.201', '2013-03-10 15:39:00', '1', '4028d881436d514601436d5215ac0043');
INSERT INTO `t_s_log` VALUES ('4028d881436d514601436d52188e00d2', 'Chrome', '添加成功', '3', '169.254.218.201', '2013-03-10 15:40:00', '1', '4028d881436d514601436d5215ac0043');
INSERT INTO `t_s_log` VALUES ('4028d881436d514601436d52188f00d3', 'Chrome', '更新成功', '5', '169.254.218.201', '2013-03-10 15:40:00', '1', '4028d881436d514601436d5215ac0043');
INSERT INTO `t_s_log` VALUES ('4028d881436d514601436d52189100d4', 'Chrome', 'JeecgDemo例子: 12被添加成功', '3', '169.254.218.201', '2013-03-10 15:40:00', '1', '4028d881436d514601436d5215ac0043');
INSERT INTO `t_s_log` VALUES ('4028d881436d514601436d52189400d5', 'Chrome', '部门: 信息部被更新成功', '5', '169.254.218.201', '2013-03-10 15:41:00', '1', '4028d881436d514601436d5215ac0043');
INSERT INTO `t_s_log` VALUES ('4028d881436d514601436d52189600d6', 'Chrome', '部门: 设计部被更新成功', '5', '169.254.218.201', '2013-03-10 15:41:00', '1', '4028d881436d514601436d5215ac0043');
INSERT INTO `t_s_log` VALUES ('4028d881436d514601436d52189800d7', 'Chrome', '类型: 信息部流程被更新成功', '5', '169.254.218.201', '2013-03-10 15:46:00', '1', '4028d881436d514601436d5215ac0043');
INSERT INTO `t_s_log` VALUES ('4028d881436d514601436d52189a00d8', 'Chrome', '用户: admin登录成功', '1', '169.254.218.201', '2013-03-10 15:48:00', '1', '4028d881436d514601436d5215ac0043');
INSERT INTO `t_s_log` VALUES ('4028d881436d514601436d52189c00d9', 'Firefox', '用户: admin登录成功', '1', '169.254.218.201', '2013-03-21 23:23:00', '1', '4028d881436d514601436d5215ac0043');
INSERT INTO `t_s_log` VALUES ('4028d881436d514601436d52189d00da', 'Chrome', '用户: admin登录成功', '1', '169.254.218.201', '2013-03-21 23:26:00', '1', '4028d881436d514601436d5215ac0043');
INSERT INTO `t_s_log` VALUES ('4028d881436d514601436d52189f00db', 'Chrome', '权限: 一对多实例被添加成功', '3', '169.254.218.201', '2013-03-21 23:28:00', '1', '4028d881436d514601436d5215ac0043');
INSERT INTO `t_s_log` VALUES ('4028d881436d514601436d5218a100dc', 'Chrome', '用户: admin登录成功', '1', '169.254.218.201', '2013-03-22 08:25:00', '1', '4028d881436d514601436d5215ac0043');
INSERT INTO `t_s_log` VALUES ('4028d881436d514601436d5218a300dd', 'Firefox', '用户: admin登录成功', '1', '169.254.218.201', '2013-03-22 09:05:00', '1', '4028d881436d514601436d5215ac0043');
INSERT INTO `t_s_log` VALUES ('4028d881436d514601436d5218a500de', 'Chrome', '用户: admin登录成功', '1', '169.254.218.201', '2013-03-22 09:09:00', '1', '4028d881436d514601436d5215ac0043');
INSERT INTO `t_s_log` VALUES ('4028d881436d514601436d5218a600df', 'MSIE 8.0', '用户: admin登录成功', '1', '169.254.218.201', '2013-03-22 09:28:00', '1', '4028d881436d514601436d5215ac0043');
INSERT INTO `t_s_log` VALUES ('4028d881436d514601436d5218a700e0', 'Firefox', '用户: admin登录成功', '1', '169.254.218.201', '2013-03-22 10:32:00', '1', '4028d881436d514601436d5215ac0043');
INSERT INTO `t_s_log` VALUES ('4028d881436d514601436d5218a900e1', 'Chrome', '物品: 笔记本添加成功', '3', '169.254.218.201', '2013-03-22 10:35:00', '1', '4028d881436d514601436d5215ac0043');
INSERT INTO `t_s_log` VALUES ('4028d881436d514601436d5218aa00e2', 'Firefox', '用户: admin登录成功', '1', '169.254.218.201', '2013-03-22 10:41:00', '1', '4028d881436d514601436d5215ac0043');
INSERT INTO `t_s_log` VALUES ('4028d881436d514601436d5218ab00e3', 'Firefox', '用户: admin登录成功', '1', '169.254.218.201', '2013-03-22 16:11:00', '1', '4028d881436d514601436d5215ac0043');
INSERT INTO `t_s_log` VALUES ('4028d881436d514601436d5218ac00e4', 'Chrome', '用户: admin登录成功', '1', '169.254.218.201', '2013-03-22 21:49:00', '1', '4028d881436d514601436d5215ac0043');
INSERT INTO `t_s_log` VALUES ('4028d881436d514601436d5218ae00e5', 'Chrome', '用户: admin登录成功', '1', '169.254.218.201', '2013-03-22 23:17:00', '1', '4028d881436d514601436d5215ac0043');
INSERT INTO `t_s_log` VALUES ('4028d881436d514601436d5218af00e6', 'Chrome', '用户: admin登录成功', '1', '169.254.218.201', '2013-03-22 23:27:00', '1', '4028d881436d514601436d5215ac0043');
INSERT INTO `t_s_log` VALUES ('4028d881436d514601436d5218b100e7', 'Chrome', '用户: admin登录成功', '1', '169.254.218.201', '2013-03-23 00:16:00', '1', '4028d881436d514601436d5215ac0043');
INSERT INTO `t_s_log` VALUES ('4028d881436d514601436d5218b200e8', 'Chrome', '用户: admin登录成功', '1', '169.254.218.201', '2013-03-23 00:22:00', '1', '4028d881436d514601436d5215ac0043');
INSERT INTO `t_s_log` VALUES ('4028d881436d514601436d5218b300e9', 'Firefox', '用户: admin登录成功', '1', '169.254.218.201', '2013-03-23 00:31:00', '1', '4028d881436d514601436d5215ac0043');
INSERT INTO `t_s_log` VALUES ('4028d881436d514601436d5218b400ea', 'Chrome', '用户: admin登录成功', '1', '169.254.218.201', '2013-03-23 14:23:00', '1', '4028d881436d514601436d5215ac0043');
INSERT INTO `t_s_log` VALUES ('4028d881436d514601436d5218b600eb', 'Chrome', '流程参数: 主任审批被添加成功', '3', '169.254.218.201', '2013-03-23 15:05:00', '1', '4028d881436d514601436d5215ac0043');
INSERT INTO `t_s_log` VALUES ('4028d881436d514601436d5218b800ec', 'Firefox', '业务参数: 入职申请被添加成功', '3', '169.254.218.201', '2013-03-23 15:05:00', '1', '4028d881436d514601436d5215ac0043');
INSERT INTO `t_s_log` VALUES ('4028d881436d514601436d5218bb00ed', 'Chrome', '权限: 入职申请被添加成功', '3', '169.254.218.201', '2013-03-23 15:12:00', '1', '4028d881436d514601436d5215ac0043');
INSERT INTO `t_s_log` VALUES ('4028d881436d514601436d5218bc00ee', 'Firefox', '权限: 入职办理被添加成功', '3', '169.254.218.201', '2013-03-23 15:13:00', '1', '4028d881436d514601436d5215ac0043');
INSERT INTO `t_s_log` VALUES ('4028d881436d514601436d5218be00ef', 'Chrome', '用户: admin登录成功', '1', '10.10.10.1', '2013-05-06 15:27:00', '1', '4028d881436d514601436d5215ac0043');
INSERT INTO `t_s_log` VALUES ('4028d881436d514601436d5218c000f0', 'MSIE 8.0', '用户: admin登录成功', '1', '192.168.197.1', '2013-07-07 15:16:00', '1', '4028d881436d514601436d5215ac0043');
INSERT INTO `t_s_log` VALUES ('4028d881436d514601436d5218c200f1', 'MSIE 8.0', '用户: admin登录成功', '1', '192.168.197.1', '2013-07-07 16:02:00', '1', '4028d881436d514601436d5215ac0043');
INSERT INTO `t_s_log` VALUES ('4028d881436d514601436d5218c400f2', 'MSIE 8.0', '用户: admin登录成功', '1', '192.168.197.1', '2013-07-07 16:07:00', '1', '4028d881436d514601436d5215ac0043');
INSERT INTO `t_s_log` VALUES ('4028d881436d514601436d5218c600f3', 'MSIE 8.0', '用户: admin登录成功', '1', '192.168.197.1', '2013-07-07 16:09:00', '1', '4028d881436d514601436d5215ac0043');
INSERT INTO `t_s_log` VALUES ('4028d881436d514601436d5218c800f4', 'MSIE 8.0', '用户: admin登录成功', '1', '192.168.197.1', '2013-07-07 16:11:00', '1', '4028d881436d514601436d5215ac0043');
INSERT INTO `t_s_log` VALUES ('4028d881436d514601436d5218ca00f5', 'MSIE 8.0', '用户: admin登录成功', '1', '192.168.197.1', '2013-07-07 16:13:00', '1', '4028d881436d514601436d5215ac0043');
INSERT INTO `t_s_log` VALUES ('4028d881436d514601436d5218cc00f6', 'MSIE 8.0', '用户: admin登录成功', '1', '192.168.197.1', '2013-07-07 16:16:00', '1', '4028d881436d514601436d5215ac0043');
INSERT INTO `t_s_log` VALUES ('4028d881436d514601436d5218cd00f7', 'MSIE 8.0', '用户: admin登录成功', '1', '192.168.197.1', '2013-07-07 16:19:00', '1', '4028d881436d514601436d5215ac0043');
INSERT INTO `t_s_log` VALUES ('4028d881436d514601436d5218ce00f8', 'MSIE 8.0', '用户: admin登录成功', '1', '192.168.197.1', '2013-07-07 16:27:00', '1', '4028d881436d514601436d5215ac0043');
INSERT INTO `t_s_log` VALUES ('4028d881436d514601436d5218d100f9', 'MSIE 8.0', '用户: admin登录成功', '1', '192.168.197.1', '2013-07-07 16:42:00', '1', '4028d881436d514601436d5215ac0043');
INSERT INTO `t_s_log` VALUES ('4028d881436d514601436d5218d200fa', 'MSIE 8.0', '用户: admin登录成功', '1', '192.168.197.1', '2013-07-07 16:44:00', '1', '4028d881436d514601436d5215ac0043');
INSERT INTO `t_s_log` VALUES ('4028d881436d514601436d5218d300fb', 'MSIE 8.0', '用户: admin登录成功', '1', '192.168.197.1', '2013-07-07 16:49:00', '1', '4028d881436d514601436d5215ac0043');
INSERT INTO `t_s_log` VALUES ('4028d881436d514601436d5218d500fc', 'MSIE 8.0', '用户: admin登录成功', '1', '192.168.197.1', '2013-07-07 16:50:00', '1', '4028d881436d514601436d5215ac0043');
INSERT INTO `t_s_log` VALUES ('4028d881436d514601436d5218d600fd', 'MSIE 8.0', '用户: admin登录成功', '1', '192.168.197.1', '2013-07-07 16:53:00', '1', '4028d881436d514601436d5215ac0043');
INSERT INTO `t_s_log` VALUES ('4028d881436d514601436d5218d700fe', 'MSIE 8.0', '修改成功', '5', '192.168.197.1', '2013-07-07 16:56:00', '1', '4028d881436d514601436d5215ac0043');
INSERT INTO `t_s_log` VALUES ('4028d881436d514601436d5218d900ff', 'MSIE 8.0', '用户: admin登录成功', '1', '192.168.197.1', '2013-07-07 16:59:00', '1', '4028d881436d514601436d5215ac0043');
INSERT INTO `t_s_log` VALUES ('4028d881436d514601436d5218da0100', 'MSIE 8.0', '创建成功', '3', '192.168.197.1', '2013-07-07 17:22:00', '1', '4028d881436d514601436d5215ac0043');
INSERT INTO `t_s_log` VALUES ('4028d881436d514601436d5218dc0101', 'MSIE 8.0', '修改成功', '5', '192.168.197.1', '2013-07-07 17:26:00', '1', '4028d881436d514601436d5215ac0043');
INSERT INTO `t_s_log` VALUES ('4028d881436d514601436d5218de0102', 'MSIE 8.0', '删除成功', '4', '192.168.197.1', '2013-07-07 17:31:00', '1', '4028d881436d514601436d5215ac0043');
INSERT INTO `t_s_log` VALUES ('4028d881436d514601436d5218df0103', 'MSIE 8.0', '修改成功', '5', '192.168.197.1', '2013-07-07 17:35:00', '1', '4028d881436d514601436d5215ac0043');
INSERT INTO `t_s_log` VALUES ('4028d881436d514601436d5218e00104', 'MSIE 8.0', '用户: admin登录成功', '1', '192.168.197.1', '2013-07-07 17:46:00', '1', '4028d881436d514601436d5215ac0043');
INSERT INTO `t_s_log` VALUES ('4028d881436d514601436d5218e20105', 'MSIE 8.0', '用户: admin登录成功', '1', '192.168.197.1', '2013-07-07 17:55:00', '1', '4028d881436d514601436d5215ac0043');
INSERT INTO `t_s_log` VALUES ('4028d881436d514601436d5218e30106', 'MSIE 8.0', '用户: admin登录成功', '1', '192.168.197.1', '2013-07-07 18:08:00', '1', '4028d881436d514601436d5215ac0043');
INSERT INTO `t_s_log` VALUES ('4028d881436d514601436d5218e40107', 'MSIE 8.0', '用户: admin登录成功', '1', '192.168.197.1', '2013-07-07 18:13:00', '1', '4028d881436d514601436d5215ac0043');
INSERT INTO `t_s_log` VALUES ('4028d881436d514601436d5218e60108', 'MSIE 8.0', '用户: admin登录成功', '1', '192.168.197.1', '2013-07-07 18:15:00', '1', '4028d881436d514601436d5215ac0043');
INSERT INTO `t_s_log` VALUES ('4028d881436d514601436d5218e70109', 'MSIE 8.0', '修改成功', '5', '192.168.197.1', '2013-07-07 18:28:00', '1', '4028d881436d514601436d5215ac0043');
INSERT INTO `t_s_log` VALUES ('4028d881436d514601436d5218e9010a', 'MSIE 8.0', '修改成功', '5', '192.168.197.1', '2013-07-07 18:29:00', '1', '4028d881436d514601436d5215ac0043');
INSERT INTO `t_s_log` VALUES ('4028d881436d514601436d5218ed010b', 'MSIE 8.0', '修改成功', '5', '192.168.197.1', '2013-07-07 18:30:00', '1', '4028d881436d514601436d5215ac0043');
INSERT INTO `t_s_log` VALUES ('4028d881436d514601436d5218f0010c', 'MSIE 8.0', '修改成功', '5', '192.168.197.1', '2013-07-07 18:31:00', '1', '4028d881436d514601436d5215ac0043');
INSERT INTO `t_s_log` VALUES ('4028d881436d514601436d5218f3010d', 'MSIE 8.0', '修改成功', '5', '192.168.197.1', '2013-07-07 18:31:00', '1', '4028d881436d514601436d5215ac0043');
INSERT INTO `t_s_log` VALUES ('4028d881436d514601436d5218f5010e', 'MSIE 9.0', '物品: 555添加成功', '3', '192.168.1.103', '2013-03-20 23:03:00', '1', '4028d881436d514601436d5215ac0043');
INSERT INTO `t_s_log` VALUES ('4028d881436d514601436d5218f7010f', 'MSIE 9.0', '用户: admin登录成功', '1', '192.168.1.103', '2013-03-20 23:19:00', '1', '4028d881436d514601436d5215ac0043');
INSERT INTO `t_s_log` VALUES ('4028d881436d514601436d5218f80110', 'MSIE 9.0', '用户: admin登录成功', '1', '192.168.1.103', '2013-03-21 20:09:00', '1', '4028d881436d514601436d5215ac0043');
INSERT INTO `t_s_log` VALUES ('4028d881436d514601436d5218fa0111', 'MSIE 9.0', '用户: admin登录成功', '1', '192.168.1.103', '2013-03-21 20:27:00', '1', '4028d881436d514601436d5215ac0043');
INSERT INTO `t_s_log` VALUES ('4028d881436d514601436d5218fb0112', 'MSIE 9.0', '用户: admin登录成功', '1', '192.168.1.103', '2013-03-21 20:44:00', '1', '4028d881436d514601436d5215ac0043');
INSERT INTO `t_s_log` VALUES ('4028d881436d514601436d5218fc0113', 'MSIE 9.0', '用户: admin登录成功', '1', '192.168.1.103', '2013-03-21 20:54:00', '1', '4028d881436d514601436d5215ac0043');
INSERT INTO `t_s_log` VALUES ('4028d881436d514601436d5218fe0114', 'MSIE 9.0', '用户: admin登录成功', '1', '192.168.1.103', '2013-03-21 21:01:00', '1', '4028d881436d514601436d5215ac0043');
INSERT INTO `t_s_log` VALUES ('4028d881436d514601436d5218ff0115', 'MSIE 9.0', '用户: admin登录成功', '1', '192.168.1.103', '2013-03-21 21:13:00', '1', '4028d881436d514601436d5215ac0043');
INSERT INTO `t_s_log` VALUES ('4028d881436d514601436d5219010116', 'MSIE 9.0', '物品: 55添加成功', '3', '192.168.1.103', '2013-03-21 21:15:00', '1', '4028d881436d514601436d5215ac0043');
INSERT INTO `t_s_log` VALUES ('4028d881436d514601436d5219040117', 'MSIE 9.0', '用户: admin登录成功', '1', '192.168.1.103', '2013-03-21 21:22:00', '1', '4028d881436d514601436d5215ac0043');
INSERT INTO `t_s_log` VALUES ('4028d881436d514601436d5219060118', 'MSIE 9.0', '物品: 55添加成功', '3', '192.168.1.103', '2013-03-21 21:23:00', '1', '4028d881436d514601436d5215ac0043');
INSERT INTO `t_s_log` VALUES ('4028d881436d514601436d5219080119', 'MSIE 9.0', '物品: 33添加成功', '3', '192.168.1.103', '2013-03-21 21:23:00', '1', '4028d881436d514601436d5215ac0043');
INSERT INTO `t_s_log` VALUES ('4028d881436d514601436d521909011a', 'MSIE 9.0', '用户: admin登录成功', '1', '192.168.1.103', '2013-03-21 21:25:00', '1', '4028d881436d514601436d5215ac0043');
INSERT INTO `t_s_log` VALUES ('4028d881436d514601436d52190b011b', 'MSIE 9.0', '用户: admin登录成功', '1', '192.168.1.103', '2013-03-21 21:27:00', '1', '4028d881436d514601436d5215ac0043');
INSERT INTO `t_s_log` VALUES ('4028d881436d514601436d52190c011c', 'MSIE 9.0', '权限: 采购审批被添加成功', '3', '192.168.1.103', '2013-03-21 21:29:00', '1', '4028d881436d514601436d5215ac0043');
INSERT INTO `t_s_log` VALUES ('4028d881436d514601436d52190d011d', 'MSIE 9.0', '权限: 采购审批被更新成功', '5', '192.168.1.103', '2013-03-21 21:29:00', '1', '4028d881436d514601436d5215ac0043');
INSERT INTO `t_s_log` VALUES ('4028d881436d514601436d52190f011e', 'MSIE 9.0', '权限: 采购审批被更新成功', '5', '192.168.1.103', '2013-03-21 21:30:00', '1', '4028d881436d514601436d5215ac0043');
INSERT INTO `t_s_log` VALUES ('4028d881436d514601436d521910011f', 'MSIE 9.0', '用户: admin更新成功', '5', '192.168.1.103', '2013-03-21 21:31:00', '1', '4028d881436d514601436d5215ac0043');
INSERT INTO `t_s_log` VALUES ('4028d881436d514601436d5219130120', 'MSIE 9.0', '流程参数: 采购审批员审批被添加成功', '3', '192.168.1.103', '2013-03-21 21:36:00', '1', '4028d881436d514601436d5215ac0043');
INSERT INTO `t_s_log` VALUES ('4028d881436d514601436d5219150121', 'MSIE 9.0', '流程参数: 采购审批员审批被更新成功', '5', '192.168.1.103', '2013-03-21 21:36:00', '1', '4028d881436d514601436d5215ac0043');
INSERT INTO `t_s_log` VALUES ('4028d881436d514601436d5219170122', 'MSIE 9.0', '流程参数: 采购审批员审批被更新成功', '5', '192.168.1.103', '2013-03-21 21:37:00', '1', '4028d881436d514601436d5215ac0043');
INSERT INTO `t_s_log` VALUES ('4028d881436d514601436d5219190123', 'MSIE 9.0', '流程类别: 采购审批员审批被删除 成功', '4', '192.168.1.103', '2013-03-21 21:38:00', '1', '4028d881436d514601436d5215ac0043');
INSERT INTO `t_s_log` VALUES ('4028d881436d514601436d52191c0124', 'MSIE 9.0', '物品: 44添加成功', '3', '192.168.1.103', '2013-03-21 21:43:00', '1', '4028d881436d514601436d5215ac0043');
INSERT INTO `t_s_log` VALUES ('4028d881436d514601436d52191e0125', 'MSIE 9.0', '用户: admin登录成功', '1', '192.168.1.105', '2013-02-07 10:10:00', '1', '4028d881436d514601436d5215ac0043');
INSERT INTO `t_s_log` VALUES ('4028d881436d514601436d5219200126', 'MSIE 9.0', '权限: 上传下载被添加成功', '3', '192.168.1.105', '2013-02-07 11:07:00', '1', '4028d881436d514601436d5215ac0043');
INSERT INTO `t_s_log` VALUES ('4028d881436d514601436d5219210127', 'MSIE 9.0', '权限: 插件演示被删除成功', '4', '192.168.1.105', '2013-02-07 11:07:00', '1', '4028d881436d514601436d5215ac0043');
INSERT INTO `t_s_log` VALUES ('4028d881436d514601436d5219230128', 'MSIE 9.0', '用户: admin登录成功', '1', '192.168.1.105', '2013-02-07 11:07:00', '1', '4028d881436d514601436d5215ac0043');
INSERT INTO `t_s_log` VALUES ('4028d881436d514601436d522e440180', 'Chrome', '用户: admin[信息部]登录成功', '1', '192.168.88.1', '2014-01-07 23:28:58', '1', '4028d881436d514601436d5215ac0043');
INSERT INTO `t_s_log` VALUES ('4028d881436d514601436d52c3440182', 'Chrome', '权限: 基础设置被添加成功', '3', '192.168.88.1', '2014-01-07 23:29:37', '1', '4028d881436d514601436d5215ac0043');
INSERT INTO `t_s_log` VALUES ('4028d881436d514601436d539c950184', 'Chrome', '权限: 菜单管理被添加成功', '3', '192.168.88.1', '2014-01-07 23:30:32', '1', '4028d881436d514601436d5215ac0043');
INSERT INTO `t_s_log` VALUES ('4028d881436d514601436d53cfd20186', 'Chrome', '权限: 关键字应答被添加成功', '3', '192.168.88.1', '2014-01-07 23:30:45', '1', '4028d881436d514601436d5215ac0043');
INSERT INTO `t_s_log` VALUES ('4028d881436d514601436d53ff2f0188', 'Chrome', '权限: 发送消息被添加成功', '3', '192.168.88.1', '2014-01-07 23:30:57', '1', '4028d881436d514601436d5215ac0043');
INSERT INTO `t_s_log` VALUES ('4028d881436d514601436d544978018a', 'Chrome', '权限: 微活动1被添加成功', '3', '192.168.88.1', '2014-01-07 23:31:16', '1', '4028d881436d514601436d5215ac0043');
INSERT INTO `t_s_log` VALUES ('4028d881436d514601436d5485f3018c', 'Chrome', '权限: 会员管理被添加成功', '3', '192.168.88.1', '2014-01-07 23:31:32', '1', '4028d881436d514601436d5215ac0043');
INSERT INTO `t_s_log` VALUES ('4028d881436d514601436d54b207018e', 'Chrome', '权限: 统计分析被添加成功', '3', '192.168.88.1', '2014-01-07 23:31:43', '1', '4028d881436d514601436d5215ac0043');
INSERT INTO `t_s_log` VALUES ('4028d881436d514601436d54e1080190', 'Chrome', '权限: 账号管理被添加成功', '3', '192.168.88.1', '2014-01-07 23:31:55', '1', '4028d881436d514601436d5215ac0043');
INSERT INTO `t_s_log` VALUES ('4028d881436d514601436d5619b80192', 'Chrome', '权限: 关注欢迎语被添加成功', '3', '192.168.88.1', '2014-01-07 23:33:15', '1', '4028d881436d514601436d5215ac0043');
INSERT INTO `t_s_log` VALUES ('4028d881436d514601436d56559f0194', 'Chrome', '权限: 未识别回复语被添加成功', '3', '192.168.88.1', '2014-01-07 23:33:31', '1', '4028d881436d514601436d5215ac0043');
INSERT INTO `t_s_log` VALUES ('4028d881436d514601436d569e610195', 'Chrome', '权限: 关注欢迎语被更新成功', '5', '192.168.88.1', '2014-01-07 23:33:49', '1', '4028d881436d514601436d5215ac0043');
INSERT INTO `t_s_log` VALUES ('4028d881436d514601436d56c7540196', 'Chrome', '权限: 未识别回复语被更新成功', '5', '192.168.88.1', '2014-01-07 23:34:00', '1', '4028d881436d514601436d5215ac0043');
INSERT INTO `t_s_log` VALUES ('4028d881436d514601436d571b010198', 'Chrome', '权限: 内容库管理被添加成功', '3', '192.168.88.1', '2014-01-07 23:34:21', '1', '4028d881436d514601436d5215ac0043');
INSERT INTO `t_s_log` VALUES ('4028d881436d514601436d574c5f019a', 'Chrome', '权限: 取消关注回复语被添加成功', '3', '192.168.88.1', '2014-01-07 23:34:34', '1', '4028d881436d514601436d5215ac0043');
INSERT INTO `t_s_log` VALUES ('4028d881436d514601436d585d05019c', 'Chrome', '权限: 自动应答菜单被添加成功', '3', '192.168.88.1', '2014-01-07 23:35:44', '1', '4028d881436d514601436d5215ac0043');
INSERT INTO `t_s_log` VALUES ('4028d881436d514601436d588500019e', 'Chrome', '权限: 自定义菜单被添加成功', '3', '192.168.88.1', '2014-01-07 23:35:54', '1', '4028d881436d514601436d5215ac0043');
INSERT INTO `t_s_log` VALUES ('4028d881436d514601436d58cfd801a0', 'Chrome', '权限: 关键字应答被添加成功', '3', '192.168.88.1', '2014-01-07 23:36:13', '1', '4028d881436d514601436d5215ac0043');
INSERT INTO `t_s_log` VALUES ('4028d881436d514601436d58ff9e01a2', 'Chrome', '权限: 群发消息被添加成功', '3', '192.168.88.1', '2014-01-07 23:36:25', '1', '4028d881436d514601436d5215ac0043');
INSERT INTO `t_s_log` VALUES ('4028d881436d514601436d592c4301a4', 'Chrome', '权限: 单发消息被添加成功', '3', '192.168.88.1', '2014-01-07 23:36:37', '1', '4028d881436d514601436d5215ac0043');
INSERT INTO `t_s_log` VALUES ('4028d881436d514601436d59987501a6', 'Chrome', '权限: 微大转盘被添加成功', '3', '192.168.88.1', '2014-01-07 23:37:04', '1', '4028d881436d514601436d5215ac0043');
INSERT INTO `t_s_log` VALUES ('4028d881436d514601436d59d73801a8', 'Chrome', '权限: 微信刮刮乐被添加成功', '3', '192.168.88.1', '2014-01-07 23:37:20', '1', '4028d881436d514601436d5215ac0043');
INSERT INTO `t_s_log` VALUES ('4028d881436d514601436d5a192c01aa', 'Chrome', '权限: 数据统计被添加成功', '3', '192.168.88.1', '2014-01-07 23:37:37', '1', '4028d881436d514601436d5215ac0043');
INSERT INTO `t_s_log` VALUES ('4028d881436d514601436d5a5c8501ac', 'Chrome', '权限: 用户概况被添加成功', '3', '192.168.88.1', '2014-01-07 23:37:55', '1', '4028d881436d514601436d5215ac0043');
INSERT INTO `t_s_log` VALUES ('4028d881436d514601436d5a872001ae', 'Chrome', '权限: 用户分组被添加成功', '3', '192.168.88.1', '2014-01-07 23:38:05', '1', '4028d881436d514601436d5215ac0043');
INSERT INTO `t_s_log` VALUES ('4028d881436d514601436d5ac02801b0', 'Chrome', '权限: 会话记录被添加成功', '3', '192.168.88.1', '2014-01-07 23:38:20', '1', '4028d881436d514601436d5215ac0043');
INSERT INTO `t_s_log` VALUES ('4028d881436d514601436d5af99501b2', 'Chrome', '权限: 接口配置被添加成功', '3', '192.168.88.1', '2014-01-07 23:38:35', '1', '4028d881436d514601436d5215ac0043');
INSERT INTO `t_s_log` VALUES ('4028d881436d514601436d5b3bb401b4', 'Chrome', '权限: 企业资料被添加成功', '3', '192.168.88.1', '2014-01-07 23:38:52', '1', '4028d881436d514601436d5215ac0043');
INSERT INTO `t_s_log` VALUES ('4028d881436d514601436d5ce5f601ce', 'Chrome', '用户admin已退出', '2', '192.168.88.1', '2014-01-07 23:40:41', '1', '4028d881436d514601436d5215ac0043');
INSERT INTO `t_s_log` VALUES ('4028d881436d514601436d5d276a01cf', 'Chrome', '用户: admin[信息部]登录成功', '1', '192.168.88.1', '2014-01-07 23:40:58', '1', '4028d881436d514601436d5215ac0043');
INSERT INTO `t_s_log` VALUES ('4028d881436d514601436d5dfdb701d0', 'Chrome', '权限: 微活动被更新成功', '5', '192.168.88.1', '2014-01-07 23:41:52', '1', '4028d881436d514601436d5215ac0043');
INSERT INTO `t_s_log` VALUES ('4028d881436d514601436d5e419901d1', 'Chrome', '权限: 系统管理被更新成功', '5', '192.168.88.1', '2014-01-07 23:42:10', '1', '4028d881436d514601436d5215ac0043');
INSERT INTO `t_s_log` VALUES ('4028d881436d514601436d5e5c3c01d2', 'Chrome', '用户admin已退出', '2', '192.168.88.1', '2014-01-07 23:42:17', '1', '4028d881436d514601436d5215ac0043');
INSERT INTO `t_s_log` VALUES ('4028d881436d514601436d5e6dfa01d3', 'Chrome', '用户: admin[信息部]登录成功', '1', '192.168.88.1', '2014-01-07 23:42:21', '1', '4028d881436d514601436d5215ac0043');
INSERT INTO `t_s_log` VALUES ('4028d881436d514601436d61ad3701d4', 'Chrome', '权限: 自动应答菜单被更新成功', '5', '192.168.88.1', '2014-01-07 23:45:54', '1', '4028d881436d514601436d5215ac0043');
INSERT INTO `t_s_log` VALUES ('4028d881436d514601436d61c65901d5', 'Chrome', '权限: 自定义菜单被更新成功', '5', '192.168.88.1', '2014-01-07 23:46:00', '1', '4028d881436d514601436d5215ac0043');
INSERT INTO `t_s_log` VALUES ('4028d881436d7bbd01436d7c3ba70000', 'Chrome', '用户: admin[信息部]登录成功', '1', '192.168.88.1', '2014-01-08 00:14:54', '1', '4028d881436d514601436d5215ac0043');
INSERT INTO `t_s_log` VALUES ('4028d881436d7bbd01436d7cad630001', 'Chrome', '权限: 微信菜单被删除成功', '4', '192.168.88.1', '2014-01-08 00:15:24', '1', '4028d881436d514601436d5215ac0043');
INSERT INTO `t_s_log` VALUES ('4028d881436d7bbd01436d7d344a0003', 'Chrome', '权限: 素材管理被添加成功', '3', '192.168.88.1', '2014-01-08 00:15:58', '1', '4028d881436d514601436d5215ac0043');
INSERT INTO `t_s_log` VALUES ('4028d881436d7bbd01436d7d81fe0004', 'Chrome', '权限: 素材管理被更新成功', '5', '192.168.88.1', '2014-01-08 00:16:18', '1', '4028d881436d514601436d5215ac0043');
INSERT INTO `t_s_log` VALUES ('4028d881436d7bbd01436d7dc4910006', 'Chrome', '用户admin已退出', '2', '192.168.88.1', '2014-01-08 00:16:35', '1', '4028d881436d514601436d5215ac0043');
INSERT INTO `t_s_log` VALUES ('4028d881436d7bbd01436d7dd6840007', 'Chrome', '用户: admin[信息部]登录成功', '1', '192.168.88.1', '2014-01-08 00:16:40', '1', '4028d881436d514601436d5215ac0043');
INSERT INTO `t_s_log` VALUES ('4028d881436d7f5a01436d7f9fa60000', 'Chrome', '用户: admin[信息部]登录成功', '1', '192.168.88.1', '2014-01-08 00:18:37', '1', '4028d881436d514601436d5215ac0043');
INSERT INTO `t_s_log` VALUES ('4028d881436d7f5a01436d8003090001', 'Chrome', '权限: 内容库管理被删除成功', '4', '192.168.88.1', '2014-01-08 00:19:02', '1', '4028d881436d514601436d5215ac0043');
INSERT INTO `t_s_log` VALUES ('4028d881436d7f5a01436d80ef0c0002', 'Chrome', '权限: 素材管理被更新成功', '5', '192.168.88.1', '2014-01-08 00:20:02', '1', '4028d881436d514601436d5215ac0043');
INSERT INTO `t_s_log` VALUES ('4028d881436d7f5a01436d81011e0003', 'Chrome', '用户admin已退出', '2', '192.168.88.1', '2014-01-08 00:20:07', '1', '4028d881436d514601436d5215ac0043');
INSERT INTO `t_s_log` VALUES ('4028d881436d7f5a01436d8112660004', 'Chrome', '用户: admin[信息部]登录成功', '1', '192.168.88.1', '2014-01-08 00:20:12', '1', '4028d881436d514601436d5215ac0043');
INSERT INTO `t_s_log` VALUES ('4028d881436d823c01436d827dc60000', 'Chrome', '用户: admin[信息部]登录成功', '1', '192.168.88.1', '2014-01-08 00:21:45', '1', '4028d881436d514601436d5215ac0043');
INSERT INTO `t_s_log` VALUES ('4028d881436d823c01436d8481b30002', 'Chrome', '微信素材添加成功', '3', '192.168.88.1', '2014-01-08 00:23:57', '1', '4028d881436d514601436d5215ac0043');
INSERT INTO `t_s_log` VALUES ('4028d881439b285601439b296cb30000', 'Chrome', '用户: admin[信息部]登录成功', '1', '192.168.88.1', '2014-01-16 21:06:59', '1', '4028d881436d514601436d5215ac0043');
INSERT INTO `t_s_log` VALUES ('4028d881439b285601439b2d8c830001', 'Chrome', '用户: admin[信息部]登录成功', '1', '192.168.88.1', '2014-01-16 21:11:30', '1', '4028d881436d514601436d5215ac0043');
INSERT INTO `t_s_log` VALUES ('4028d881439b389601439b39332c0000', 'Chrome', '用户: admin[信息部]登录成功', '1', '192.168.88.1', '2014-01-16 21:24:13', '1', '4028d881436d514601436d5215ac0043');
INSERT INTO `t_s_log` VALUES ('4028d881439b3a1601439b3a5deb0000', 'Chrome', '用户: admin[信息部]登录成功', '1', '192.168.88.1', '2014-01-16 21:25:30', '1', '4028d881436d514601436d5215ac0043');
INSERT INTO `t_s_log` VALUES ('4028d881439b3a1601439b3b9fe50001', 'Chrome', '微信单图消息删除成功', '4', '192.168.88.1', '2014-01-16 21:26:52', '1', '4028d881436d514601436d5215ac0043');
INSERT INTO `t_s_log` VALUES ('4028d88143a83cad0143a83d55b00000', 'Chrome', '用户: admin[信息部]登录成功', '1', '192.168.88.1', '2014-01-19 10:03:48', '1', '4028d881436d514601436d5215ac0043');
INSERT INTO `t_s_log` VALUES ('4028d88143a83cad0143a83d7ba10001', 'Chrome', '微信单图消息删除成功', '4', '192.168.88.1', '2014-01-19 10:03:58', '1', '4028d881436d514601436d5215ac0043');
INSERT INTO `t_s_log` VALUES ('4028d88143a83cad0143a84123050005', 'Chrome', '用户admin已退出', '2', '192.168.88.1', '2014-01-19 10:07:57', '1', '4028d881436d514601436d5215ac0043');
INSERT INTO `t_s_log` VALUES ('4028d88143a83cad0143a84135f40006', 'Chrome', '用户: admin[信息部]登录成功', '1', '192.168.88.1', '2014-01-19 10:08:02', '1', '4028d881436d514601436d5215ac0043');
INSERT INTO `t_s_log` VALUES ('4028d88143a83cad0143a842884b0009', 'Chrome', '用户admin已退出', '2', '192.168.88.1', '2014-01-19 10:09:29', '1', '4028d881436d514601436d5215ac0043');
INSERT INTO `t_s_log` VALUES ('4028d88143a83cad0143a842995f000a', 'Chrome', '用户: admin[信息部]登录成功', '1', '192.168.88.1', '2014-01-19 10:09:33', '1', '4028d881436d514601436d5215ac0043');
INSERT INTO `t_s_log` VALUES ('4028d88143a904ff0143a905b6090000', 'Chrome', '用户: admin[信息部]登录成功', '1', '192.168.88.1', '2014-01-19 13:42:40', '1', '4028d881436d514601436d5215ac0043');
INSERT INTO `t_s_log` VALUES ('4028d88143bc9a910143bc9af4130000', 'Chrome', '用户: admin[信息部]登录成功', '1', '192.168.88.1', '2014-01-23 08:58:28', '1', '4028d881436d514601436d5215ac0043');
INSERT INTO `t_s_log` VALUES ('4028d881448cf61c01448cf6e6ed0000', 'Chrome', '用户: admin[信息部]登录成功', '1', '192.168.88.1', '2014-03-04 19:59:55', '1', '4028d881436d514601436d5215ac0043');
INSERT INTO `t_s_log` VALUES ('4028d88146dce1940146dce1e75c0000', 'Chrome', '用户: admin[信息部]登录成功', '1', '192.168.88.1', '2014-06-27 18:32:10', '1', '4028d881436d514601436d5215ac0043');
INSERT INTO `t_s_log` VALUES ('4028d88146dce1940146dcebf6710001', 'Chrome', '用户admin已退出', '2', '192.168.88.1', '2014-06-27 18:43:10', '1', '4028d881436d514601436d5215ac0043');
INSERT INTO `t_s_log` VALUES ('4028d88146dd21330146dd21856a0000', 'Chrome', '用户: admin[信息部]登录成功', '1', '192.168.88.1', '2014-06-27 19:41:40', '1', '4028d881436d514601436d5215ac0043');
INSERT INTO `t_s_log` VALUES ('4028d88146e21df20146e21e800b0000', 'Firefox', '用户: admin[信息部]登录成功', '1', '192.168.88.1', '2014-06-28 18:56:28', '1', '4028d881436d514601436d5215ac0043');
INSERT INTO `t_s_log` VALUES ('4028d88146e21df20146e21f2df40001', 'Firefox', '同步菜单信息数据失败！', '4', '192.168.88.1', '2014-06-28 18:57:12', '1', '4028d881436d514601436d5215ac0043');
INSERT INTO `t_s_log` VALUES ('4028d88146e21df20146e21f8aad0003', 'Firefox', '添加zhangsan的信息成功！', '3', '192.168.88.1', '2014-06-28 18:57:36', '1', '4028d881436d514601436d5215ac0043');
INSERT INTO `t_s_log` VALUES ('4028d88146e21df20146e21fba590004', 'Firefox', '同步菜单信息数据失败！', '4', '192.168.88.1', '2014-06-28 18:57:48', '1', '4028d881436d514601436d5215ac0043');
INSERT INTO `t_s_log` VALUES ('4028d88146e21df20146e22266c60005', 'Firefox', '用户: scott密码重置成功', '5', '192.168.88.1', '2014-06-28 19:00:43', '1', '4028d881436d514601436d5215ac0043');
INSERT INTO `t_s_log` VALUES ('4028d88146e21df20146e222ca210007', 'Firefox', '用户: scott更新成功', '5', '192.168.88.1', '2014-06-28 19:01:09', '1', '4028d881436d514601436d5215ac0043');
INSERT INTO `t_s_log` VALUES ('4028d88146e21df20146e222d7210008', 'Firefox', '用户admin已退出', '2', '192.168.88.1', '2014-06-28 19:01:12', '1', '4028d881436d514601436d5215ac0043');
INSERT INTO `t_s_log` VALUES ('4028d88146e21df20146e2231f4b0009', 'Firefox', '用户: scott[研发室]登录成功', '1', '192.168.88.1', '2014-06-28 19:01:31', '1', '4028d881436d514601436d5215b20044');
INSERT INTO `t_s_log` VALUES ('4028d88146e21df20146e22636ef000b', 'Firefox', '微信公众帐号信息添加成功', '3', '192.168.88.1', '2014-06-28 19:04:53', '1', '4028d881436d514601436d5215b20044');
INSERT INTO `t_s_log` VALUES ('4028d88146e21df20146e226a896000d', 'Firefox', '添加01的信息成功！', '3', '192.168.88.1', '2014-06-28 19:05:22', '1', '4028d881436d514601436d5215b20044');
INSERT INTO `t_s_log` VALUES ('4028d88146e21df20146e226cec3000f', 'Firefox', '添加02的信息成功！', '3', '192.168.88.1', '2014-06-28 19:05:32', '1', '4028d881436d514601436d5215b20044');
INSERT INTO `t_s_log` VALUES ('4028d88146e21df20146e226dc350010', 'Firefox', '同步菜单信息数据失败！', '4', '192.168.88.1', '2014-06-28 19:05:36', '1', '4028d881436d514601436d5215b20044');
INSERT INTO `t_s_log` VALUES ('4028d88146e21df20146e229fc5f0011', 'Firefox', '同步菜单信息数据失败！', '4', '192.168.88.1', '2014-06-28 19:09:00', '1', '4028d881436d514601436d5215b20044');
INSERT INTO `t_s_log` VALUES ('4028d88146e22ab40146e22b2df90000', 'Firefox', '用户: scott[研发室]登录成功', '1', '192.168.88.1', '2014-06-28 19:10:19', '1', '4028d881436d514601436d5215b20044');
INSERT INTO `t_s_log` VALUES ('4028d88146e22ab40146e22bccd00001', 'Firefox', '同步菜单信息数据失败！', '4', '192.168.88.1', '2014-06-28 19:10:59', '1', '4028d881436d514601436d5215b20044');
INSERT INTO `t_s_log` VALUES ('4028d88146e22ab40146e22be0640002', 'Firefox', '同步菜单信息数据失败！', '4', '192.168.88.1', '2014-06-28 19:11:04', '1', '4028d881436d514601436d5215b20044');
INSERT INTO `t_s_log` VALUES ('4028d88146e2333d0146e23382ea0000', 'Firefox', '用户: admin[信息部]登录成功', '1', '192.168.88.1', '2014-06-28 19:19:25', '1', '4028d881436d514601436d5215ac0043');
INSERT INTO `t_s_log` VALUES ('4028d88146e2a6780146e2b571d90000', 'Firefox', '用户: admin[信息部]登录成功', '1', '192.168.88.1', '2014-06-28 21:41:20', '1', '4028d881436d514601436d5215ac0043');
INSERT INTO `t_s_log` VALUES ('4028d88146e4e63e0146e4e6d0ff0000', 'Firefox', '用户: scott[研发室]登录成功', '1', '192.168.88.1', '2014-06-29 07:54:30', '1', '4028d881436d514601436d5215b20044');
INSERT INTO `t_s_log` VALUES ('4028d88146e4e63e0146e52940cf0001', 'Firefox', '用户: scott[研发室]登录成功', '1', '192.168.88.1', '2014-06-29 09:07:04', '1', '4028d881436d514601436d5215b20044');
INSERT INTO `t_s_log` VALUES ('4028d88146e4e63e0146e529a85c0002', 'Firefox', '更新01的菜单信息信息成功！', '5', '192.168.88.1', '2014-06-29 09:07:31', '1', '4028d881436d514601436d5215b20044');
INSERT INTO `t_s_log` VALUES ('4028d88146e4e63e0146e529dd610004', 'Firefox', '添加jeecg的信息成功！', '3', '192.168.88.1', '2014-06-29 09:07:44', '1', '4028d881436d514601436d5215b20044');
INSERT INTO `t_s_log` VALUES ('4028d88146e4e63e0146e52a10e30006', 'Firefox', '添加jeewx的信息成功！', '3', '192.168.88.1', '2014-06-29 09:07:57', '1', '4028d881436d514601436d5215b20044');
INSERT INTO `t_s_log` VALUES ('4028d88146e4e63e0146e52a200e0007', 'Firefox', '同步菜单信息数据失败！', '4', '192.168.88.1', '2014-06-29 09:08:01', '1', '4028d881436d514601436d5215b20044');
INSERT INTO `t_s_log` VALUES ('4028d88146e5d1160146e5d1822c0000', 'Firefox', '用户: admin[信息部]登录成功', '1', '192.168.88.1', '2014-06-29 12:10:51', '1', '4028d881436d514601436d5215ac0043');
INSERT INTO `t_s_log` VALUES ('4028d88146e5d1160146e5d1bf170001', 'Firefox', '修改关文本模板成功！', '5', '192.168.88.1', '2014-06-29 12:11:06', '1', '4028d881436d514601436d5215ac0043');
INSERT INTO `t_s_log` VALUES ('4028d88146e5d5880146e5d5c9020000', 'Firefox', '用户: admin[信息部]登录成功', '1', '192.168.88.1', '2014-06-29 12:15:31', '1', '4028d881436d514601436d5215ac0043');
INSERT INTO `t_s_log` VALUES ('4028d88146e5d5880146e5d60d6a0001', 'Firefox', '修改关文本模板成功！', '5', '192.168.88.1', '2014-06-29 12:15:49', '1', '4028d881436d514601436d5215ac0043');
INSERT INTO `t_s_log` VALUES ('4028d88146e5db140146e5dbf08a0000', 'Firefox', '用户: admin[信息部]登录成功', '1', '192.168.88.1', '2014-06-29 12:22:14', '1', '4028d881436d514601436d5215ac0043');
INSERT INTO `t_s_log` VALUES ('4028d88146e5db140146e5dc65820001', 'Firefox', '修改关文本模板成功！', '5', '192.168.88.1', '2014-06-29 12:22:44', '1', '4028d881436d514601436d5215ac0043');
INSERT INTO `t_s_log` VALUES ('4028d88146e5db140146e5dda0a70002', 'Firefox', '修改图文模板成功！', '5', '192.168.88.1', '2014-06-29 12:24:05', '1', '4028d881436d514601436d5215ac0043');
INSERT INTO `t_s_log` VALUES ('4028d88146e5db140146e5ddcfc80003', 'Firefox', '用户admin已退出', '2', '192.168.88.1', '2014-06-29 12:24:17', '1', '4028d881436d514601436d5215ac0043');
INSERT INTO `t_s_log` VALUES ('4028d88146e5db140146e5ddfac50004', 'Firefox', '用户: scott[研发室]登录成功', '1', '192.168.88.1', '2014-06-29 12:24:28', '1', '4028d881436d514601436d5215b20044');
INSERT INTO `t_s_log` VALUES ('4028d88146e5db140146e5ec73650005', 'Firefox', '用户scott已退出', '2', '192.168.88.1', '2014-06-29 12:40:16', '1', '4028d881436d514601436d5215b20044');
INSERT INTO `t_s_log` VALUES ('4028d88146e5db140146e5ec8f190006', 'Firefox', '用户: admin[信息部]登录成功', '1', '192.168.88.1', '2014-06-29 12:40:24', '1', '4028d881436d514601436d5215ac0043');
INSERT INTO `t_s_log` VALUES ('4028d88146e5ef780146e5f0897b0000', 'Firefox', '用户: admin[信息部]登录成功', '1', '192.168.88.1', '2014-06-29 12:44:44', '1', '4028d881436d514601436d5215ac0043');
INSERT INTO `t_s_log` VALUES ('4028d88146e61b7c0146e61c55490000', 'Firefox', '用户: admin[信息部]登录成功', '1', '192.168.88.1', '2014-06-29 13:32:35', '1', '4028d881436d514601436d5215ac0043');
INSERT INTO `t_s_log` VALUES ('4028d88146e61ff70146e62041ce0000', 'Firefox', '用户: admin[信息部]登录成功', '1', '192.168.88.1', '2014-06-29 13:36:52', '1', '4028d881436d514601436d5215ac0043');
INSERT INTO `t_s_log` VALUES ('4028d88146e6233c0146e62452320000', 'Firefox', '用户: admin[信息部]登录成功', '1', '192.168.88.1', '2014-06-29 13:41:18', '1', '4028d881436d514601436d5215ac0043');
INSERT INTO `t_s_log` VALUES ('4028d88146e6233c0146e624f8c90001', 'Firefox', '修改关文本模板成功！', '5', '192.168.88.1', '2014-06-29 13:42:01', '1', '4028d881436d514601436d5215ac0043');
INSERT INTO `t_s_log` VALUES ('4028d88146e6233c0146e6252ad80002', 'Firefox', '修改关键字回复成功！', '5', '192.168.88.1', '2014-06-29 13:42:13', '1', '4028d881436d514601436d5215ac0043');
INSERT INTO `t_s_log` VALUES ('4028d88146e6233c0146e625424a0003', 'Firefox', '修改关键字回复成功！', '5', '192.168.88.1', '2014-06-29 13:42:19', '1', '4028d881436d514601436d5215ac0043');
INSERT INTO `t_s_log` VALUES ('4028d88146e6233c0146e6283f020004', 'Firefox', '修改关键字回复成功！', '5', '192.168.88.1', '2014-06-29 13:45:35', '1', '4028d881436d514601436d5215ac0043');
INSERT INTO `t_s_log` VALUES ('4028d88146e62c5f0146e62cbf770000', 'Firefox', '用户: admin[信息部]登录成功', '1', '192.168.88.1', '2014-06-29 13:50:30', '1', '4028d881436d514601436d5215ac0043');
INSERT INTO `t_s_log` VALUES ('4028d88146e62c5f0146e62d0d0f0001', 'Firefox', '修改关键字回复成功！', '5', '192.168.88.1', '2014-06-29 13:50:50', '1', '4028d881436d514601436d5215ac0043');
INSERT INTO `t_s_log` VALUES ('4028d88146e62c5f0146e62e520e0002', 'Firefox', '修改关键字回复成功！', '5', '192.168.88.1', '2014-06-29 13:52:13', '1', '4028d881436d514601436d5215ac0043');
INSERT INTO `t_s_log` VALUES ('4028d88146e62c5f0146e62eb6cc0003', 'Firefox', '修改关键字回复成功！', '5', '192.168.88.1', '2014-06-29 13:52:39', '1', '4028d881436d514601436d5215ac0043');
INSERT INTO `t_s_log` VALUES ('4028d88146e62c5f0146e632b3bc0004', 'Firefox', '修改关键字回复成功！', '5', '192.168.88.1', '2014-06-29 13:57:00', '1', '4028d881436d514601436d5215ac0043');
INSERT INTO `t_s_log` VALUES ('4028d88146e62c5f0146e644af2e0006', 'Firefox', '用户: ceshi更新成功', '5', '192.168.88.1', '2014-06-29 14:16:39', '1', '4028d881436d514601436d5215ac0043');
INSERT INTO `t_s_log` VALUES ('4028d88146e62c5f0146e644d3070007', 'Firefox', '用户: ceshi密码重置成功', '5', '192.168.88.1', '2014-06-29 14:16:48', '1', '4028d881436d514601436d5215ac0043');
INSERT INTO `t_s_log` VALUES ('4028d88146e62c5f0146e644e1650008', 'Firefox', '用户admin已退出', '2', '192.168.88.1', '2014-06-29 14:16:52', '1', '4028d881436d514601436d5215ac0043');
INSERT INTO `t_s_log` VALUES ('4028d88146e62c5f0146e64509cc0009', 'Firefox', '用户: ceshi[信息部]登录成功', '1', '192.168.88.1', '2014-06-29 14:17:02', '1', '402881e44648134a014648174a45000c');
INSERT INTO `t_s_log` VALUES ('4028d88146e62c5f0146e64a9f00000b', 'Firefox', '微信公众帐号信息添加成功', '3', '192.168.88.1', '2014-06-29 14:23:08', '1', '402881e44648134a014648174a45000c');
INSERT INTO `t_s_log` VALUES ('4028d88146e64c390146e64d06620000', 'Firefox', '用户: admin[信息部]登录成功', '1', '192.168.88.1', '2014-06-29 14:25:46', '1', '4028d881436d514601436d5215ac0043');
INSERT INTO `t_s_log` VALUES ('4028d88146e64c390146e64da6e10001', 'Firefox', '修改关键字回复成功！', '5', '192.168.88.1', '2014-06-29 14:26:27', '1', '4028d881436d514601436d5215ac0043');
INSERT INTO `t_s_log` VALUES ('4028d88146e64c390146e65ae4b00002', 'Firefox', '修改关键字回复成功！', '5', '192.168.88.1', '2014-06-29 14:40:54', '1', '4028d881436d514601436d5215ac0043');
INSERT INTO `t_s_log` VALUES ('4028d88146e64c390146e663166a0003', 'Firefox', '修改关键字回复成功！', '5', '192.168.88.1', '2014-06-29 14:49:51', '1', '4028d881436d514601436d5215ac0043');
INSERT INTO `t_s_log` VALUES ('4028d88146e663900146e66453fb0000', 'Firefox', '用户: admin[信息部]登录成功', '1', '192.168.88.1', '2014-06-29 14:51:13', '1', '4028d881436d514601436d5215ac0043');
INSERT INTO `t_s_log` VALUES ('4028d88146e663900146e664b3540001', 'Firefox', '修改关文本模板成功！', '5', '192.168.88.1', '2014-06-29 14:51:37', '1', '4028d881436d514601436d5215ac0043');
INSERT INTO `t_s_log` VALUES ('4028d88146e663900146e664c6a50002', 'Firefox', '用户admin已退出', '2', '192.168.88.1', '2014-06-29 14:51:42', '1', '4028d881436d514601436d5215ac0043');
INSERT INTO `t_s_log` VALUES ('4028d88146e663900146e664e6ee0003', 'Firefox', '用户: admin[信息部]登录成功', '1', '192.168.88.1', '2014-06-29 14:51:50', '1', '4028d881436d514601436d5215ac0043');
INSERT INTO `t_s_log` VALUES ('4028d88146e663900146e665381e0004', 'Firefox', '用户admin已退出', '2', '192.168.88.1', '2014-06-29 14:52:11', '1', '4028d881436d514601436d5215ac0043');
INSERT INTO `t_s_log` VALUES ('4028d88146e663900146e665607d0005', 'Firefox', '用户: scott[研发室]登录成功', '1', '192.168.88.1', '2014-06-29 14:52:22', '1', '4028d881436d514601436d5215b20044');
INSERT INTO `t_s_log` VALUES ('4028d88146e663900146e665ee250006', 'Firefox', '用户scott已退出', '2', '192.168.88.1', '2014-06-29 14:52:58', '1', '4028d881436d514601436d5215b20044');
INSERT INTO `t_s_log` VALUES ('4028d88146e663900146e66606be0007', 'Firefox', '用户: admin[信息部]登录成功', '1', '192.168.88.1', '2014-06-29 14:53:04', '1', '4028d881436d514601436d5215ac0043');
INSERT INTO `t_s_log` VALUES ('4028d88146e6679f0146e66833cf0000', 'Firefox', '用户: admin[信息部]登录成功', '1', '192.168.88.1', '2014-06-29 14:55:27', '1', '4028d881436d514601436d5215ac0043');
INSERT INTO `t_s_log` VALUES ('4028d88146e6679f0146e66881410001', 'Firefox', '修改关键字回复成功！', '5', '192.168.88.1', '2014-06-29 14:55:47', '1', '4028d881436d514601436d5215ac0043');
INSERT INTO `t_s_log` VALUES ('4028d88146e6679f0146e66902090002', 'Firefox', '修改关键字回复成功！', '5', '192.168.88.1', '2014-06-29 14:56:19', '1', '4028d881436d514601436d5215ac0043');
INSERT INTO `t_s_log` VALUES ('4028d88146e6697a0146e66a46ed0000', 'Firefox', '用户: admin[信息部]登录成功', '1', '192.168.88.1', '2014-06-29 14:57:43', '1', '4028d881436d514601436d5215ac0043');
INSERT INTO `t_s_log` VALUES ('4028d88146e6697a0146e66a81a00001', 'Firefox', '修改关键字回复成功！', '5', '192.168.88.1', '2014-06-29 14:57:58', '1', '4028d881436d514601436d5215ac0043');
INSERT INTO `t_s_log` VALUES ('4028d88146e6697a0146e66a946e0002', 'Firefox', '修改关键字回复成功！', '5', '192.168.88.1', '2014-06-29 14:58:02', '1', '4028d881436d514601436d5215ac0043');
INSERT INTO `t_s_log` VALUES ('4028d88146e6697a0146e66aea840003', 'Firefox', '修改关键字回复成功！', '5', '192.168.88.1', '2014-06-29 14:58:25', '1', '4028d881436d514601436d5215ac0043');
INSERT INTO `t_s_log` VALUES ('4028d88146e6697a0146e66e72750004', 'Firefox', '修改关键字回复成功！', '5', '192.168.88.1', '2014-06-29 15:02:16', '1', '4028d881436d514601436d5215ac0043');
INSERT INTO `t_s_log` VALUES ('4028d88146e66ebf0146e66f1c1a0000', 'Firefox', '用户: admin[信息部]登录成功', '1', '192.168.88.1', '2014-06-29 15:02:59', '1', '4028d881436d514601436d5215ac0043');
INSERT INTO `t_s_log` VALUES ('4028d88146e66ebf0146e66fc9e00001', 'Firefox', '修改关键字回复成功！', '5', '192.168.88.1', '2014-06-29 15:03:44', '1', '4028d881436d514601436d5215ac0043');
INSERT INTO `t_s_log` VALUES ('4028d88146e6715b0146e672dd600000', 'Firefox', '用户: admin[信息部]登录成功', '1', '192.168.88.1', '2014-06-29 15:07:05', '1', '4028d881436d514601436d5215ac0043');
INSERT INTO `t_s_log` VALUES ('4028d88146f1ab6e0146f1ac43f00000', 'Firefox', '用户: admin[信息部]登录成功', '1', '192.168.88.1', '2014-07-01 19:25:37', '1', '4028d881436d514601436d5215ac0043');
INSERT INTO `t_s_log` VALUES ('4028d88146f7425b0146f744efb80000', 'Firefox', '用户: admin[信息部]登录成功', '1', '192.168.88.1', '2014-07-02 21:30:28', '1', '4028d881436d514601436d5215ac0043');
INSERT INTO `t_s_log` VALUES ('4028d88146f762f90146f763a1b80000', 'Firefox', '用户: admin[信息部]登录成功', '1', '192.168.88.1', '2014-07-02 22:04:00', '1', '4028d881436d514601436d5215ac0043');
INSERT INTO `t_s_log` VALUES ('4028d88146f762f90146f766d67f0005', 'Firefox', '微信单图消息添加成功', '3', '192.168.88.1', '2014-07-02 22:07:30', '1', '4028d881436d514601436d5215ac0043');
INSERT INTO `t_s_log` VALUES ('4028d88146f768ec0146f76967820000', 'Firefox', '用户: admin[信息部]登录成功', '1', '192.168.88.1', '2014-07-02 22:10:18', '1', '4028d881436d514601436d5215ac0043');
INSERT INTO `t_s_log` VALUES ('4028d88146f768ec0146f76b4ac90003', 'Firefox', '微信单图消息添加成功', '3', '192.168.88.1', '2014-07-02 22:12:22', '1', '4028d881436d514601436d5215ac0043');
INSERT INTO `t_s_log` VALUES ('4028d88146f768ec0146f76e74b30007', 'Firefox', '微信单图消息添加成功', '3', '192.168.88.1', '2014-07-02 22:15:49', '1', '4028d881436d514601436d5215ac0043');
INSERT INTO `t_s_log` VALUES ('4028d88146f768ec0146f76f8848000a', 'Firefox', '微信单图消息添加成功', '3', '192.168.88.1', '2014-07-02 22:17:00', '1', '4028d881436d514601436d5215ac0043');
INSERT INTO `t_s_log` VALUES ('4028d88146f768ec0146f77091c3000b', 'Firefox', '权限: 文本消息被更新成功', '5', '192.168.88.1', '2014-07-02 22:18:08', '1', '4028d881436d514601436d5215ac0043');
INSERT INTO `t_s_log` VALUES ('4028d88146f768ec0146f770b75d000c', 'Firefox', '权限: 图文消息被更新成功', '5', '192.168.88.1', '2014-07-02 22:18:17', '1', '4028d881436d514601436d5215ac0043');
INSERT INTO `t_s_log` VALUES ('4028d88146f768ec0146f772fc62000d', 'Firefox', '用户admin已退出', '2', '192.168.88.1', '2014-07-02 22:20:46', '1', '4028d881436d514601436d5215ac0043');
INSERT INTO `t_s_log` VALUES ('4028d88146f768ec0146f773562b000e', 'Firefox', '用户: admin[信息部]登录成功', '1', '192.168.88.1', '2014-07-02 22:21:09', '1', '4028d881436d514601436d5215ac0043');
INSERT INTO `t_s_log` VALUES ('4028d88146f79f1e0146f79fa66d0000', 'Firefox', '用户: admin[信息部]登录成功', '1', '192.168.88.1', '2014-07-02 23:09:33', '1', '4028d881436d514601436d5215ac0043');
INSERT INTO `t_s_log` VALUES ('4028d88146f7b2af0146f7b335090000', 'Firefox', '用户: admin[信息部]登录成功', '1', '192.168.88.1', '2014-07-02 23:30:55', '1', '4028d881436d514601436d5215ac0043');
INSERT INTO `t_s_log` VALUES ('4028d88146fbfd8b0146fbfeef5d0000', 'Firefox', '用户: admin[信息部]登录成功', '1', '192.168.88.1', '2014-07-03 19:32:07', '1', '4028d881436d514601436d5215ac0043');
INSERT INTO `t_s_log` VALUES ('4028d88146fbfd8b0146fc0131190002', 'Firefox', '活动添加成功', '3', '192.168.88.1', '2014-07-03 19:34:35', '1', '4028d881436d514601436d5215ac0043');
INSERT INTO `t_s_log` VALUES ('4028d88146fc6ab40146fc6b37100000', 'Firefox', '用户: admin[信息部]登录成功', '1', '192.168.88.1', '2014-07-03 21:30:23', '1', '4028d881436d514601436d5215ac0043');
INSERT INTO `t_s_log` VALUES ('4028d88146fc6ab40146fc6ba6ab0004', 'Firefox', '用户admin已退出', '2', '192.168.88.1', '2014-07-03 21:30:51', '1', '4028d881436d514601436d5215ac0043');
INSERT INTO `t_s_log` VALUES ('4028d88146fc6ab40146fc6bd8f70005', 'Firefox', '用户: admin[信息部]登录成功', '1', '192.168.88.1', '2014-07-03 21:31:04', '1', '4028d881436d514601436d5215ac0043');
INSERT INTO `t_s_log` VALUES ('4028d88146fc6ab40146fc6c44470009', 'Firefox', '用户admin已退出', '2', '192.168.88.1', '2014-07-03 21:31:32', '1', '4028d881436d514601436d5215ac0043');
INSERT INTO `t_s_log` VALUES ('4028d88146fc6ab40146fc6c5f2b000a', 'Firefox', '用户: admin[信息部]登录成功', '1', '192.168.88.1', '2014-07-03 21:31:39', '1', '4028d881436d514601436d5215ac0043');

-- ----------------------------
-- Table structure for `t_s_operation`
-- ----------------------------
DROP TABLE IF EXISTS `t_s_operation`;
CREATE TABLE `t_s_operation` (
  `ID` varchar(32) NOT NULL,
  `operationcode` varchar(50) default NULL,
  `operationicon` varchar(100) default NULL,
  `operationname` varchar(50) default NULL,
  `status` smallint(6) default NULL,
  `functionid` varchar(32) default NULL,
  `iconid` varchar(32) default NULL,
  PRIMARY KEY  (`ID`),
  KEY `FK_pceuy41wr2fjbcilyc7mk3m1f` (`functionid`),
  KEY `FK_ny5de7922l39ta2pkhyspd5f` (`iconid`),
  CONSTRAINT `FK_ny5de7922l39ta2pkhyspd5f` FOREIGN KEY (`iconid`) REFERENCES `t_s_icon` (`ID`),
  CONSTRAINT `FK_pceuy41wr2fjbcilyc7mk3m1f` FOREIGN KEY (`functionid`) REFERENCES `t_s_function` (`ID`)
) ENGINE=InnoDB DEFAULT CHARSET=utf8;

-- ----------------------------
-- Records of t_s_operation
-- ----------------------------
INSERT INTO `t_s_operation` VALUES ('402881e44648134a0146482093940049', 'add', null, '新增', null, '4028d881436d514601436d52154d002d', '4028d881436d514601436d5214650000');
INSERT INTO `t_s_operation` VALUES ('402881e44648134a0146482152c2004b', 'edit', null, '编辑', null, '4028d881436d514601436d52154d002d', '4028d881436d514601436d5214650000');
INSERT INTO `t_s_operation` VALUES ('4028d881436d514601436d5216730069', 'add', null, '录入', null, '4028d881436d514601436d521549002c', '4028d881436d514601436d5214650000');
INSERT INTO `t_s_operation` VALUES ('4028d881436d514601436d521678006a', 'edit', null, '编辑', null, '4028d881436d514601436d521549002c', '4028d881436d514601436d5214650000');
INSERT INTO `t_s_operation` VALUES ('4028d881436d514601436d52167c006b', 'del', null, '删除', null, '4028d881436d514601436d521549002c', '4028d881436d514601436d5214650000');
INSERT INTO `t_s_operation` VALUES ('4028d881436d514601436d52167f006c', 'szqm', null, '审核', null, '4028d881436d514601436d521549002c', '4028d881436d514601436d5214650000');

-- ----------------------------
-- Table structure for `t_s_opintemplate`
-- ----------------------------
DROP TABLE IF EXISTS `t_s_opintemplate`;
CREATE TABLE `t_s_opintemplate` (
  `ID` varchar(32) NOT NULL,
  `descript` varchar(100) default NULL,
  PRIMARY KEY  (`ID`)
) ENGINE=InnoDB DEFAULT CHARSET=utf8;

-- ----------------------------
-- Records of t_s_opintemplate
-- ----------------------------

-- ----------------------------
-- Table structure for `t_s_role`
-- ----------------------------
DROP TABLE IF EXISTS `t_s_role`;
CREATE TABLE `t_s_role` (
  `ID` varchar(32) NOT NULL,
  `rolecode` varchar(10) default NULL,
  `rolename` varchar(100) NOT NULL,
  PRIMARY KEY  (`ID`)
) ENGINE=InnoDB DEFAULT CHARSET=utf8;

-- ----------------------------
-- Records of t_s_role
-- ----------------------------
INSERT INTO `t_s_role` VALUES ('402881e44648134a014648163a6d0001', 'ceshi', '测试角色');
INSERT INTO `t_s_role` VALUES ('4028d881436d514601436d52159c0041', 'admin', '管理员');
INSERT INTO `t_s_role` VALUES ('4028d881436d514601436d5215a00042', 'manager', '普通用户');

-- ----------------------------
-- Table structure for `t_s_role_function`
-- ----------------------------
DROP TABLE IF EXISTS `t_s_role_function`;
CREATE TABLE `t_s_role_function` (
  `ID` varchar(32) NOT NULL,
  `operation` varchar(100) default NULL,
  `functionid` varchar(32) default NULL,
  `roleid` varchar(32) default NULL,
  PRIMARY KEY  (`ID`),
  KEY `FK_fvsillj2cxyk5thnuu625urab` (`functionid`),
  KEY `FK_9dww3p4w8jwvlrgwhpitsbfif` (`roleid`),
  CONSTRAINT `FK_9dww3p4w8jwvlrgwhpitsbfif` FOREIGN KEY (`roleid`) REFERENCES `t_s_role` (`ID`),
  CONSTRAINT `FK_fvsillj2cxyk5thnuu625urab` FOREIGN KEY (`functionid`) REFERENCES `t_s_function` (`ID`)
) ENGINE=InnoDB DEFAULT CHARSET=utf8;

-- ----------------------------
-- Records of t_s_role_function
-- ----------------------------
INSERT INTO `t_s_role_function` VALUES ('402881e44648134a014648169bc60004', null, '4028d881436d514601436d52151a001f', '402881e44648134a014648163a6d0001');
INSERT INTO `t_s_role_function` VALUES ('402881e44648134a014648169bcb0005', null, '4028d881436d514601436d5215220021', '402881e44648134a014648163a6d0001');
INSERT INTO `t_s_role_function` VALUES ('402881e44648134a014648169bcb0006', null, '4028d881436d514601436d521513001d', '402881e44648134a014648163a6d0001');
INSERT INTO `t_s_role_function` VALUES ('402881e44648134a014648169bcb0007', null, '4028d881436d514601436d5215260023', '402881e44648134a014648163a6d0001');
INSERT INTO `t_s_role_function` VALUES ('402881e44648134a014648169bcc0008', null, '4028d881436d514601436d52150a0019', '402881e44648134a014648163a6d0001');
INSERT INTO `t_s_role_function` VALUES ('402881e44648134a014648169bcc0009', null, '4028d881436d514601436d521516001e', '402881e44648134a014648163a6d0001');
INSERT INTO `t_s_role_function` VALUES ('402881e44648134a014648169bcc000a', null, '4028d881436d514601436d5215290024', '402881e44648134a014648163a6d0001');
INSERT INTO `t_s_role_function` VALUES ('402881e44648134a014648169bcc000b', null, '4028d881436d514601436d52151f0020', '402881e44648134a014648163a6d0001');
INSERT INTO `t_s_role_function` VALUES ('402881e44648134a01464818cf870013', null, '4028d881436d514601436d52157e0039', '402881e44648134a014648163a6d0001');
INSERT INTO `t_s_role_function` VALUES ('402881e44648134a01464818cf8b0014', null, '4028d881436d514601436d52156b0034', '402881e44648134a014648163a6d0001');
INSERT INTO `t_s_role_function` VALUES ('402881e44648134a01464818cf8b0015', null, '4028d881436d514601436d52155a0030', '402881e44648134a014648163a6d0001');
INSERT INTO `t_s_role_function` VALUES ('402881e44648134a01464818cf8b0016', null, '4028d881436d514601436d521581003a', '402881e44648134a014648163a6d0001');
INSERT INTO `t_s_role_function` VALUES ('402881e44648134a01464818cf8b0017', null, '4028d881436d514601436d5215730036', '402881e44648134a014648163a6d0001');
INSERT INTO `t_s_role_function` VALUES ('402881e44648134a01464818cf8c0018', null, '4028d881436d514601436d52158a003d', '402881e44648134a014648163a6d0001');
INSERT INTO `t_s_role_function` VALUES ('402881e44648134a01464818cf8c0019', null, '4028d881436d514601436d521587003c', '402881e44648134a014648163a6d0001');
INSERT INTO `t_s_role_function` VALUES ('402881e44648134a01464818cf8c001a', null, '4028d881436d514601436d521552002e', '402881e44648134a014648163a6d0001');
INSERT INTO `t_s_role_function` VALUES ('402881e44648134a01464818cf8c001b', null, '4028d881436d514601436d521545002b', '402881e44648134a014648163a6d0001');
INSERT INTO `t_s_role_function` VALUES ('402881e44648134a01464818cf8c001c', null, '4028d881436d514601436d52155f0031', '402881e44648134a014648163a6d0001');
INSERT INTO `t_s_role_function` VALUES ('402881e44648134a01464818cf8c001d', null, '4028d881436d514601436d52156f0035', '402881e44648134a014648163a6d0001');
INSERT INTO `t_s_role_function` VALUES ('402881e44648134a01464818cf8c001e', null, '4028d881436d514601436d5215670033', '402881e44648134a014648163a6d0001');
INSERT INTO `t_s_role_function` VALUES ('402881e44648134a01464818cf8c001f', null, '4028d881436d514601436d5215770037', '402881e44648134a014648163a6d0001');
INSERT INTO `t_s_role_function` VALUES ('402881e44648134a01464818cf8d0020', null, '4028d881436d514601436d521557002f', '402881e44648134a014648163a6d0001');
INSERT INTO `t_s_role_function` VALUES ('402881e44648134a01464818cf8d0021', null, '4028d881436d514601436d52150d001b', '402881e44648134a014648163a6d0001');
INSERT INTO `t_s_role_function` VALUES ('402881e44648134a01464818cf8d0022', null, '4028d881436d514601436d52158f003e', '402881e44648134a014648163a6d0001');
INSERT INTO `t_s_role_function` VALUES ('402881e44648134a01464818cf8d0023', null, '4028d881436d514601436d5215640032', '402881e44648134a014648163a6d0001');
INSERT INTO `t_s_role_function` VALUES ('402881e44648134a01464818cf8d0024', null, '4028d881436d514601436d521584003b', '402881e44648134a014648163a6d0001');
INSERT INTO `t_s_role_function` VALUES ('402881e44648134a01464818cf8d0025', null, '4028d881436d514601436d5215990040', '402881e44648134a014648163a6d0001');
INSERT INTO `t_s_role_function` VALUES ('402881e44648134a01464818cf8d0026', 'add,edit,', '4028d881436d514601436d521549002c', '402881e44648134a014648163a6d0001');
INSERT INTO `t_s_role_function` VALUES ('402881e44648134a01464818cf8d0027', null, '4028d881436d514601436d52157a0038', '402881e44648134a014648163a6d0001');
INSERT INTO `t_s_role_function` VALUES ('402881e44648134a01464818cfae0028', 'add,', '4028d881436d514601436d52154d002d', '402881e44648134a014648163a6d0001');
INSERT INTO `t_s_role_function` VALUES ('402881e545f5dd1a0145f5f35a240008', null, '402881e545f5dd1a0145f5f32cf00005', '4028d881436d514601436d52159c0041');
INSERT INTO `t_s_role_function` VALUES ('402881e545f5dd1a0145f5f35a260009', null, '402881e545f5dd1a0145f5de9bb60001', '4028d881436d514601436d52159c0041');
INSERT INTO `t_s_role_function` VALUES ('402881e545f5f4780145f611e26e0006', null, '402881e545f5f4780145f61198810004', '4028d881436d514601436d52159c0041');
INSERT INTO `t_s_role_function` VALUES ('402881e8460d7e5301460d8310230003', null, '402881e8460d7e5301460d81c7a60001', '4028d881436d514601436d52159c0041');
INSERT INTO `t_s_role_function` VALUES ('402889f446ef76460146ef80b01e0004', null, '4028d881436d514601436d52151f0020', '4028d881436d514601436d52159c0041');
INSERT INTO `t_s_role_function` VALUES ('4028d881436d514601436d521699006f', null, '4028d881436d514601436d52150a0019', '4028d881436d514601436d52159c0041');
INSERT INTO `t_s_role_function` VALUES ('4028d881436d514601436d52169e0070', null, '4028d881436d514601436d52150a0019', '4028d881436d514601436d5215a00042');
INSERT INTO `t_s_role_function` VALUES ('4028d881436d514601436d5216bb0077', null, '4028d881436d514601436d521513001d', '4028d881436d514601436d52159c0041');
INSERT INTO `t_s_role_function` VALUES ('4028d881436d514601436d5216bf0078', null, '4028d881436d514601436d521513001d', '4028d881436d514601436d5215a00042');
INSERT INTO `t_s_role_function` VALUES ('4028d881436d514601436d5216c30079', null, '4028d881436d514601436d521516001e', '4028d881436d514601436d52159c0041');
INSERT INTO `t_s_role_function` VALUES ('4028d881436d514601436d5216c7007a', null, '4028d881436d514601436d521516001e', '4028d881436d514601436d5215a00042');
INSERT INTO `t_s_role_function` VALUES ('4028d881436d514601436d5216ca007b', null, '4028d881436d514601436d52151a001f', '4028d881436d514601436d52159c0041');
INSERT INTO `t_s_role_function` VALUES ('4028d881436d514601436d5216cc007c', null, '4028d881436d514601436d52151a001f', '4028d881436d514601436d5215a00042');
INSERT INTO `t_s_role_function` VALUES ('4028d881436d514601436d5216d4007e', null, '4028d881436d514601436d52151f0020', '4028d881436d514601436d5215a00042');
INSERT INTO `t_s_role_function` VALUES ('4028d881436d514601436d5216d7007f', null, '4028d881436d514601436d5215220021', '4028d881436d514601436d52159c0041');
INSERT INTO `t_s_role_function` VALUES ('4028d881436d514601436d5216dc0080', null, '4028d881436d514601436d5215220021', '4028d881436d514601436d5215a00042');
INSERT INTO `t_s_role_function` VALUES ('4028d881436d514601436d5216eb0084', null, '4028d881436d514601436d5215260023', '4028d881436d514601436d5215a00042');
INSERT INTO `t_s_role_function` VALUES ('4028d881436d514601436d5216f10086', null, '4028d881436d514601436d5215290024', '4028d881436d514601436d5215a00042');
INSERT INTO `t_s_role_function` VALUES ('4028d881436d514601436d5cd6a901b5', null, '4028d881436d514601436d54e0ba018f', '4028d881436d514601436d52159c0041');
INSERT INTO `t_s_role_function` VALUES ('4028d881436d514601436d5cd6ac01b7', null, '4028d881436d514601436d5618400191', '4028d881436d514601436d52159c0041');
INSERT INTO `t_s_role_function` VALUES ('4028d881436d514601436d5cd6ac01bc', null, '4028d881436d514601436d5af95501b1', '4028d881436d514601436d52159c0041');
INSERT INTO `t_s_role_function` VALUES ('4028d881436d514601436d5cd6ac01bd', null, '4028d881436d514601436d52c2fb0181', '4028d881436d514601436d52159c0041');
INSERT INTO `t_s_role_function` VALUES ('4028d881436d514601436d5cd6ac01bf', null, '4028d881436d514601436d539c530183', '4028d881436d514601436d52159c0041');
INSERT INTO `t_s_role_function` VALUES ('4028d881436d514601436d5cd6ac01c0', null, '4028d881436d514601436d5884be019d', '4028d881436d514601436d52159c0041');
INSERT INTO `t_s_role_function` VALUES ('4028d88146fc6ab40146fc6b86f00001', null, '4028d881436d514601436d5215340027', '402881e44648134a014648163a6d0001');
INSERT INTO `t_s_role_function` VALUES ('4028d88146fc6ab40146fc6b86f60002', null, '4028d881436d514601436d5215070018', '402881e44648134a014648163a6d0001');
INSERT INTO `t_s_role_function` VALUES ('4028d88146fc6ab40146fc6b86f70003', null, '4028d881436d514601436d5215300026', '402881e44648134a014648163a6d0001');

-- ----------------------------
-- Table structure for `t_s_role_user`
-- ----------------------------
DROP TABLE IF EXISTS `t_s_role_user`;
CREATE TABLE `t_s_role_user` (
  `ID` varchar(32) NOT NULL,
  `roleid` varchar(32) default NULL,
  `userid` varchar(32) default NULL,
  PRIMARY KEY  (`ID`),
  KEY `FK_n2ucxeorvpjy7qhnmuem01kbx` (`roleid`),
  KEY `FK_d4qb5xld2pfb0bkjx9iwtolda` (`userid`),
  CONSTRAINT `FK_d4qb5xld2pfb0bkjx9iwtolda` FOREIGN KEY (`userid`) REFERENCES `t_s_user` (`id`),
  CONSTRAINT `FK_n2ucxeorvpjy7qhnmuem01kbx` FOREIGN KEY (`roleid`) REFERENCES `t_s_role` (`ID`)
) ENGINE=InnoDB DEFAULT CHARSET=utf8;

-- ----------------------------
-- Records of t_s_role_user
-- ----------------------------
INSERT INTO `t_s_role_user` VALUES ('402881e4461f9c6401461fa3956d0009', '4028d881436d514601436d52159c0041', '402881e4461f9c6401461fa2e6f50002');
INSERT INTO `t_s_role_user` VALUES ('4028d881436d514601436d52179f00bf', '4028d881436d514601436d52159c0041', '4028d881436d514601436d5215ac0043');
INSERT INTO `t_s_role_user` VALUES ('4028d881436d514601436d5217a300c0', '4028d881436d514601436d52159c0041', '4028d881436d514601436d5215ac0043');
INSERT INTO `t_s_role_user` VALUES ('4028d881436d514601436d5217aa00c2', '4028d881436d514601436d52159c0041', '4028d881436d514601436d5215b80045');
INSERT INTO `t_s_role_user` VALUES ('4028d881436d514601436d5217ad00c3', '4028d881436d514601436d52159c0041', '4028d881436d514601436d5215bc0046');
INSERT INTO `t_s_role_user` VALUES ('4028d88146e21df20146e222c9fb0006', '4028d881436d514601436d52159c0041', '4028d881436d514601436d5215b20044');
INSERT INTO `t_s_role_user` VALUES ('4028d88146e62c5f0146e644af060005', '4028d881436d514601436d52159c0041', '402881e44648134a014648174a45000c');

-- ----------------------------
-- Table structure for `t_s_student`
-- ----------------------------
DROP TABLE IF EXISTS `t_s_student`;
CREATE TABLE `t_s_student` (
  `ID` varchar(32) NOT NULL,
  `classname` varchar(255) default NULL,
  `name` varchar(255) default NULL,
  `sex` varchar(255) default NULL,
  PRIMARY KEY  (`ID`)
) ENGINE=InnoDB DEFAULT CHARSET=utf8;

-- ----------------------------
-- Records of t_s_student
-- ----------------------------
INSERT INTO `t_s_student` VALUES ('4028d881436d514601436d521ae80165', '1班', '张三', 'f');
INSERT INTO `t_s_student` VALUES ('4028d881436d514601436d521aea0166', '1班', '李四', 'f');
INSERT INTO `t_s_student` VALUES ('4028d881436d514601436d521aeb0167', '1班', '王五', 'm');
INSERT INTO `t_s_student` VALUES ('4028d881436d514601436d521aec0168', '1班', '赵六', 'f');
INSERT INTO `t_s_student` VALUES ('4028d881436d514601436d521aec0169', '2班', '张三', 'f');
INSERT INTO `t_s_student` VALUES ('4028d881436d514601436d521aee016a', '2班', '李四', 'f');
INSERT INTO `t_s_student` VALUES ('4028d881436d514601436d521af0016b', '2班', '王五', 'm');
INSERT INTO `t_s_student` VALUES ('4028d881436d514601436d521af1016c', '2班', '赵六', 'f');
INSERT INTO `t_s_student` VALUES ('4028d881436d514601436d521af3016d', '3班', '张三', 'f');
INSERT INTO `t_s_student` VALUES ('4028d881436d514601436d521af4016e', '3班', '李四', 'f');
INSERT INTO `t_s_student` VALUES ('4028d881436d514601436d521af7016f', '3班', '王五', 'm');
INSERT INTO `t_s_student` VALUES ('4028d881436d514601436d521afa0170', '3班', '李四', 'f');
INSERT INTO `t_s_student` VALUES ('4028d881436d514601436d521afe0171', '3班', '王五', 'm');
INSERT INTO `t_s_student` VALUES ('4028d881436d514601436d521aff0172', '3班', '赵六', 'f');
INSERT INTO `t_s_student` VALUES ('4028d881436d514601436d521b000173', '4班', '张三', 'f');
INSERT INTO `t_s_student` VALUES ('4028d881436d514601436d521b010174', '4班', '李四', 'f');
INSERT INTO `t_s_student` VALUES ('4028d881436d514601436d521b030175', '4班', '王五', 'm');
INSERT INTO `t_s_student` VALUES ('4028d881436d514601436d521b040176', '4班', '赵六', 'f');
INSERT INTO `t_s_student` VALUES ('4028d881436d514601436d521b040177', '5班', '张三', 'm');
INSERT INTO `t_s_student` VALUES ('4028d881436d514601436d521b050178', '5班', '李四', 'f');
INSERT INTO `t_s_student` VALUES ('4028d881436d514601436d521b060179', '5班', '王五', 'm');
INSERT INTO `t_s_student` VALUES ('4028d881436d514601436d521b07017a', '5班', '赵六', 'm');
INSERT INTO `t_s_student` VALUES ('4028d881436d514601436d521b08017b', '5班', '赵六', 'm');
INSERT INTO `t_s_student` VALUES ('4028d881436d514601436d521b09017c', '5班', '李四', 'f');
INSERT INTO `t_s_student` VALUES ('4028d881436d514601436d521b0a017d', '5班', '王五', 'm');
INSERT INTO `t_s_student` VALUES ('4028d881436d514601436d521b0b017e', '5班', '赵六', 'm');
INSERT INTO `t_s_student` VALUES ('4028d881436d514601436d521b0c017f', '5班', '赵六', 'm');

-- ----------------------------
-- Table structure for `t_s_territory`
-- ----------------------------
DROP TABLE IF EXISTS `t_s_territory`;
CREATE TABLE `t_s_territory` (
  `ID` varchar(32) NOT NULL,
  `territorycode` varchar(10) NOT NULL,
  `territorylevel` smallint(6) NOT NULL,
  `territoryname` varchar(50) NOT NULL,
  `territory_pinyin` varchar(40) default NULL,
  `territorysort` varchar(3) NOT NULL,
  `x_wgs84` double NOT NULL,
  `y_wgs84` double NOT NULL,
  `territoryparentid` varchar(32) default NULL,
  PRIMARY KEY  (`ID`)
) ENGINE=InnoDB DEFAULT CHARSET=utf8;

-- ----------------------------
-- Records of t_s_territory
-- ----------------------------
INSERT INTO `t_s_territory` VALUES ('1', '100', '1', '全国', 'qg', '0', '106.258754', '38.471318', '0');
INSERT INTO `t_s_territory` VALUES ('10', '00000016', '2', '河南省', 'HNS', '0', '113.687228', '34.76819', '1');
INSERT INTO `t_s_territory` VALUES ('100', '371300', '3', '临沂市', 'LYS', '0', '118.356448', '35.104672', '18');
INSERT INTO `t_s_territory` VALUES ('1000', '370903', '4', '岱岳区', 'DYQ', '0', '117.041582', '36.18799', '96');
INSERT INTO `t_s_territory` VALUES ('1001', '370921', '4', '宁阳县', 'NYX', '0', '116.805797', '35.758787', '96');
INSERT INTO `t_s_territory` VALUES ('1002', '370923', '4', '东平县', 'DPX', '0', '116.470304', '35.937102', '96');
INSERT INTO `t_s_territory` VALUES ('1003', '370982', '4', '新泰市', 'XTS', '0', '117.767953', '35.909032', '96');
INSERT INTO `t_s_territory` VALUES ('1004', '370983', '4', '肥城市', 'FCS', '0', '116.768358', '36.182571', '96');
INSERT INTO `t_s_territory` VALUES ('1005', '371002', '4', '环翠区', 'HCQ', '0', '122.123444', '37.501991', '97');
INSERT INTO `t_s_territory` VALUES ('1006', '371081', '4', '文登市', 'WDS', '0', '122.058128', '37.1939129', '97');
INSERT INTO `t_s_territory` VALUES ('1007', '371082', '4', '荣成市', 'RCS', '0', '122.486676', '37.165249', '97');
INSERT INTO `t_s_territory` VALUES ('1008', '371083', '4', '乳山市', 'RSS', '0', '121.539764', '36.919816', '97');
INSERT INTO `t_s_territory` VALUES ('1009', '371102', '4', '东港区', 'DGQ', '0', '119.462228', '35.425475', '98');
INSERT INTO `t_s_territory` VALUES ('101', '371400', '3', '德州市', 'DZS', '0', '116.357465', '37.434093', '18');
INSERT INTO `t_s_territory` VALUES ('1010', '371103', '4', '岚山区', 'LSQ', '0', '119.318813', '35.121816', '98');
INSERT INTO `t_s_territory` VALUES ('1011', '371121', '4', '五莲县', 'WLX', '0', '119.208744', '35.750095', '98');
INSERT INTO `t_s_territory` VALUES ('1012', '371122', '4', '莒县', 'JX', '0', '118.837131', '35.579868', '98');
INSERT INTO `t_s_territory` VALUES ('1013', '371202', '4', '莱城区', 'LCQ', '0', '117.659864', '36.203208', '99');
INSERT INTO `t_s_territory` VALUES ('1014', '371203', '4', '钢城区', 'GCQ', '0', '117.811355', '36.058572', '99');
INSERT INTO `t_s_territory` VALUES ('1015', '371302', '4', '兰山区', 'LSQ', '0', '118.347707', '35.051729', '100');
INSERT INTO `t_s_territory` VALUES ('1016', '371311', '4', '罗庄区', 'LZQ', '0', '118.284786', '34.996741', '100');
INSERT INTO `t_s_territory` VALUES ('1017', '371312', '4', '河东区', 'HDQ', '0', '118.402893', '35.089917', '100');
INSERT INTO `t_s_territory` VALUES ('1018', '371321', '4', '沂南县', 'YNX', '0', '118.465213', '35.549976', '100');
INSERT INTO `t_s_territory` VALUES ('1019', '371322', '4', '郯城县', 'TCX', '0', '118.367263', '34.613557', '100');
INSERT INTO `t_s_territory` VALUES ('102', '371500', '3', '聊城市', 'LCS', '0', '115.985371', '36.4567039', '18');
INSERT INTO `t_s_territory` VALUES ('1020', '371323', '4', '沂水县', 'YSX', '0', '118.627918', '35.79045', '100');
INSERT INTO `t_s_territory` VALUES ('1021', '371324', '4', '苍山县', 'CSX', '0', '118.07065', '34.857149', '100');
INSERT INTO `t_s_territory` VALUES ('1022', '371325', '4', '费县', 'FX', '0', '117.977868', '35.26634', '100');
INSERT INTO `t_s_territory` VALUES ('1023', '371326', '4', '平邑县', 'PYX', '0', '117.640352', '35.5059429', '100');
INSERT INTO `t_s_territory` VALUES ('1024', '371327', '4', '莒南县', 'JNX', '0', '118.835163', '35.174846', '100');
INSERT INTO `t_s_territory` VALUES ('1025', '371328', '4', '蒙阴县', 'MYX', '0', '117.945085', '35.710032', '100');
INSERT INTO `t_s_territory` VALUES ('1026', '371329', '4', '临沭县', 'LSX', '0', '118.650782', '34.919852', '100');
INSERT INTO `t_s_territory` VALUES ('1027', '371402', '4', '德城区', 'DCQ', '0', '116.299434', '37.451272', '101');
INSERT INTO `t_s_territory` VALUES ('1028', '371421', '4', '陵县', 'LX', '0', '116.576176', '37.33579', '101');
INSERT INTO `t_s_territory` VALUES ('1029', '371422', '4', '宁津县', 'NJX', '0', '116.800324', '37.652329', '101');
INSERT INTO `t_s_territory` VALUES ('103', '371600', '3', '滨州市', 'BZS', '0', '117.970703', '37.38199', '18');
INSERT INTO `t_s_territory` VALUES ('1030', '371423', '4', '庆云县', 'QYX', '0', '117.385123', '37.77539', '101');
INSERT INTO `t_s_territory` VALUES ('1031', '371424', '4', '临邑县', 'LYX', '0', '116.86665', '37.189864', '101');
INSERT INTO `t_s_territory` VALUES ('1032', '371425', '4', '齐河县', 'QHX', '0', '116.758917', '36.795011', '101');
INSERT INTO `t_s_territory` VALUES ('1033', '371426', '4', '平原县', 'PYX', '0', '116.434187', '37.165419', '101');
INSERT INTO `t_s_territory` VALUES ('1034', '371427', '4', '夏津县', 'XJX', '0', '116.001726', '36.948371', '101');
INSERT INTO `t_s_territory` VALUES ('1035', '371428', '4', '武城县', 'WCX', '0', '116.069302', '37.213311', '101');
INSERT INTO `t_s_territory` VALUES ('1036', '371481', '4', '乐陵市', 'LLS', '0', '117.231935', '37.729907', '101');
INSERT INTO `t_s_territory` VALUES ('1037', '371482', '4', '禹城市', 'YCS', '0', '116.638387', '36.934259', '101');
INSERT INTO `t_s_territory` VALUES ('1038', '371502', '4', '东昌府区', 'DCFQ', '0', '115.988484', '36.434697', '102');
INSERT INTO `t_s_territory` VALUES ('1039', '371521', '4', '阳谷县', 'YGX', '0', '115.79182', '36.114392', '102');
INSERT INTO `t_s_territory` VALUES ('104', '371700', '3', '菏泽市', 'HZS', '0', '115.480656', '35.23375', '18');
INSERT INTO `t_s_territory` VALUES ('1040', '371522', '4', '莘县', 'SX', '0', '115.671191', '36.233599', '102');
INSERT INTO `t_s_territory` VALUES ('1041', '371523', '4', '茌平县', 'CPX', '0', '116.255282', '36.5807639', '102');
INSERT INTO `t_s_territory` VALUES ('1042', '371524', '4', '东阿县', 'DAX', '0', '116.24758', '36.334917', '102');
INSERT INTO `t_s_territory` VALUES ('1043', '371525', '4', '冠县', 'GX', '0', '115.44274', '36.484009', '102');
INSERT INTO `t_s_territory` VALUES ('1044', '371526', '4', '高唐县', 'GTX', '0', '116.231478', '36.866062', '102');
INSERT INTO `t_s_territory` VALUES ('1045', '371581', '4', '临清市', 'LQS', '0', '115.704881', '36.838277', '102');
INSERT INTO `t_s_territory` VALUES ('1046', '371602', '4', '滨城区', 'BCQ', '0', '118.019146', '37.43206', '103');
INSERT INTO `t_s_territory` VALUES ('1047', '371621', '4', '惠民县', 'HMX', '0', '117.510451', '37.489769', '103');
INSERT INTO `t_s_territory` VALUES ('1048', '371622', '4', '阳信县', 'YXX', '0', '117.578262', '37.641106', '103');
INSERT INTO `t_s_territory` VALUES ('1049', '371623', '4', '无棣县', 'WDX', '0', '117.625696', '37.770261', '103');
INSERT INTO `t_s_territory` VALUES ('1050', '371624', '4', '沾化县', 'ZHX', '0', '118.132199', '37.698281', '103');
INSERT INTO `t_s_territory` VALUES ('1051', '371625', '4', '博兴县', 'BXX', '0', '118.131815', '37.150226', '103');
INSERT INTO `t_s_territory` VALUES ('1052', '371626', '4', '邹平县', 'ZPX', '0', '117.743109', '36.862989', '103');
INSERT INTO `t_s_territory` VALUES ('1053', '371702', '4', '牡丹区', 'MDQ', '0', '115.417827', '35.252512', '104');
INSERT INTO `t_s_territory` VALUES ('1054', '371721', '4', '曹县', 'CX', '0', '115.542328', '34.825508', '104');
INSERT INTO `t_s_territory` VALUES ('1055', '371722', '4', '单县', 'DX', '0', '116.107428', '34.778808', '104');
INSERT INTO `t_s_territory` VALUES ('1056', '371723', '4', '成武县', 'CWX', '0', '115.889765', '34.952459', '104');
INSERT INTO `t_s_territory` VALUES ('1057', '371724', '4', '巨野县', 'JYX', '0', '116.094674', '35.396261', '104');
INSERT INTO `t_s_territory` VALUES ('1058', '371725', '4', '郓城县', 'YCX', '0', '115.943613', '35.599758', '104');
INSERT INTO `t_s_territory` VALUES ('1059', '371726', '4', '鄄城县', 'JCX', '0', '115.510193', '35.563408', '104');
INSERT INTO `t_s_territory` VALUES ('1060', '371727', '4', '定陶县', 'DTX', '0', '115.573094', '35.071', '104');
INSERT INTO `t_s_territory` VALUES ('1061', '371728', '4', '东明县', 'DMX', '0', '115.089905', '35.289368', '104');
INSERT INTO `t_s_territory` VALUES ('11', '00000008', '2', '黑龙江省', 'HLJS', '0', '126.662507', '45.7421699', '1');
INSERT INTO `t_s_territory` VALUES ('12', '20000000', '2', '上海市', 'SHS', '0', '121.473704', '31.230393', '1');
INSERT INTO `t_s_territory` VALUES ('13', '00000010', '2', '江苏省', 'JSS', '0', '118.763232', '32.061707', '1');
INSERT INTO `t_s_territory` VALUES ('14', '00000011', '2', '浙江省', 'ZJS', '0', '120.153676', '30.26586', '1');
INSERT INTO `t_s_territory` VALUES ('15', '00000012', '2', '安徽省', 'AHS', '0', '117.284923', '31.861184', '1');
INSERT INTO `t_s_territory` VALUES ('16', '00000013', '2', '福建省', 'FJS', '0', '119.296506', '26.099933', '1');
INSERT INTO `t_s_territory` VALUES ('17', '00000014', '2', '江西省', 'JXS', '0', '115.909175', '28.674424', '1');
INSERT INTO `t_s_territory` VALUES ('1739', '360102', '4', '东湖区', 'DHQ', '0', '115.89901', '28.6849159', '184');
INSERT INTO `t_s_territory` VALUES ('1740', '360103', '4', '西湖区', 'XHQ', '0', '115.877287', '28.656887', '184');
INSERT INTO `t_s_territory` VALUES ('1741', '360104', '4', '青云谱区', 'QYPQ', '0', '115.925749', '28.621169', '184');
INSERT INTO `t_s_territory` VALUES ('1742', '360105', '4', '湾里区', 'WLQ', '0', '115.730994', '28.714869', '184');
INSERT INTO `t_s_territory` VALUES ('1743', '360111', '4', '青山湖区', 'QSHQ', '0', '115.962144', '28.682985', '184');
INSERT INTO `t_s_territory` VALUES ('1744', '360121', '4', '南昌县', 'NCX', '0', '115.944162', '28.545459', '184');
INSERT INTO `t_s_territory` VALUES ('1745', '360122', '4', '新建县', 'XJX', '0', '115.815233', '28.692437', '184');
INSERT INTO `t_s_territory` VALUES ('1746', '360123', '4', '安义县', 'AYX', '0', '115.549199', '28.844429', '184');
INSERT INTO `t_s_territory` VALUES ('1747', '360124', '4', '进贤县', 'JXX', '0', '116.240924', '28.376918', '184');
INSERT INTO `t_s_territory` VALUES ('1748', '360202', '4', '昌江区', 'CJQ', '0', '117.183688', '29.27342', '185');
INSERT INTO `t_s_territory` VALUES ('1749', '360203', '4', '珠山区', 'ZSQ', '0', '117.202336', '29.301272', '185');
INSERT INTO `t_s_territory` VALUES ('1750', '360222', '4', '浮梁县', 'FLX', '0', '117.215061', '29.351739', '185');
INSERT INTO `t_s_territory` VALUES ('1751', '360281', '4', '乐平市', 'LPS', '0', '117.129169', '28.961902', '185');
INSERT INTO `t_s_territory` VALUES ('1752', '360302', '4', '安源区', 'AYQ', '0', '113.87073', '27.615202', '186');
INSERT INTO `t_s_territory` VALUES ('1753', '360313', '4', '湘东区', 'XDQ', '0', '113.733059', '27.640075', '186');
INSERT INTO `t_s_territory` VALUES ('1754', '360321', '4', '莲花县', 'LHX', '0', '113.961465', '27.127669', '186');
INSERT INTO `t_s_territory` VALUES ('1755', '360322', '4', '上栗县', 'SLX', '0', '113.795219', '27.880567', '186');
INSERT INTO `t_s_territory` VALUES ('1756', '360323', '4', '芦溪县', 'LXX', '0', '114.029595', '27.631145', '186');
INSERT INTO `t_s_territory` VALUES ('1757', '360402', '4', '庐山区', 'LSQ', '0', '115.989212', '29.671775', '187');
INSERT INTO `t_s_territory` VALUES ('1758', '360403', '4', '浔阳区', 'XYQ', '0', '115.990399', '29.72746', '187');
INSERT INTO `t_s_territory` VALUES ('1759', '360421', '4', '九江县', 'JJX', '0', '115.911314', '29.608456', '187');
INSERT INTO `t_s_territory` VALUES ('1760', '360423', '4', '武宁县', 'WNX', '0', '115.100579', '29.256323', '187');
INSERT INTO `t_s_territory` VALUES ('1761', '360424', '4', '修水县', 'XSX', '0', '114.547356', '29.025707', '187');
INSERT INTO `t_s_territory` VALUES ('1762', '360425', '4', '永修县', 'YXX', '0', '115.809111', '29.021824', '187');
INSERT INTO `t_s_territory` VALUES ('1763', '360426', '4', '德安县', 'DAX', '0', '115.756883', '29.314348', '187');
INSERT INTO `t_s_territory` VALUES ('1764', '360427', '4', '星子县', 'XZX', '0', '116.044893', '29.448037', '187');
INSERT INTO `t_s_territory` VALUES ('1765', '360428', '4', '都昌县', 'DCX', '0', '116.204099', '29.273194', '187');
INSERT INTO `t_s_territory` VALUES ('1766', '360429', '4', '湖口县', 'HKX', '0', '116.220266', '29.73944', '187');
INSERT INTO `t_s_territory` VALUES ('1767', '360430', '4', '彭泽县', 'PZX', '0', '116.549359', '29.896061', '187');
INSERT INTO `t_s_territory` VALUES ('1768', '360481', '4', '瑞昌市', 'RCS', '0', '115.681504', '29.673795', '187');
INSERT INTO `t_s_territory` VALUES ('1769', '360499', '4', '共青城', 'GQC', '0', '115.774', '29.2417', '187');
INSERT INTO `t_s_territory` VALUES ('1770', '360502', '4', '渝水区', 'YSQ', '0', '114.944574', '27.80038', '188');
INSERT INTO `t_s_territory` VALUES ('1771', '360521', '4', '分宜县', 'FYX', '0', '114.692039', '27.814628', '188');
INSERT INTO `t_s_territory` VALUES ('1772', '360602', '4', '月湖区', 'YHQ', '0', '117.036676', '28.238797', '189');
INSERT INTO `t_s_territory` VALUES ('1773', '360622', '4', '余江县', 'YJX', '0', '116.818871', '28.204174', '189');
INSERT INTO `t_s_territory` VALUES ('1774', '360681', '4', '贵溪市', 'GXS', '0', '117.245497', '28.292519', '189');
INSERT INTO `t_s_territory` VALUES ('1775', '360702', '4', '章贡区', 'ZGQ', '0', '114.941826', '25.862827', '190');
INSERT INTO `t_s_territory` VALUES ('1776', '360721', '4', '赣县', 'GX', '0', '115.011561', '25.860691', '190');
INSERT INTO `t_s_territory` VALUES ('1777', '360722', '4', '信丰县', 'XFX', '0', '114.922963', '25.386278', '190');
INSERT INTO `t_s_territory` VALUES ('1778', '360723', '4', '大余县', 'DYX', '0', '114.362094', '25.401283', '190');
INSERT INTO `t_s_territory` VALUES ('1779', '360724', '4', '上犹县', 'SYX', '0', '114.551371', '25.784978', '190');
INSERT INTO `t_s_territory` VALUES ('1780', '360725', '4', '崇义县', 'CYX', '0', '114.308273', '25.681879', '190');
INSERT INTO `t_s_territory` VALUES ('1781', '360726', '4', '安远县', 'AYX', '0', '115.393922', '25.136925', '190');
INSERT INTO `t_s_territory` VALUES ('1782', '360727', '4', '龙南县', 'LNX', '0', '114.789811', '24.911107', '190');
INSERT INTO `t_s_territory` VALUES ('1783', '360728', '4', '定南县', 'DNX', '0', '115.027845', '24.78441', '190');
INSERT INTO `t_s_territory` VALUES ('1784', '360729', '4', '全南县', 'QNX', '0', '114.530125', '24.742401', '190');
INSERT INTO `t_s_territory` VALUES ('1785', '360730', '4', '宁都县', 'NDX', '0', '116.009472', '26.470116', '190');
INSERT INTO `t_s_territory` VALUES ('1786', '360731', '4', '于都县', 'YDX', '0', '115.41551', '25.952066', '190');
INSERT INTO `t_s_territory` VALUES ('1787', '360732', '4', '兴国县', 'XGX', '0', '115.36319', '26.337937', '190');
INSERT INTO `t_s_territory` VALUES ('1788', '360733', '4', '会昌县', 'HCX', '0', '115.786057', '25.600272', '190');
INSERT INTO `t_s_territory` VALUES ('1789', '360734', '4', '寻乌县', 'YWX', '0', '115.646525', '24.963322', '190');
INSERT INTO `t_s_territory` VALUES ('1790', '360735', '4', '石城县', 'SCX', '0', '116.354201', '26.32686', '190');
INSERT INTO `t_s_territory` VALUES ('1791', '360781', '4', '瑞金市', 'RJS', '0', '116.02713', '25.885561', '190');
INSERT INTO `t_s_territory` VALUES ('1792', '360782', '4', '南康市', 'NKS', '0', '114.765238', '25.661356', '190');
INSERT INTO `t_s_territory` VALUES ('1793', '360802', '4', '吉州区', 'JZQ', '0', '114.994307', '27.129975', '191');
INSERT INTO `t_s_territory` VALUES ('1794', '360803', '4', '青原区', 'QYQ', '0', '115.01424', '27.081719', '191');
INSERT INTO `t_s_territory` VALUES ('1795', '360821', '4', '吉安县', 'JAX', '0', '114.907659', '27.040142', '191');
INSERT INTO `t_s_territory` VALUES ('1796', '360822', '4', '吉水县', 'JSX', '0', '115.135507', '27.229632', '191');
INSERT INTO `t_s_territory` VALUES ('1797', '360823', '4', '峡江县', 'XJX', '0', '115.316566', '27.582901', '191');
INSERT INTO `t_s_territory` VALUES ('1798', '360824', '4', '新干县', 'XGX', '0', '115.393043', '27.740809', '191');
INSERT INTO `t_s_territory` VALUES ('1799', '360825', '4', '永丰县', 'YFX', '0', '115.441477', '27.317869', '191');
INSERT INTO `t_s_territory` VALUES ('18', '00000015', '2', '山东省', 'SDS', '0', '117.020411', '36.668627', '1');
INSERT INTO `t_s_territory` VALUES ('1800', '360826', '4', '泰和县', 'THX', '0', '114.908861', '26.790231', '191');
INSERT INTO `t_s_territory` VALUES ('1801', '360827', '4', '遂川县', 'SCX', '0', '114.52098', '26.311894', '191');
INSERT INTO `t_s_territory` VALUES ('1802', '360828', '4', '万安县', 'WAX', '0', '114.786256', '26.458257', '191');
INSERT INTO `t_s_territory` VALUES ('1803', '360829', '4', '安福县', 'AFX', '0', '114.619893', '27.392874', '191');
INSERT INTO `t_s_territory` VALUES ('1804', '360830', '4', '永新县', 'YXX', '0', '114.242675', '26.945233', '191');
INSERT INTO `t_s_territory` VALUES ('1805', '360881', '4', '井冈山市', 'JGSS', '0', '114.289182', '26.748186', '191');
INSERT INTO `t_s_territory` VALUES ('1806', '360902', '4', '袁州区', 'YZQ', '0', '114.424657', '27.798846', '192');
INSERT INTO `t_s_territory` VALUES ('1807', '360921', '4', '奉新县', 'FXX', '0', '115.384904', '28.700806', '192');
INSERT INTO `t_s_territory` VALUES ('1808', '360922', '4', '万载县', 'WZX', '0', '114.447551', '28.10455', '192');
INSERT INTO `t_s_territory` VALUES ('1809', '360923', '4', '上高县', 'SGX', '0', '114.924494', '28.232827', '192');
INSERT INTO `t_s_territory` VALUES ('1810', '360924', '4', '宜丰县', 'YFX', '0', '114.803542', '28.393613', '192');
INSERT INTO `t_s_territory` VALUES ('1811', '360925', '4', '靖安县', 'JAX', '0', '115.362629', '28.861475', '192');
INSERT INTO `t_s_territory` VALUES ('1812', '360926', '4', '铜鼓县', 'TGX', '0', '114.37098', '28.520747', '192');
INSERT INTO `t_s_territory` VALUES ('1813', '360981', '4', '丰城市', 'FCS', '0', '115.771195', '28.159325', '192');
INSERT INTO `t_s_territory` VALUES ('1814', '360982', '4', '樟树市', 'ZSS', '0', '115.546063', '28.055796', '192');
INSERT INTO `t_s_territory` VALUES ('1815', '360983', '4', '高安市', 'GAS', '0', '115.375618', '28.417261', '192');
INSERT INTO `t_s_territory` VALUES ('1816', '361002', '4', '临川区', 'LCQ', '0', '116.31136', '27.934529', '193');
INSERT INTO `t_s_territory` VALUES ('1817', '361021', '4', '南城县', 'NCX', '0', '116.644658', '27.552748', '193');
INSERT INTO `t_s_territory` VALUES ('1818', '361022', '4', '黎川县', 'LCX', '0', '116.907508', '27.282382', '193');
INSERT INTO `t_s_territory` VALUES ('1819', '361023', '4', '南丰县', 'NFX', '0', '116.525725', '27.218445', '193');
INSERT INTO `t_s_territory` VALUES ('1820', '361024', '4', '崇仁县', 'CRX', '0', '116.061164', '27.764681', '193');
INSERT INTO `t_s_territory` VALUES ('1821', '361025', '4', '乐安县', 'LAX', '0', '115.837895', '27.420441', '193');
INSERT INTO `t_s_territory` VALUES ('1822', '361026', '4', '宜黄县', 'YHX', '0', '116.222128', '27.546146', '193');
INSERT INTO `t_s_territory` VALUES ('1823', '361027', '4', '金溪县', 'JXX', '0', '116.775435', '27.908337', '193');
INSERT INTO `t_s_territory` VALUES ('1824', '361028', '4', '资溪县', 'ZXX', '0', '117.060264', '27.706102', '193');
INSERT INTO `t_s_territory` VALUES ('1825', '361029', '4', '东乡县', 'DXX', '0', '116.590465', '28.236118', '193');
INSERT INTO `t_s_territory` VALUES ('1826', '361030', '4', '广昌县', 'GCX', '0', '116.325757', '26.837267', '193');
INSERT INTO `t_s_territory` VALUES ('1827', '361102', '4', '信州区', 'XZQ', '0', '117.966823', '28.43121', '194');
INSERT INTO `t_s_territory` VALUES ('1828', '361121', '4', '上饶县', 'SRX', '0', '117.90785', '28.448983', '194');
INSERT INTO `t_s_territory` VALUES ('1829', '361122', '4', '广丰县', 'GFX', '0', '118.19124', '28.436286', '194');
INSERT INTO `t_s_territory` VALUES ('1830', '361123', '4', '玉山县', 'YSX', '0', '118.245124', '28.682055', '194');
INSERT INTO `t_s_territory` VALUES ('1831', '361124', '4', '铅山县', 'QSX', '0', '117.709451', '28.315217', '194');
INSERT INTO `t_s_territory` VALUES ('1832', '361125', '4', '横峰县', 'HFX', '0', '117.596452', '28.407118', '194');
INSERT INTO `t_s_territory` VALUES ('1833', '361126', '4', '弋阳县', 'YYX', '0', '117.449588', '28.378044', '194');
INSERT INTO `t_s_territory` VALUES ('1834', '361127', '4', '余干县', 'YGX', '0', '116.695647', '28.702302', '194');
INSERT INTO `t_s_territory` VALUES ('1835', '361128', '4', '鄱阳县', 'PYX', '0', '116.699746', '29.011699', '194');
INSERT INTO `t_s_territory` VALUES ('1836', '361129', '4', '万年县', 'WNX', '0', '117.058445', '28.694582', '194');
INSERT INTO `t_s_territory` VALUES ('1837', '361130', '4', '婺源县', 'WYX', '0', '117.861911', '29.2480249', '194');
INSERT INTO `t_s_territory` VALUES ('1838', '361181', '4', '德兴市', 'DXS', '0', '117.578713', '28.946464', '194');
INSERT INTO `t_s_territory` VALUES ('1839', '370102', '4', '历下区', 'LXQ', '0', '117.07653', '36.666344', '195');
INSERT INTO `t_s_territory` VALUES ('184', '360100', '3', '南昌市', 'NCS', '0', '115.858089', '28.68316', '17');
INSERT INTO `t_s_territory` VALUES ('1840', '370103', '4', '市中区', 'SZQ', '0', '116.997475', '36.6511749', '195');
INSERT INTO `t_s_territory` VALUES ('1841', '370104', '4', '槐荫区', 'HYQ', '0', '116.90113', '36.651301', '195');
INSERT INTO `t_s_territory` VALUES ('1842', '370105', '4', '天桥区', 'TQQ', '0', '116.987492', '36.678016', '195');
INSERT INTO `t_s_territory` VALUES ('1843', '370112', '4', '历城区', 'LCQ', '0', '117.065222', '36.680171', '195');
INSERT INTO `t_s_territory` VALUES ('185', '360200', '3', '景德镇市', 'JDZS', '0', '117.17842', '29.268836', '17');
INSERT INTO `t_s_territory` VALUES ('186', '360300', '3', '萍乡市', 'PXS', '0', '113.854676', '27.622865', '17');
INSERT INTO `t_s_territory` VALUES ('187', '360400', '3', '九江市', 'JJS', '0', '116.001951', '29.705103', '17');
INSERT INTO `t_s_territory` VALUES ('188', '360500', '3', '新余市', 'XYS', '0', '114.91741', '27.817819', '17');
INSERT INTO `t_s_territory` VALUES ('189', '360600', '3', '鹰潭市', 'YTS', '0', '117.069202', '28.260189', '17');
INSERT INTO `t_s_territory` VALUES ('19', '00000017', '2', '湖北省', 'HBS', '0', '114.341921', '30.545861', '1');
INSERT INTO `t_s_territory` VALUES ('190', '360700', '3', '赣州市', 'GZS', '0', '114.935025', '25.831925', '17');
INSERT INTO `t_s_territory` VALUES ('191', '360800', '3', '吉安市', 'JAS', '0', '114.992912', '27.113039', '17');
INSERT INTO `t_s_territory` VALUES ('192', '360900', '3', '宜春市', 'YCS', '0', '114.416778', '27.815619', '17');
INSERT INTO `t_s_territory` VALUES ('193', '361000', '3', '抚州市', 'FZS', '0', '116.358176', '27.9492', '17');
INSERT INTO `t_s_territory` VALUES ('194', '361100', '3', '上饶市', 'SRS', '0', '117.943433', '28.454863', '17');
INSERT INTO `t_s_territory` VALUES ('195', '370100', '3', '济南市', 'JNS', '0', '116.994917', '36.665282', '18');
INSERT INTO `t_s_territory` VALUES ('20', '00000018', '2', '湖南省', 'HNS', '0', '112.98381', '28.112444', '1');
INSERT INTO `t_s_territory` VALUES ('21', '40000000', '2', '重庆市', 'ZQS', '0', '106.551557', '29.56301', '1');
INSERT INTO `t_s_territory` VALUES ('22', '00000022', '2', '四川省', 'SCS', '0', '104.075931', '30.651652', '1');
INSERT INTO `t_s_territory` VALUES ('23', '00000019', '2', '广东省', 'GDS', '0', '113.266531', '23.132191', '1');
INSERT INTO `t_s_territory` VALUES ('24', '00000020', '2', '广西壮族自治区', 'GXZZZZQ', '0', '108.327546', '22.815478', '1');
INSERT INTO `t_s_territory` VALUES ('25', '00000021', '2', '海南省', 'HNS', '0', '110.349229', '20.017378', '1');
INSERT INTO `t_s_territory` VALUES ('26', '810000', '2', '香港特别行政区', 'XGTBXZQ', '0', '114.109497', '22.396428', '1');
INSERT INTO `t_s_territory` VALUES ('27', '820000', '2', '澳门特别行政区', 'AMTBXZQ', '0', '113.543873', '22.198745', '1');
INSERT INTO `t_s_territory` VALUES ('28', '00000023', '2', '贵州省', 'GZS', '0', '106.707116', '26.598026', '1');
INSERT INTO `t_s_territory` VALUES ('29', '00000024', '2', '云南省', 'YNS', '0', '102.709812', '25.045359', '1');
INSERT INTO `t_s_territory` VALUES ('3', '00000006', '2', '辽宁省', 'LNS', '0', '123.42944', '41.835441', '1');
INSERT INTO `t_s_territory` VALUES ('30', '00000025', '2', '西藏自治区', 'XCZZQ', '0', '91.1170059', '29.647951', '1');
INSERT INTO `t_s_territory` VALUES ('31', '00000026', '2', '陕西省', 'SXS', '0', '108.954239', '34.265472', '1');
INSERT INTO `t_s_territory` VALUES ('32', '00000027', '2', '甘肃省', 'GSS', '0', '103.826308', '36.059421', '1');
INSERT INTO `t_s_territory` VALUES ('33', '00000028', '2', '青海省', 'QHS', '0', '101.780199', '36.620901', '1');
INSERT INTO `t_s_territory` VALUES ('34', '00000029', '2', '宁夏回族自治区', 'NXHZZZQ', '0', '106.258754', '38.471318', '1');
INSERT INTO `t_s_territory` VALUES ('35', '00000030', '2', '新疆维吾尔自治区', 'XJWWEZZQ', '0', '87.6278119', '43.793028', '1');
INSERT INTO `t_s_territory` VALUES ('4', '00000007', '2', '吉林省', 'JLS', '0', '125.326065', '43.896082', '1');
INSERT INTO `t_s_territory` VALUES ('5', '10000000', '2', '北京市', 'BJS', '0', '116.407413', '39.904214', '1');
INSERT INTO `t_s_territory` VALUES ('6', '30000000', '2', '天津市', 'TJS', '0', '117.200983', '39.084158', '1');
INSERT INTO `t_s_territory` VALUES ('7', '00000003', '2', '河北省', 'HBS', '0', '114.468665', '38.037057', '1');
INSERT INTO `t_s_territory` VALUES ('8', '00000004', '2', '山西省', 'SXS', '0', '112.562569', '37.873376', '1');
INSERT INTO `t_s_territory` VALUES ('89', '370200', '3', '青岛市', 'QDS', '0', '120.382504', '36.06722', '18');
INSERT INTO `t_s_territory` VALUES ('9', '00000005', '2', '内蒙古自治区', 'NMGZZQ', '0', '111.765618', '40.817498', '1');
INSERT INTO `t_s_territory` VALUES ('90', '370300', '3', '淄博市', 'ZBS', '0', '118.055007', '36.813497', '18');
INSERT INTO `t_s_territory` VALUES ('91', '370400', '3', '枣庄市', 'ZZS', '0', '117.323725', '34.810488', '18');
INSERT INTO `t_s_territory` VALUES ('92', '370500', '3', '东营市', 'DYS', '0', '118.674767', '37.434751', '18');
INSERT INTO `t_s_territory` VALUES ('926', '370113', '4', '长清区', 'CQQ', '0', '116.751959', '36.553691', '195');
INSERT INTO `t_s_territory` VALUES ('927', '370124', '4', '平阴县', 'PYX', '0', '116.456187', '36.289265', '195');
INSERT INTO `t_s_territory` VALUES ('928', '370125', '4', '济阳县', 'JYX', '0', '117.173529', '36.978547', '195');
INSERT INTO `t_s_territory` VALUES ('929', '370126', '4', '商河县', 'SHX', '0', '117.157183', '37.309045', '195');
INSERT INTO `t_s_territory` VALUES ('93', '370600', '3', '烟台市', 'YTS', '0', '121.447926', '37.463819', '18');
INSERT INTO `t_s_territory` VALUES ('930', '370181', '4', '章丘市', 'ZQS', '0', '117.534326', '36.714015', '195');
INSERT INTO `t_s_territory` VALUES ('931', '370202', '4', '市南区', 'SNQ', '0', '120.412392', '36.075651', '89');
INSERT INTO `t_s_territory` VALUES ('932', '370203', '4', '市北区', 'SBQ', '0', '120.374801', '36.087661', '89');
INSERT INTO `t_s_territory` VALUES ('933', '370205', '4', '四方区', 'SFQ', '0', '120.366454', '36.103993', '89');
INSERT INTO `t_s_territory` VALUES ('934', '370211', '4', '黄岛区', 'HDQ', '0', '120.198054', '35.960935', '89');
INSERT INTO `t_s_territory` VALUES ('935', '370212', '4', '崂山区', 'LSQ', '0', '120.468956', '36.107538', '89');
INSERT INTO `t_s_territory` VALUES ('936', '370213', '4', '李沧区', 'LCQ', '0', '120.432864', '36.145476', '89');
INSERT INTO `t_s_territory` VALUES ('937', '370214', '4', '城阳区', 'CYQ', '0', '120.396529', '36.307061', '89');
INSERT INTO `t_s_territory` VALUES ('938', '370281', '4', '胶州市', 'JZS', '0', '120.033345', '36.264664', '89');
INSERT INTO `t_s_territory` VALUES ('939', '370282', '4', '即墨市', 'JMS', '0', '120.447162', '36.389401', '89');
INSERT INTO `t_s_territory` VALUES ('94', '370700', '3', '潍坊市', 'WFS', '0', '119.16193', '36.706691', '18');
INSERT INTO `t_s_territory` VALUES ('940', '370283', '4', '平度市', 'PDS', '0', '119.960014', '36.7867', '89');
INSERT INTO `t_s_territory` VALUES ('941', '370284', '4', '胶南市', 'JNS', '0', '120.04643', '35.8725', '89');
INSERT INTO `t_s_territory` VALUES ('942', '370285', '4', '莱西市', 'LXS', '0', '120.51769', '36.889084', '89');
INSERT INTO `t_s_territory` VALUES ('943', '370302', '4', '淄川区', 'ZCQ', '0', '117.966842', '36.643449', '90');
INSERT INTO `t_s_territory` VALUES ('944', '370303', '4', '张店区', 'ZDQ', '0', '118.017656', '36.806773', '90');
INSERT INTO `t_s_territory` VALUES ('945', '370304', '4', '博山区', 'BSQ', '0', '117.861698', '36.494752', '90');
INSERT INTO `t_s_territory` VALUES ('946', '370305', '4', '临淄区', 'LZQ', '0', '118.308977', '36.827343', '90');
INSERT INTO `t_s_territory` VALUES ('947', '370306', '4', '周村区', 'ZCQ', '0', '117.869877', '36.803109', '90');
INSERT INTO `t_s_territory` VALUES ('948', '370321', '4', '桓台县', 'HTX', '0', '118.097955', '36.959623', '90');
INSERT INTO `t_s_territory` VALUES ('949', '370322', '4', '高青县', 'GQX', '0', '117.826916', '37.171063', '90');
INSERT INTO `t_s_territory` VALUES ('95', '370800', '3', '济宁市', 'JNS', '0', '116.587099', '35.414921', '18');
INSERT INTO `t_s_territory` VALUES ('950', '370323', '4', '沂源县', 'YYX', '0', '118.170979', '36.184827', '90');
INSERT INTO `t_s_territory` VALUES ('951', '370402', '4', '市中区', 'SZQ', '0', '117.556124', '34.864114', '91');
INSERT INTO `t_s_territory` VALUES ('952', '370403', '4', '薛城区', 'YCQ', '0', '117.263157', '34.795206', '91');
INSERT INTO `t_s_territory` VALUES ('953', '370404', '4', '峄城区', 'YCQ', '0', '117.590819', '34.772236', '91');
INSERT INTO `t_s_territory` VALUES ('954', '370405', '4', '台儿庄区', 'TEZQ', '0', '117.733832', '34.562528', '91');
INSERT INTO `t_s_territory` VALUES ('955', '370406', '4', '山亭区', 'STQ', '0', '117.461343', '35.099549', '91');
INSERT INTO `t_s_territory` VALUES ('956', '370481', '4', '滕州市', 'TZS', '0', '117.164388', '35.084021', '91');
INSERT INTO `t_s_territory` VALUES ('957', '370502', '4', '东营区', 'DYQ', '0', '118.582184', '37.448964', '92');
INSERT INTO `t_s_territory` VALUES ('958', '370503', '4', '河口区', 'HKQ', '0', '118.525579', '37.886138', '92');
INSERT INTO `t_s_territory` VALUES ('959', '370521', '4', '垦利县', 'KLX', '0', '118.547627', '37.58754', '92');
INSERT INTO `t_s_territory` VALUES ('960', '370522', '4', '利津县', 'LJX', '0', '118.255273', '37.49026', '92');
INSERT INTO `t_s_territory` VALUES ('961', '370523', '4', '广饶县', 'GRX', '0', '118.407045', '37.0537', '92');
INSERT INTO `t_s_territory` VALUES ('962', '370602', '4', '芝罘区', 'ZFQ', '0', '121.400031', '37.540687', '93');
INSERT INTO `t_s_territory` VALUES ('963', '370611', '4', '福山区', 'FSQ', '0', '121.267697', '37.498051', '93');
INSERT INTO `t_s_territory` VALUES ('964', '370612', '4', '牟平区', 'MPQ', '0', '121.600512', '37.386901', '93');
INSERT INTO `t_s_territory` VALUES ('965', '370613', '4', '莱山区', 'LSQ', '0', '121.445304', '37.511305', '93');
INSERT INTO `t_s_territory` VALUES ('966', '370614', '4', '开发区', 'KFQ', '0', '121.251001', '37.554683', '93');
INSERT INTO `t_s_territory` VALUES ('967', '370634', '4', '长岛县', 'CDX', '0', '120.736584', '37.921417', '93');
INSERT INTO `t_s_territory` VALUES ('968', '370681', '4', '龙口市', 'LKS', '0', '120.477836', '37.646064', '93');
INSERT INTO `t_s_territory` VALUES ('969', '370682', '4', '莱阳市', 'LYS', '0', '120.711607', '36.97891', '93');
INSERT INTO `t_s_territory` VALUES ('970', '370683', '4', '莱州市', 'LZS', '0', '119.942327', '37.177017', '93');
INSERT INTO `t_s_territory` VALUES ('971', '370684', '4', '蓬莱市', 'PLS', '0', '120.758848', '37.810661', '93');
INSERT INTO `t_s_territory` VALUES ('972', '370685', '4', '招远市', 'ZYS', '0', '120.434072', '37.355469', '93');
INSERT INTO `t_s_territory` VALUES ('973', '370686', '4', '栖霞市', 'QXS', '0', '120.849675', '37.335123', '93');
INSERT INTO `t_s_territory` VALUES ('974', '370687', '4', '海阳市', 'HYS', '0', '121.158477', '36.776425', '93');
INSERT INTO `t_s_territory` VALUES ('975', '370702', '4', '潍城区', 'WCQ', '0', '119.024836', '36.7281', '94');
INSERT INTO `t_s_territory` VALUES ('976', '370703', '4', '寒亭区', 'HTQ', '0', '119.219734', '36.775491', '94');
INSERT INTO `t_s_territory` VALUES ('977', '370704', '4', '坊子区', 'FZQ', '0', '119.166485', '36.654448', '94');
INSERT INTO `t_s_territory` VALUES ('978', '370705', '4', '奎文区', 'KWQ', '0', '119.132486', '36.707676', '94');
INSERT INTO `t_s_territory` VALUES ('979', '370724', '4', '临朐县', 'LQX', '0', '118.542982', '36.5125059', '94');
INSERT INTO `t_s_territory` VALUES ('980', '370725', '4', '昌乐县', 'CLX', '0', '118.829914', '36.706945', '94');
INSERT INTO `t_s_territory` VALUES ('981', '370781', '4', '青州市', 'QZS', '0', '118.479622', '36.684528', '94');
INSERT INTO `t_s_territory` VALUES ('982', '370782', '4', '诸城市', 'ZCS', '0', '119.410103', '35.995654', '94');
INSERT INTO `t_s_territory` VALUES ('983', '370783', '4', '寿光市', 'SGS', '0', '118.790652', '36.85548', '94');
INSERT INTO `t_s_territory` VALUES ('984', '370784', '4', '安丘市', 'AQS', '0', '119.218978', '36.478494', '94');
INSERT INTO `t_s_territory` VALUES ('985', '370785', '4', '高密市', 'GMS', '0', '119.755597', '36.3825949', '94');
INSERT INTO `t_s_territory` VALUES ('986', '370786', '4', '昌邑市', 'CYS', '0', '119.398525', '36.85882', '94');
INSERT INTO `t_s_territory` VALUES ('987', '370802', '4', '市中区', 'SZQ', '0', '116.596614', '35.40819', '95');
INSERT INTO `t_s_territory` VALUES ('988', '370811', '4', '任城区', 'RCQ', '0', '116.628562', '35.433727', '95');
INSERT INTO `t_s_territory` VALUES ('989', '370826', '4', '微山县', 'WSX', '0', '117.128946', '34.8071', '95');
INSERT INTO `t_s_territory` VALUES ('990', '370827', '4', '鱼台县', 'YTX', '0', '116.650608', '35.012749', '95');
INSERT INTO `t_s_territory` VALUES ('991', '370828', '4', '金乡县', 'JXX', '0', '116.311532', '35.06662', '95');
INSERT INTO `t_s_territory` VALUES ('992', '370829', '4', '嘉祥县', 'JXX', '0', '116.342442', '35.407829', '95');
INSERT INTO `t_s_territory` VALUES ('993', '370830', '4', '汶上县', 'WSX', '0', '116.489043', '35.732799', '95');
INSERT INTO `t_s_territory` VALUES ('994', '370831', '4', '泗水县', 'SSX', '0', '117.251195', '35.664323', '95');
INSERT INTO `t_s_territory` VALUES ('995', '370832', '4', '梁山县', 'LSX', '0', '116.096044', '35.802306', '95');
INSERT INTO `t_s_territory` VALUES ('996', '370881', '4', '曲阜市', 'QFS', '0', '116.986532', '35.581137', '95');
INSERT INTO `t_s_territory` VALUES ('997', '370882', '4', '兖州市', 'YZS', '0', '116.783834', '35.553144', '95');
INSERT INTO `t_s_territory` VALUES ('998', '370883', '4', '邹城市', 'ZCS', '0', '117.003743', '35.405185', '95');
INSERT INTO `t_s_territory` VALUES ('999', '370902', '4', '泰山区', 'TSQ', '0', '117.135354', '36.192084', '96');

-- ----------------------------
-- Table structure for `t_s_timetask`
-- ----------------------------
DROP TABLE IF EXISTS `t_s_timetask`;
CREATE TABLE `t_s_timetask` (
  `ID` varchar(32) NOT NULL,
  `CREATE_BY` varchar(32) default NULL,
  `CREATE_DATE` datetime default NULL,
  `CREATE_NAME` varchar(32) default NULL,
  `CRON_EXPRESSION` varchar(100) NOT NULL,
  `IS_EFFECT` varchar(1) NOT NULL,
  `IS_START` varchar(1) NOT NULL,
  `TASK_DESCRIBE` varchar(50) NOT NULL,
  `TASK_ID` varchar(100) NOT NULL,
  `UPDATE_BY` varchar(32) default NULL,
  `UPDATE_DATE` datetime default NULL,
  `UPDATE_NAME` varchar(32) default NULL,
  PRIMARY KEY  (`ID`)
) ENGINE=InnoDB DEFAULT CHARSET=utf8;

-- ----------------------------
-- Records of t_s_timetask
-- ----------------------------
INSERT INTO `t_s_timetask` VALUES ('4028d881436d514601436d5219ab0159', null, null, null, '0 0/1 * * * ?', '0', '0', '测试Demo', 'taskDemoServiceTaskCronTrigger', null, null, null);

-- ----------------------------
-- Table structure for `t_s_type`
-- ----------------------------
DROP TABLE IF EXISTS `t_s_type`;
CREATE TABLE `t_s_type` (
  `ID` varchar(32) NOT NULL,
  `typecode` varchar(50) default NULL,
  `typename` varchar(50) default NULL,
  `typepid` varchar(32) default NULL,
  `typegroupid` varchar(32) default NULL,
  PRIMARY KEY  (`ID`),
  KEY `FK_nw2b22gy7plh7pqows186odmq` (`typepid`),
  KEY `FK_3q40mr4ebtd0cvx79matl39x1` (`typegroupid`),
  CONSTRAINT `FK_3q40mr4ebtd0cvx79matl39x1` FOREIGN KEY (`typegroupid`) REFERENCES `t_s_typegroup` (`ID`),
  CONSTRAINT `FK_nw2b22gy7plh7pqows186odmq` FOREIGN KEY (`typepid`) REFERENCES `t_s_type` (`ID`)
) ENGINE=InnoDB DEFAULT CHARSET=utf8;

-- ----------------------------
-- Records of t_s_type
-- ----------------------------
INSERT INTO `t_s_type` VALUES ('402889f446ef76460146ef8286ef000a', 'A01', '服务号', null, '402889f446ef76460146ef821c7f0007');
INSERT INTO `t_s_type` VALUES ('402889f446ef76460146ef82bdbd000c', 'A02', '订阅号', null, '402889f446ef76460146ef821c7f0007');
INSERT INTO `t_s_type` VALUES ('4028d881436d514601436d5216130051', '2', '菜单图标', null, '4028d881436d514601436d5215c30047');
INSERT INTO `t_s_type` VALUES ('4028d881436d514601436d5216160052', '1', '系统图标', null, '4028d881436d514601436d5215c30047');
INSERT INTO `t_s_type` VALUES ('4028d881436d514601436d5216190053', 'files', '附件', null, '4028d881436d514601436d5215e4004f');
INSERT INTO `t_s_type` VALUES ('4028d881436d514601436d52161c0054', '1', '优质订单', null, '4028d881436d514601436d5215c90048');
INSERT INTO `t_s_type` VALUES ('4028d881436d514601436d52161f0055', '2', '普通订单', null, '4028d881436d514601436d5215c90048');
INSERT INTO `t_s_type` VALUES ('4028d881436d514601436d5216220056', '1', '签约客户', null, '4028d881436d514601436d5215cc0049');
INSERT INTO `t_s_type` VALUES ('4028d881436d514601436d5216250057', '2', '普通客户', null, '4028d881436d514601436d5215cc0049');
INSERT INTO `t_s_type` VALUES ('4028d881436d514601436d5216290058', '1', '特殊服务', null, '4028d881436d514601436d5215cf004a');
INSERT INTO `t_s_type` VALUES ('4028d881436d514601436d52162e0059', '2', '普通服务', null, '4028d881436d514601436d5215cf004a');
INSERT INTO `t_s_type` VALUES ('4028d881436d514601436d521633005a', 'single', '单条件查询', null, '4028d881436d514601436d5215d4004b');
INSERT INTO `t_s_type` VALUES ('4028d881436d514601436d521638005b', 'group', '范围查询', null, '4028d881436d514601436d5215d4004b');
INSERT INTO `t_s_type` VALUES ('4028d881436d514601436d52163d005c', 'Y', '是', null, '4028d881436d514601436d5215d7004c');
INSERT INTO `t_s_type` VALUES ('4028d881436d514601436d521640005d', 'N', '否', null, '4028d881436d514601436d5215d7004c');
INSERT INTO `t_s_type` VALUES ('4028d881436d514601436d521643005e', 'Integer', 'Integer', null, '4028d881436d514601436d5215db004d');
INSERT INTO `t_s_type` VALUES ('4028d881436d514601436d521646005f', 'Date', 'Date', null, '4028d881436d514601436d5215db004d');
INSERT INTO `t_s_type` VALUES ('4028d881436d514601436d52164b0060', 'String', 'String', null, '4028d881436d514601436d5215db004d');
INSERT INTO `t_s_type` VALUES ('4028d881436d514601436d52164f0061', 'Long', 'Long', null, '4028d881436d514601436d5215db004d');
INSERT INTO `t_s_type` VALUES ('4028d881436d514601436d5216530062', 'act', '工作流引擎表', null, '4028d881436d514601436d5215df004e');
INSERT INTO `t_s_type` VALUES ('4028d881436d514601436d5216570063', 't_s', '系统基础表', null, '4028d881436d514601436d5215df004e');
INSERT INTO `t_s_type` VALUES ('4028d881436d514601436d52165c0064', 't_b', '业务表', null, '4028d881436d514601436d5215df004e');
INSERT INTO `t_s_type` VALUES ('4028d881436d514601436d5216600065', 't_p', '自定义引擎表', null, '4028d881436d514601436d5215df004e');
INSERT INTO `t_s_type` VALUES ('4028d881436d514601436d5216640066', 'news', '新闻', null, '4028d881436d514601436d5215e4004f');
INSERT INTO `t_s_type` VALUES ('4028d881436d514601436d5216670067', '0', '男性', null, '4028d881436d514601436d5215e90050');
INSERT INTO `t_s_type` VALUES ('4028d881436d514601436d52166a0068', '1', '女性', null, '4028d881436d514601436d5215e90050');

-- ----------------------------
-- Table structure for `t_s_typegroup`
-- ----------------------------
DROP TABLE IF EXISTS `t_s_typegroup`;
CREATE TABLE `t_s_typegroup` (
  `ID` varchar(32) NOT NULL,
  `typegroupcode` varchar(50) default NULL,
  `typegroupname` varchar(50) default NULL,
  PRIMARY KEY  (`ID`)
) ENGINE=InnoDB DEFAULT CHARSET=utf8;

-- ----------------------------
-- Records of t_s_typegroup
-- ----------------------------
INSERT INTO `t_s_typegroup` VALUES ('402889f446ef76460146ef821c7f0007', 'weixintype', '公众账号类型');
INSERT INTO `t_s_typegroup` VALUES ('4028d881436d514601436d5215c30047', 'icontype', '图标类型');
INSERT INTO `t_s_typegroup` VALUES ('4028d881436d514601436d5215c90048', 'order', '订单类型');
INSERT INTO `t_s_typegroup` VALUES ('4028d881436d514601436d5215cc0049', 'custom', '客户类型');
INSERT INTO `t_s_typegroup` VALUES ('4028d881436d514601436d5215cf004a', 'service', '服务项目类型');
INSERT INTO `t_s_typegroup` VALUES ('4028d881436d514601436d5215d4004b', 'searchmode', '查询模式');
INSERT INTO `t_s_typegroup` VALUES ('4028d881436d514601436d5215d7004c', 'yesorno', '逻辑条件');
INSERT INTO `t_s_typegroup` VALUES ('4028d881436d514601436d5215db004d', 'fieldtype', '字段类型');
INSERT INTO `t_s_typegroup` VALUES ('4028d881436d514601436d5215df004e', 'database', '数据表');
INSERT INTO `t_s_typegroup` VALUES ('4028d881436d514601436d5215e4004f', 'fieltype', '文档分类');
INSERT INTO `t_s_typegroup` VALUES ('4028d881436d514601436d5215e90050', 'sex', '性别类');

-- ----------------------------
-- Table structure for `t_s_user`
-- ----------------------------
DROP TABLE IF EXISTS `t_s_user`;
CREATE TABLE `t_s_user` (
  `email` varchar(50) default NULL,
  `mobilePhone` varchar(30) default NULL,
  `officePhone` varchar(20) default NULL,
  `signatureFile` varchar(100) default NULL,
  `id` varchar(32) NOT NULL,
  PRIMARY KEY  (`id`),
  KEY `FK_2cuji5h6yorrxgsr8ojndlmal` (`id`),
  CONSTRAINT `FK_2cuji5h6yorrxgsr8ojndlmal` FOREIGN KEY (`id`) REFERENCES `t_s_base_user` (`ID`)
) ENGINE=InnoDB DEFAULT CHARSET=utf8;

-- ----------------------------
-- Records of t_s_user
-- ----------------------------
INSERT INTO `t_s_user` VALUES ('', '', '', null, '402881e4461f9c6401461fa2e6f50002');
INSERT INTO `t_s_user` VALUES ('', '', '', null, '402881e44648134a014648174a45000c');
INSERT INTO `t_s_user` VALUES (null, null, null, 'images/renfang/qm/licf.gif', '4028d881436d514601436d5215ac0043');
INSERT INTO `t_s_user` VALUES ('zhangdaiscott@163.com', '13426432910', '7496661', null, '4028d881436d514601436d5215b20044');
INSERT INTO `t_s_user` VALUES (null, null, null, null, '4028d881436d514601436d5215b80045');
INSERT INTO `t_s_user` VALUES (null, null, null, null, '4028d881436d514601436d5215bc0046');

-- ----------------------------
-- Table structure for `t_s_version`
-- ----------------------------
DROP TABLE IF EXISTS `t_s_version`;
CREATE TABLE `t_s_version` (
  `ID` varchar(32) NOT NULL,
  `loginpage` varchar(100) default NULL,
  `versioncode` varchar(50) default NULL,
  `versionname` varchar(30) default NULL,
  `versionnum` varchar(20) default NULL,
  PRIMARY KEY  (`ID`)
) ENGINE=InnoDB DEFAULT CHARSET=utf8;

-- ----------------------------
-- Records of t_s_version
-- ----------------------------

-- ----------------------------
-- Table structure for `weixin_accesstoken`
-- ----------------------------
DROP TABLE IF EXISTS `weixin_accesstoken`;
CREATE TABLE `weixin_accesstoken` (
  `ID` varchar(32) NOT NULL,
  `access_token` varchar(255) default NULL,
  `addtime` datetime default NULL,
  `expires_ib` int(11) default NULL,
  PRIMARY KEY  (`ID`)
) ENGINE=InnoDB DEFAULT CHARSET=utf8;

-- ----------------------------
-- Records of weixin_accesstoken
-- ----------------------------

-- ----------------------------
-- Table structure for `weixin_account`
-- ----------------------------
DROP TABLE IF EXISTS `weixin_account`;
CREATE TABLE `weixin_account` (
  `id` varchar(36) NOT NULL COMMENT '主键',
  `accountname` varchar(200) default NULL COMMENT '公众帐号名称',
  `accounttoken` varchar(200) default NULL COMMENT '公众帐号TOKEN',
  `accountnumber` varchar(200) default NULL COMMENT '公众微信号',
  `accounttype` varchar(50) default NULL COMMENT '公众号类型',
  `accountemail` varchar(200) default NULL COMMENT '电子邮箱',
  `accountdesc` varchar(500) default NULL COMMENT '公众帐号描述',
  `accountaccesstoken` varchar(1000) default NULL COMMENT 'ACCESS_TOKEN',
  `accountappid` varchar(200) default NULL COMMENT '公众帐号APPID',
  `accountappsecret` varchar(500) default NULL COMMENT '公众帐号APPSECRET',
  `ADDTOEKNTIME` datetime default NULL,
  `USERNAME` varchar(50) default NULL,
  `ACCOUNTID` varchar(100) default NULL,
  PRIMARY KEY  (`id`)
) ENGINE=InnoDB DEFAULT CHARSET=utf8;

-- ----------------------------
-- Records of weixin_account
-- ----------------------------
INSERT INTO `weixin_account` VALUES ('402881e8461795c201461795c2e90000', '奥博威斯', 'aoboweisi', 'bc@obvs.cn', 'A01', 'bc@obvs.cn', '无', 'QsLy729ukRchgw4O3bQvO79hIoPr9sJusQseg-9UnY-TAOfIeXTsn92BXB8Hi1r7w9NPVfqkIP0ZT-gIW4ItOA', 'wx00737224cb9dbc7d', 'b9479ebdb58d1c6b6efd4171ebe718b5', '2014-06-28 18:57:04', 'admin', 'gh_7371a2c3fef2');
INSERT INTO `weixin_account` VALUES ('4028d88146e21df20146e2263575000a', 'jeecg', 'jeecg', 'jeecg_scott', '', '', '', 'HS3IVctXeT5ij0Zin3vXhHpOoPBjWEytZ-UYDgg1hyoM1VWegEZ6YVCk8RrTWqRxkWVqiV7D--knIo4aqmEz2A', 'wxa842e07813a1380a', 'c9b716cd172f36eecb9c224157cbdce3', '2014-06-29 09:08:01', 'scott', 'gh_fd03cca3459e');
INSERT INTO `weixin_account` VALUES ('4028d88146e62c5f0146e64a9d92000a', '12312', '123', '1231', '1231', '231', '231', '', '231', '23', null, 'ceshi', '23');

-- ----------------------------
-- Table structure for `weixin_article`
-- ----------------------------
DROP TABLE IF EXISTS `weixin_article`;
CREATE TABLE `weixin_article` (
  `ID` varchar(36) NOT NULL,
  `CREATE_DATE` datetime default NULL,
  `WX_AUTHOR` varchar(255) default NULL,
  `WX_CONTENT` varchar(255) default NULL,
  `WX_ORIGIN_URL` varchar(255) default NULL,
  `WX_PIC_URL` varchar(255) default NULL,
  `WX_SUMMARY` varchar(255) default NULL,
  `WX_TITLE` varchar(255) default NULL,
  `accountid` varchar(100) default NULL,
  PRIMARY KEY  (`ID`)
) ENGINE=InnoDB DEFAULT CHARSET=utf8;

-- ----------------------------
-- Records of weixin_article
-- ----------------------------

-- ----------------------------
-- Table structure for `weixin_autoresponse`
-- ----------------------------
DROP TABLE IF EXISTS `weixin_autoresponse`;
CREATE TABLE `weixin_autoresponse` (
  `ID` varchar(32) NOT NULL,
  `addtime` varchar(255) default NULL,
  `keyword` varchar(255) default NULL,
  `msgtype` varchar(255) default NULL,
  `rescontent` varchar(255) default NULL,
  `templatename` varchar(255) default NULL,
  `accountid` varchar(100) default NULL,
  PRIMARY KEY  (`ID`)
) ENGINE=InnoDB DEFAULT CHARSET=utf8;

-- ----------------------------
-- Records of weixin_autoresponse
-- ----------------------------
INSERT INTO `weixin_autoresponse` VALUES ('402881e44643207c01464329bd090007', '2014-05-28 22:09:07', '1', 'text', '402881e4461f927c01461f963b240003', 'ceshi', 'gh_7371a2c3fef2');
INSERT INTO `weixin_autoresponse` VALUES ('402881e44643207c01464377214c0015', '2014-05-28 23:33:39', '1', 'text', '402881e44643207c0146435bc8b70012', '测试', 'gh_d58a98383644');
INSERT INTO `weixin_autoresponse` VALUES ('402881e44643813501464386ccf80005', '2014-05-28 23:50:46', '2', 'news', '402889f346dc66c30146dc7ca8440004', '1212', 'gh_7371a2c3fef2');
INSERT INTO `weixin_autoresponse` VALUES ('402881e44643813501464389e13d000e', '2014-05-28 23:54:08', '2', 'news', '402881e4464381350146438937f5000a', 'tingfengtuwen', 'gh_d58a98383644');
INSERT INTO `weixin_autoresponse` VALUES ('402881e44643a1cd014643a5bfe50009', '2014-05-29 00:24:34', '3', 'news', '402881e44643a1cd014643a4550c0002', 'ooo', 'gh_d58a98383644');
INSERT INTO `weixin_autoresponse` VALUES ('4028d88146e66ebf0146e66ff6fa0002', '2014-06-29 15:03:55', '12212', 'text', '4028d88146e5d1160146e5d2327e0002', '12', 'gh_7371a2c3fef2');

-- ----------------------------
-- Table structure for `weixin_column`
-- ----------------------------
DROP TABLE IF EXISTS `weixin_column`;
CREATE TABLE `weixin_column` (
  `ID` varchar(36) NOT NULL,
  `ACCOUNTID` varchar(100) default NULL,
  `CREATE_BY` varchar(255) default NULL,
  `CREATE_DATE` datetime default NULL,
  `CREATE_NAME` varchar(255) default NULL,
  `IMAGE_HREF` varchar(255) default NULL,
  `IMAGE_NAME` varchar(255) default NULL,
  `NAME` varchar(20) default NULL,
  PRIMARY KEY  (`ID`)
) ENGINE=InnoDB DEFAULT CHARSET=utf8;

-- ----------------------------
-- Records of weixin_column
-- ----------------------------
INSERT INTO `weixin_column` VALUES ('402881e44695183a01469522f7d20019', 'gh_7371a2c3fef2', 'admin', '2014-06-13 20:10:35', '管理员', 'upload/files/201406132357343zuaHgX4.jpg', '537f1f63dd1c9.jpg', '关于JEECG');
INSERT INTO `weixin_column` VALUES ('402881e44695183a014695234880001c', 'gh_7371a2c3fef2', 'admin', '2014-06-13 20:10:56', '管理员', 'upload/files/20140613235754hLRC87rF.jpg', '537f1f86602b3.jpg', '渠道代理');
INSERT INTO `weixin_column` VALUES ('402881e44695183a01469523f03a001f', 'gh_7371a2c3fef2', 'admin', '2014-06-13 20:11:39', '管理员', 'upload/files/201406132358039IpFSyet.jpg', '537f1f74d031c.jpg', '功能说明');
INSERT INTO `weixin_column` VALUES ('402881e44695183a0146952426ce0022', 'gh_7371a2c3fef2', 'admin', '2014-06-13 20:11:53', '管理员', 'upload/files/20140613235830M96wj4Lr.jpg', '537f1f98d6f42.jpg', '企业文化');
INSERT INTO `weixin_column` VALUES ('402881e446955c7c014695a72a610029', 'gh_7371a2c3fef2', 'admin', '2014-06-13 22:34:59', '管理员', 'upload/files/20140613235852gBTueAWO.jpg', '537f1faf595dd.jpg', '案例分享');
INSERT INTO `weixin_column` VALUES ('402881e446955c7c014695a774f9002c', 'gh_7371a2c3fef2', 'admin', '2014-06-13 22:35:18', '管理员', 'upload/files/20140613235911chsAs0Md.jpg', '537f1ca3cd562.jpg', '联系我们');
INSERT INTO `weixin_column` VALUES ('402881e446955c7c014695a7bc45002f', 'gh_7371a2c3fef2', 'admin', '2014-06-13 22:35:36', '管理员', 'upload/files/20140613235918OA8vt546.jpg', '537f1cb75c597.jpg', '轻松一刻');
INSERT INTO `weixin_column` VALUES ('402881e446955c7c014695a7f08b0032', 'gh_7371a2c3fef2', 'admin', '2014-06-13 22:35:50', '管理员', 'upload/files/20140613235932htqZFtCs.jpg', '537f1fc8d750b.jpg', '互动推广');
INSERT INTO `weixin_column` VALUES ('402881e446955c7c014695a836da0035', 'gh_7371a2c3fef2', 'admin', '2014-06-13 22:36:08', '管理员', 'upload/files/20140613235949UuUHp1Bs.jpg', '537f1fdba507f.jpg', '升级公告');

-- ----------------------------
-- Table structure for `weixin_menu`
-- ----------------------------
DROP TABLE IF EXISTS `weixin_menu`;
CREATE TABLE `weixin_menu` (
  `ID` varchar(36) NOT NULL,
  `CATEGORY` varchar(100) default NULL,
  `NAME` varchar(100) default NULL,
  `WEIXIN_CODE` varchar(100) default NULL,
  PRIMARY KEY  (`ID`)
) ENGINE=InnoDB DEFAULT CHARSET=utf8;

-- ----------------------------
-- Records of weixin_menu
-- ----------------------------

-- ----------------------------
-- Table structure for `weixin_menuentity`
-- ----------------------------
DROP TABLE IF EXISTS `weixin_menuentity`;
CREATE TABLE `weixin_menuentity` (
  `ID` varchar(32) NOT NULL,
  `menukey` varchar(255) default NULL,
  `msgtype` varchar(255) default NULL,
  `name` varchar(255) default NULL,
  `orders` int(11) default NULL,
  `templateid` varchar(255) default NULL,
  `type` varchar(255) default NULL,
  `url` varchar(255) default NULL,
  `fatherid` varchar(32) default NULL,
  `accountid` varchar(255) default NULL,
  PRIMARY KEY  (`ID`),
  KEY `FK_astulwpsla864at9igbas3eic` (`fatherid`),
  CONSTRAINT `FK_astulwpsla864at9igbas3eic` FOREIGN KEY (`fatherid`) REFERENCES `weixin_menuentity` (`ID`)
) ENGINE=InnoDB DEFAULT CHARSET=utf8;

-- ----------------------------
-- Records of weixin_menuentity
-- ----------------------------
INSERT INTO `weixin_menuentity` VALUES ('402881e4464d026901464d05ab600001', 'dada', 'text', '微活动', '1', '402881e4461f927c01461f963b240003', 'click', null, null, 'gh_7371a2c3fef2');
INSERT INTO `weixin_menuentity` VALUES ('402881e4464df45f01464df707760004', 'dzp', 'expand', '我的大转盘', '0', '402881e446950f86014695120f810001', 'click', 'http://123.165.130.173/jeecg-weixin-steward/webpage/weixin/guanjia/other/dazhuanpan/index.html', '402881e4464d026901464d05ab600001', 'gh_7371a2c3fef2');
INSERT INTO `weixin_menuentity` VALUES ('402881e446a4f9400146a50183620008', 'cms', 'expand', '微CMS', '1', '402881e446950f8601469513ec670003', 'click', null, '402881e4464d026901464d05ab600001', 'gh_7371a2c3fef2');
INSERT INTO `weixin_menuentity` VALUES ('4028d88146e21df20146e21f8a640002', '1122', 'news', '1212', '1', '402889f346dc66c30146dc7ca8440004', 'click', null, null, 'gh_7371a2c3fef2');
INSERT INTO `weixin_menuentity` VALUES ('4028d88146e21df20146e226a85b000c', '01', 'news', '社区产品', '1', '', 'click', null, null, 'gh_fd03cca3459e');
INSERT INTO `weixin_menuentity` VALUES ('4028d88146e21df20146e226ce82000e', '02', null, '02', '2', null, 'click', null, null, 'gh_fd03cca3459e');
INSERT INTO `weixin_menuentity` VALUES ('4028d88146e4e63e0146e529dbe00003', '0101', null, 'jeecg', '1', null, 'click', null, '4028d88146e21df20146e226a85b000c', 'gh_fd03cca3459e');
INSERT INTO `weixin_menuentity` VALUES ('4028d88146e4e63e0146e52a0ed00005', 'jeewx', null, 'jeewx', '1', null, 'click', null, '4028d88146e21df20146e226a85b000c', 'gh_fd03cca3459e');

-- ----------------------------
-- Table structure for `weixin_newsitem`
-- ----------------------------
DROP TABLE IF EXISTS `weixin_newsitem`;
CREATE TABLE `weixin_newsitem` (
  `ID` varchar(32) NOT NULL,
  `author` varchar(255) default NULL,
  `content` text,
  `description` varchar(255) default NULL,
  `imagepath` varchar(255) default NULL,
  `orders` varchar(255) default NULL,
  `title` varchar(255) default NULL,
  `templateid` varchar(32) default NULL,
  `accountid` varchar(100) default NULL,
  PRIMARY KEY  (`ID`),
  KEY `FK_m8qs8ufeqkk5cx17budto66r0` (`templateid`),
  CONSTRAINT `FK_m8qs8ufeqkk5cx17budto66r0` FOREIGN KEY (`templateid`) REFERENCES `weixin_newstemplate` (`ID`)
) ENGINE=InnoDB DEFAULT CHARSET=utf8;

-- ----------------------------
-- Records of weixin_newsitem
-- ----------------------------
INSERT INTO `weixin_newsitem` VALUES ('402881e4463cc88701463ccf1cde0002', '测试', '<p>斯蒂芬森的</p>', '无', 'upload/files/20140527163214CKTFLZIC.jpg', '1', '测试1', '402881e446394419014639450f640001', 'gh_7371a2c3fef2');
INSERT INTO `weixin_newsitem` VALUES ('402881e44643207c01464333f81b000d', '听风', '<p>测试内容</p>', '无', 'upload/files/20140528221959CZ99E1i2.jpg', 'http://www.jeecg.org', '听风的测试图文1', '402881e44643207c014643336c07000b', '-1');
INSERT INTO `weixin_newsitem` VALUES ('402881e44643813501464386a6940003', '222', '<p>235235</p>', '222', 'upload/files/20140528235031DMUhg2PP.jpg', '1', '222', '402881e446394419014639450f640001', 'gh_7371a2c3fef2');
INSERT INTO `weixin_newsitem` VALUES ('402881e44643813501464389b81f000c', '123123', '<p>12414</p>', '12', 'upload/files/20140528235355miw0YqCA.jpg', '1', '123123123', '402881e4464381350146438937f5000a', 'gh_d58a98383644');
INSERT INTO `weixin_newsitem` VALUES ('402881e44643a1cd014643a536290004', '1144444444444', '<p>234235235235235</p>', '1414', 'upload/files/20140529002349G6XE4cA2.jpg', '1', '111111111', '402881e44643a1cd014643a4550c0002', 'gh_d58a98383644');
INSERT INTO `weixin_newsitem` VALUES ('402881e44643a1cd014643a5796b0007', '22222222222', '<p>222222222222222222</p>', '2222222222', 'upload/files/20140529002409iN0ffyA8.jpg', '2', '2222222222222', '402881e44643a1cd014643a4550c0002', 'gh_d58a98383644');
INSERT INTO `weixin_newsitem` VALUES ('402889f346dc66c30146dc7cd3f40006', '12', '12', '12', 'upload/files/20140627164144bzcSvQNs.png', '12', '12', '402889f346dc66c30146dc7ca8440004', 'gh_7371a2c3fef2');
INSERT INTO `weixin_newsitem` VALUES ('402889f346dc66c30146dc7cfacf0009', '22', '22', '22', 'upload/files/20140627164155hUT3hMVJ.gif', '22', '22', '402889f346dc66c30146dc7ca8440004', 'gh_7371a2c3fef2');
INSERT INTO `weixin_newsitem` VALUES ('4028d88146f762f90146f766d6310004', '12212', '<ol class=\"dp-j list-paddingleft-2\"><li><p><span class=\"comment\">&nbsp;&nbsp;&nbsp;*&nbsp;</span>&nbsp;</p></li><li><p><span class=\"comment\">&nbsp;&nbsp;&nbsp;&nbsp;&nbsp;*&nbsp;创建日期2011-4-25上午10:12:38</span>&nbsp;</p></li><li><p><span class=\"comment\">&nbsp;&nbsp;&nbsp;&nbsp;&nbsp;*&nbsp;修改日期</span>&nbsp;</p></li><li><p><span class=\"comment\">&nbsp;&nbsp;&nbsp;&nbsp;&nbsp;*&nbsp;作者：dh&nbsp;*TODO&nbsp;使用Base64加密算法加密字符串</span>&nbsp;</p></li><li><p><span class=\"comment\">&nbsp;&nbsp;&nbsp;&nbsp;&nbsp;*return</span>&nbsp;</p></li><li><p><span class=\"comment\">&nbsp;&nbsp;&nbsp;&nbsp;&nbsp;*/</span>&nbsp;&nbsp;</p></li><li><p>&nbsp;&nbsp;&nbsp;&nbsp;<span class=\"keyword\">public</span>&nbsp;<span class=\"keyword\">static</span>&nbsp;String&nbsp;encodeStr(String&nbsp;plainText){&nbsp;&nbsp;</p></li><li><p>&nbsp;&nbsp;&nbsp;&nbsp;&nbsp;&nbsp;&nbsp;&nbsp;<span class=\"keyword\">byte</span>[]&nbsp;b=plainText.getBytes();&nbsp;&nbsp;</p></li><li><p>&nbsp;&nbsp;&nbsp;&nbsp;&nbsp;&nbsp;&nbsp;&nbsp;Base64&nbsp;base64=<span class=\"keyword\">new</span>&nbsp;Base64();&nbsp;&nbsp;</p></li><li><p>&nbsp;&nbsp;&nbsp;&nbsp;&nbsp;&nbsp;&nbsp;&nbsp;b=base64.encode(b);&nbsp;&nbsp;</p></li><li><p>&nbsp;&nbsp;&nbsp;&nbsp;&nbsp;&nbsp;&nbsp;&nbsp;String&nbsp;s=<span class=\"keyword\">new</span>&nbsp;String(b);&nbsp;&nbsp;</p></li><li><p>&nbsp;&nbsp;&nbsp;&nbsp;&nbsp;&nbsp;&nbsp;&nbsp;<span class=\"keyword\">return</span>&nbsp;s;&nbsp;&nbsp;</p></li><li><p>&nbsp;&nbsp;&nbsp;&nbsp;}&nbsp;&nbsp;</p></li><li><p>&nbsp;&nbsp;&nbsp;&nbsp;&nbsp; <br/></p></li></ol><p><br/></p>', '1221122', 'upload/files/20140702220539cvXJWvDj.png', '1', '121212', '4028d88146f762f90146f763f14d0001', 'gh_7371a2c3fef2');
INSERT INTO `weixin_newsitem` VALUES ('4028d88146f768ec0146f76b4a5a0002', '12', '<p><img src=\"http://localhost:8080/jeewx/plug-in/ueditor/jsp/upload1/20140702/79481404310331971.jpg\" style=\"float:none;\" title=\"360截图20140305173414749.jpg\"/></p><p><img src=\"http://localhost:8080/jeewx/plug-in/ueditor/jsp/upload1/20140702/84911404310332773.jpg\" style=\"float:none;\" title=\"360截图20140311125006229.jpg\"/></p><p><br/></p>', '12', 'upload/files/20140702221201cOJUn4Nr.gif', '1', '12', '4028d88146f762f90146f763f14d0001', 'gh_7371a2c3fef2');
INSERT INTO `weixin_newsitem` VALUES ('4028d88146f768ec0146f76e74520006', '123123', '<p>123123123123<img src=\"http://localhost:8080/jeewx/plug-in/ueditor/jsp/upload1/20140702/4171404310542696.jpg\" title=\"360截图20140311125006229.jpg\"/></p>', '123123', 'upload/files/201407022215276fF0YUb9.jpg', '1', '123123', '4028d88146f768ec0146f76c39f90004', 'gh_7371a2c3fef2');
INSERT INTO `weixin_newsitem` VALUES ('4028d88146f768ec0146f76f88010009', '0000', '<p><img src=\"http://localhost:8080/jeewx/plug-in/ueditor/jsp/upload1/20140702/2831404310607874.jpg\" title=\"360截图20140311125006229.jpg\"/></p>', '999', 'upload/files/20140702221631qySPAcfY.gif', '9', '999', '4028d88146f762f90146f763f14d0001', 'gh_7371a2c3fef2');

-- ----------------------------
-- Table structure for `weixin_newstemplate`
-- ----------------------------
DROP TABLE IF EXISTS `weixin_newstemplate`;
CREATE TABLE `weixin_newstemplate` (
  `ID` varchar(32) NOT NULL,
  `addtime` varchar(255) default NULL,
  `tempatename` varchar(255) default NULL,
  `type` varchar(255) default NULL,
  `accountid` varchar(100) default NULL,
  PRIMARY KEY  (`ID`)
) ENGINE=InnoDB DEFAULT CHARSET=utf8;

-- ----------------------------
-- Records of weixin_newstemplate
-- ----------------------------
INSERT INTO `weixin_newstemplate` VALUES ('402881e446394419014639450f640001', '2014-05-27 00:02:45', 'oooo', 'common', 'gh_7371a2c3fef2');
INSERT INTO `weixin_newstemplate` VALUES ('402881e44643207c014643336c07000b', '2014-05-28 22:19:41', '听风的图文模板。', 'cl', '-1');
INSERT INTO `weixin_newstemplate` VALUES ('402881e4464381350146438937f5000a', '2014-05-28 23:53:24', 'tingfengtuwen', 'cl', 'gh_d58a98383644');
INSERT INTO `weixin_newstemplate` VALUES ('402881e44643a1cd014643a4550c0002', '2014-05-29 00:23:01', 'ooo', 'common', 'gh_d58a98383644');
INSERT INTO `weixin_newstemplate` VALUES ('402889f346dc66c30146dc7ca8440004', '2014-06-27 16:41:35', '1212', 'common', 'gh_7371a2c3fef2');
INSERT INTO `weixin_newstemplate` VALUES ('4028d88146e2a6780146e2c8b1cd0001', '2014-06-28 22:02:22', '1231', 'cl', 'gh_7371a2c3fef2');
INSERT INTO `weixin_newstemplate` VALUES ('4028d88146f762f90146f763f14d0001', '2014-07-02 22:04:20', '232332', 'common', 'gh_7371a2c3fef2');
INSERT INTO `weixin_newstemplate` VALUES ('4028d88146f768ec0146f76c39f90004', '2014-07-02 22:13:23', '1221', 'cl', 'gh_7371a2c3fef2');

-- ----------------------------
-- Table structure for `weixin_receivetext`
-- ----------------------------
DROP TABLE IF EXISTS `weixin_receivetext`;
CREATE TABLE `weixin_receivetext` (
  `ID` varchar(32) NOT NULL,
  `content` varchar(255) default NULL,
  `createtime` datetime default NULL,
  `fromusername` varchar(255) default NULL,
  `msgid` varchar(255) default NULL,
  `msgtype` varchar(255) default NULL,
  `rescontent` varchar(255) default NULL,
  `response` varchar(255) default NULL,
  `tousername` varchar(255) default NULL,
  `accountid` varchar(100) default NULL,
  PRIMARY KEY  (`ID`)
) ENGINE=InnoDB DEFAULT CHARSET=utf8;

-- ----------------------------
-- Records of weixin_receivetext
-- ----------------------------
INSERT INTO `weixin_receivetext` VALUES ('297e7eb6469a5fcc01469a6083fa0000', 'cms', '2014-06-14 20:35:54', 'oR0jFt0BHjQpJgViwVp-vCfjblUM', '6024762561460671840', 'text', null, '0', 'gh_7371a2c3fef2', 'gh_7371a2c3fef2');
INSERT INTO `weixin_receivetext` VALUES ('297e7eb6469a728901469a73a2190001', 'cms', '2014-06-14 20:56:47', 'oR0jFt72mBBcs1f31PiBjSThaHwU', '6024767943054693747', 'text', null, '0', 'gh_7371a2c3fef2', 'gh_7371a2c3fef2');
INSERT INTO `weixin_receivetext` VALUES ('297e7eb6469a763101469a7dbcfb0000', 'cms', '2014-06-14 21:07:50', 'oR0jFt0BHjQpJgViwVp-vCfjblUM', '6024770786323043727', 'text', null, '0', 'gh_7371a2c3fef2', 'gh_7371a2c3fef2');
INSERT INTO `weixin_receivetext` VALUES ('297e7eb6469a9ff201469aa081480000', 'cms', '2014-06-14 21:45:48', 'oR0jFt0BHjQpJgViwVp-vCfjblUM', '6024780574553511388', 'text', null, '0', 'gh_7371a2c3fef2', 'gh_7371a2c3fef2');
INSERT INTO `weixin_receivetext` VALUES ('297e7eb6469a9ff201469aa20fe60001', 'cms', '2014-06-14 21:47:30', 'oR0jFt5cNkybFxsPf3xLm39FEqgo', '6024781016935142886', 'text', null, '0', 'gh_7371a2c3fef2', 'gh_7371a2c3fef2');
INSERT INTO `weixin_receivetext` VALUES ('402881e4464381350146438393630001', '1', '2014-05-28 23:47:14', 'oPkVVuB0848Vy2Vzah5aaZwxGGQA', '6018503454080662192', 'text', null, '0', 'gh_d58a98383644', 'gh_d58a98383644');
INSERT INTO `weixin_receivetext` VALUES ('402881e44643813501464386eaed0006', '2', '2014-05-28 23:50:53', 'oPkVVuB0848Vy2Vzah5aaZwxGGQA', '6018504394678500022', 'text', null, '0', 'gh_d58a98383644', 'gh_d58a98383644');
INSERT INTO `weixin_receivetext` VALUES ('402881e446438135014643872f1a0007', '2', '2014-05-28 23:51:11', 'oPkVVuB0848Vy2Vzah5aaZwxGGQA', '6018504467692944056', 'text', null, '0', 'gh_d58a98383644', 'gh_d58a98383644');
INSERT INTO `weixin_receivetext` VALUES ('402881e4464381350146438a0d9e000f', '2', '2014-05-28 23:54:19', 'oPkVVuB0848Vy2Vzah5aaZwxGGQA', '6018505245082024642', 'text', null, '0', 'gh_d58a98383644', 'gh_d58a98383644');
INSERT INTO `weixin_receivetext` VALUES ('402881e4464381350146438aae1e0010', '2', '2014-05-28 23:55:00', 'oPkVVuB0848Vy2Vzah5aaZwxGGQA', '6018505451240454852', 'text', null, '0', 'gh_d58a98383644', 'gh_d58a98383644');
INSERT INTO `weixin_receivetext` VALUES ('402881e446438b4d0146438bb9110000', '2', '2014-05-28 23:56:08', 'oPkVVuB0848Vy2Vzah5aaZwxGGQA', '6018505739003263687', 'text', null, '0', 'gh_d58a98383644', 'gh_d58a98383644');
INSERT INTO `weixin_receivetext` VALUES ('402881e446438b4d0146438c66570001', '2', '2014-05-28 23:56:53', 'oPkVVuB0848Vy2Vzah5aaZwxGGQA', '6018505936571759305', 'text', null, '0', 'gh_d58a98383644', 'gh_d58a98383644');
INSERT INTO `weixin_receivetext` VALUES ('402881e446438b4d0146438c7a2b0002', '2', '2014-05-28 23:56:58', 'oPkVVuB0848Vy2Vzah5aaZwxGGQA', '6018505936571759305', 'text', null, '0', 'gh_d58a98383644', 'gh_d58a98383644');
INSERT INTO `weixin_receivetext` VALUES ('402881e446438b4d0146438cb5280003', '2', '2014-05-28 23:57:13', 'oPkVVuB0848Vy2Vzah5aaZwxGGQA', '6018505936571759305', 'text', null, '0', 'gh_d58a98383644', 'gh_d58a98383644');
INSERT INTO `weixin_receivetext` VALUES ('402881e446438b4d0146438cefda0004', '2', '2014-05-28 23:57:28', 'oPkVVuB0848Vy2Vzah5aaZwxGGQA', '6018505936571759305', 'text', null, '0', 'gh_d58a98383644', 'gh_d58a98383644');
INSERT INTO `weixin_receivetext` VALUES ('402881e446438b4d0146439298810005', '，2', '2014-05-29 00:03:39', 'oPkVVuB0848Vy2Vzah5aaZwxGGQA', '6018507680328481495', 'text', null, '0', 'gh_d58a98383644', 'gh_d58a98383644');
INSERT INTO `weixin_receivetext` VALUES ('402881e446438b4d01464392dd730006', '2', '2014-05-29 00:03:56', 'oPkVVuB0848Vy2Vzah5aaZwxGGQA', '6018507757637892825', 'text', null, '0', 'gh_d58a98383644', 'gh_d58a98383644');
INSERT INTO `weixin_receivetext` VALUES ('402881e446438b4d01464392f13c0007', '2', '2014-05-29 00:04:01', 'oPkVVuB0848Vy2Vzah5aaZwxGGQA', '6018507757637892825', 'text', null, '0', 'gh_d58a98383644', 'gh_d58a98383644');
INSERT INTO `weixin_receivetext` VALUES ('402881e446438b4d014643932c200008', '2', '2014-05-29 00:04:17', 'oPkVVuB0848Vy2Vzah5aaZwxGGQA', '6018507757637892825', 'text', null, '0', 'gh_d58a98383644', 'gh_d58a98383644');
INSERT INTO `weixin_receivetext` VALUES ('402881e446438b4d0146439366fb0009', '2', '2014-05-29 00:04:32', 'oPkVVuB0848Vy2Vzah5aaZwxGGQA', '6018507757637892825', 'text', null, '0', 'gh_d58a98383644', 'gh_d58a98383644');
INSERT INTO `weixin_receivetext` VALUES ('402881e446439a9e0146439b63b80000', '2', '2014-05-29 00:13:15', 'oPkVVuB0848Vy2Vzah5aaZwxGGQA', '6018510149934676708', 'text', null, '0', 'gh_d58a98383644', 'gh_d58a98383644');
INSERT INTO `weixin_receivetext` VALUES ('402881e446439a9e0146439cf6b80001', '2', '2014-05-29 00:14:58', 'oPkVVuB0848Vy2Vzah5aaZwxGGQA', '6018510596611275496', 'text', null, '0', 'gh_d58a98383644', 'gh_d58a98383644');
INSERT INTO `weixin_receivetext` VALUES ('402881e446439a9e0146439d0a870002', '2', '2014-05-29 00:15:03', 'oPkVVuB0848Vy2Vzah5aaZwxGGQA', '6018510596611275496', 'text', null, '0', 'gh_d58a98383644', 'gh_d58a98383644');
INSERT INTO `weixin_receivetext` VALUES ('402881e446439a9e0146439d45680003', '2', '2014-05-29 00:15:18', 'oPkVVuB0848Vy2Vzah5aaZwxGGQA', '6018510596611275496', 'text', null, '0', 'gh_d58a98383644', 'gh_d58a98383644');
INSERT INTO `weixin_receivetext` VALUES ('402881e446439a9e0146439d80410004', '2', '2014-05-29 00:15:33', 'oPkVVuB0848Vy2Vzah5aaZwxGGQA', '6018510596611275496', 'text', null, '0', 'gh_d58a98383644', 'gh_d58a98383644');
INSERT INTO `weixin_receivetext` VALUES ('402881e446439a9e0146439e7ac40005', '2', '2014-05-29 00:16:38', 'oPkVVuB0848Vy2Vzah5aaZwxGGQA', '6018511026108005097', 'text', null, '0', 'gh_d58a98383644', 'gh_d58a98383644');
INSERT INTO `weixin_receivetext` VALUES ('402881e44643a1cd014643a291920000', '2', '2014-05-29 00:21:06', 'oPkVVuLMJ6y2vucDSCUdY6WABzkg', '6018512168569305840', 'text', null, '0', 'gh_d58a98383644', 'gh_d58a98383644');
INSERT INTO `weixin_receivetext` VALUES ('402881e44643a1cd014643a5fba2000a', '3', '2014-05-29 00:24:49', 'oPkVVuLMJ6y2vucDSCUdY6WABzkg', '6018513139231914738', 'text', null, '0', 'gh_d58a98383644', 'gh_d58a98383644');
INSERT INTO `weixin_receivetext` VALUES ('402881e446672a080146672cc15d0001', '天气', '2014-06-04 21:58:44', 'oR0jFt0BHjQpJgViwVp-vCfjblUM', '6021073072884223902', 'text', null, '0', 'gh_7371a2c3fef2', 'gh_7371a2c3fef2');
INSERT INTO `weixin_receivetext` VALUES ('402881e446672a080146672cee860002', '天气', '2014-06-04 21:58:56', 'oR0jFt0BHjQpJgViwVp-vCfjblUM', '6021073124423831455', 'text', null, '0', 'gh_7371a2c3fef2', 'gh_7371a2c3fef2');
INSERT INTO `weixin_receivetext` VALUES ('402881e446672a080146672d32ee0003', '天气', '2014-06-04 21:59:13', 'oR0jFt0BHjQpJgViwVp-vCfjblUM', '6021073201733242784', 'text', null, '0', 'gh_7371a2c3fef2', 'gh_7371a2c3fef2');
INSERT INTO `weixin_receivetext` VALUES ('402881e446672a080146672d46f10004', '天气', '2014-06-04 21:59:19', 'oR0jFt0BHjQpJgViwVp-vCfjblUM', '6021073201733242784', 'text', null, '0', 'gh_7371a2c3fef2', 'gh_7371a2c3fef2');
INSERT INTO `weixin_receivetext` VALUES ('402881e446672a080146672d81cf0005', '天气', '2014-06-04 21:59:34', 'oR0jFt0BHjQpJgViwVp-vCfjblUM', '6021073201733242784', 'text', null, '0', 'gh_7371a2c3fef2', 'gh_7371a2c3fef2');
INSERT INTO `weixin_receivetext` VALUES ('402881e446672a080146672dbcd40006', '天气', '2014-06-04 21:59:49', 'oR0jFt0BHjQpJgViwVp-vCfjblUM', '6021073201733242784', 'text', null, '0', 'gh_7371a2c3fef2', 'gh_7371a2c3fef2');
INSERT INTO `weixin_receivetext` VALUES ('402881e446672a080146672ecfbc0007', '天气', '2014-06-04 22:00:59', 'oR0jFt0BHjQpJgViwVp-vCfjblUM', '6021073652704808869', 'text', null, '0', 'gh_7371a2c3fef2', 'gh_7371a2c3fef2');
INSERT INTO `weixin_receivetext` VALUES ('402881e446672a080146672ee3c80008', '天气', '2014-06-04 22:01:04', 'oR0jFt0BHjQpJgViwVp-vCfjblUM', '6021073652704808869', 'text', null, '0', 'gh_7371a2c3fef2', 'gh_7371a2c3fef2');
INSERT INTO `weixin_receivetext` VALUES ('402881e446672a080146672f1eed0009', '天气', '2014-06-04 22:01:19', 'oR0jFt0BHjQpJgViwVp-vCfjblUM', '6021073652704808869', 'text', null, '0', 'gh_7371a2c3fef2', 'gh_7371a2c3fef2');
INSERT INTO `weixin_receivetext` VALUES ('402881e446672a080146672f5afa000a', '天气', '2014-06-04 22:01:35', 'oR0jFt0BHjQpJgViwVp-vCfjblUM', '6021073652704808869', 'text', null, '0', 'gh_7371a2c3fef2', 'gh_7371a2c3fef2');
INSERT INTO `weixin_receivetext` VALUES ('402881e446672fef014667313ffb0000', '天气', '2014-06-04 22:03:39', 'oR0jFt0BHjQpJgViwVp-vCfjblUM', '6021074335604608941', 'text', null, '0', 'gh_7371a2c3fef2', 'gh_7371a2c3fef2');
INSERT INTO `weixin_receivetext` VALUES ('402881e446672fef01466731cbb50001', '天气', '2014-06-04 22:04:15', 'oR0jFt0BHjQpJgViwVp-vCfjblUM', '6021074494518398896', 'text', null, '0', 'gh_7371a2c3fef2', 'gh_7371a2c3fef2');
INSERT INTO `weixin_receivetext` VALUES ('402881e446672fef01466731dfb00002', '天气', '2014-06-04 22:04:20', 'oR0jFt0BHjQpJgViwVp-vCfjblUM', '6021074494518398896', 'text', null, '0', 'gh_7371a2c3fef2', 'gh_7371a2c3fef2');
INSERT INTO `weixin_receivetext` VALUES ('402881e446672fef014667321a930003', '天气', '2014-06-04 22:04:35', 'oR0jFt0BHjQpJgViwVp-vCfjblUM', '6021074494518398896', 'text', null, '0', 'gh_7371a2c3fef2', 'gh_7371a2c3fef2');
INSERT INTO `weixin_receivetext` VALUES ('402881e446672fef01466732559c0004', '天气', '2014-06-04 22:04:50', 'oR0jFt0BHjQpJgViwVp-vCfjblUM', '6021074494518398896', 'text', null, '0', 'gh_7371a2c3fef2', 'gh_7371a2c3fef2');
INSERT INTO `weixin_receivetext` VALUES ('402881e446672fef01466732eb520005', '天气', '2014-06-04 22:05:28', 'oR0jFt0BHjQpJgViwVp-vCfjblUM', '6021074808051011509', 'text', null, '0', 'gh_7371a2c3fef2', 'gh_7371a2c3fef2');
INSERT INTO `weixin_receivetext` VALUES ('402881e446672fef014667332a840006', '天气', '2014-06-04 22:05:44', 'oR0jFt0BHjQpJgViwVp-vCfjblUM', '6021074881065455543', 'text', null, '0', 'gh_7371a2c3fef2', 'gh_7371a2c3fef2');
INSERT INTO `weixin_receivetext` VALUES ('402881e446672fef014667333e830007', '天气', '2014-06-04 22:05:50', 'oR0jFt0BHjQpJgViwVp-vCfjblUM', '6021074881065455543', 'text', null, '0', 'gh_7371a2c3fef2', 'gh_7371a2c3fef2');
INSERT INTO `weixin_receivetext` VALUES ('402881e446672fef0146673379b50008', '天气', '2014-06-04 22:06:05', 'oR0jFt0BHjQpJgViwVp-vCfjblUM', '6021074881065455543', 'text', null, '0', 'gh_7371a2c3fef2', 'gh_7371a2c3fef2');
INSERT INTO `weixin_receivetext` VALUES ('402881e446672fef01466733b4eb0009', '天气', '2014-06-04 22:06:20', 'oR0jFt0BHjQpJgViwVp-vCfjblUM', '6021074881065455543', 'text', null, '0', 'gh_7371a2c3fef2', 'gh_7371a2c3fef2');
INSERT INTO `weixin_receivetext` VALUES ('402881e446672fef014667358e8b000a', '天气', '2014-06-04 22:08:21', 'oR0jFt0BHjQpJgViwVp-vCfjblUM', '6021075551080353723', 'text', null, '0', 'gh_7371a2c3fef2', 'gh_7371a2c3fef2');
INSERT INTO `weixin_receivetext` VALUES ('402881e446672fef01466735ac83000b', '天气哈尔滨', '2014-06-04 22:08:29', 'oR0jFt0BHjQpJgViwVp-vCfjblUM', '6021075585440092093', 'text', null, '0', 'gh_7371a2c3fef2', 'gh_7371a2c3fef2');
INSERT INTO `weixin_receivetext` VALUES ('402881e4466741c4014667439a860000', '天气', '2014-06-04 22:23:42', 'oR0jFt0BHjQpJgViwVp-vCfjblUM', '6021079498155298802', 'text', null, '0', 'gh_7371a2c3fef2', 'gh_7371a2c3fef2');
INSERT INTO `weixin_receivetext` VALUES ('402881e4466741c401466743c3490001', '天气哈尔滨', '2014-06-04 22:23:52', 'oR0jFt0BHjQpJgViwVp-vCfjblUM', '6021079549694906356', 'text', null, '0', 'gh_7371a2c3fef2', 'gh_7371a2c3fef2');
INSERT INTO `weixin_receivetext` VALUES ('402881e4466741c40146674587c70002', '天气哈尔滨', '2014-06-04 22:25:48', 'oR0jFt0BHjQpJgViwVp-vCfjblUM', '6021080047911112697', 'text', null, '0', 'gh_7371a2c3fef2', 'gh_7371a2c3fef2');
INSERT INTO `weixin_receivetext` VALUES ('402881e4466741c4014667459b9f0003', '天气哈尔滨', '2014-06-04 22:25:53', 'oR0jFt0BHjQpJgViwVp-vCfjblUM', '6021080047911112697', 'text', null, '0', 'gh_7371a2c3fef2', 'gh_7371a2c3fef2');
INSERT INTO `weixin_receivetext` VALUES ('402881e4466741c401466745d6890004', '天气哈尔滨', '2014-06-04 22:26:08', 'oR0jFt0BHjQpJgViwVp-vCfjblUM', '6021080047911112697', 'text', null, '0', 'gh_7371a2c3fef2', 'gh_7371a2c3fef2');
INSERT INTO `weixin_receivetext` VALUES ('402881e4466741c401466746118f0005', '天气哈尔滨', '2014-06-04 22:26:23', 'oR0jFt0BHjQpJgViwVp-vCfjblUM', '6021080047911112697', 'text', null, '0', 'gh_7371a2c3fef2', 'gh_7371a2c3fef2');
INSERT INTO `weixin_receivetext` VALUES ('402881e4466741c40146674656480006', '天气哈尔滨', '2014-06-04 22:26:41', 'oR0jFt0BHjQpJgViwVp-vCfjblUM', '6021080275544379386', 'text', null, '0', 'gh_7371a2c3fef2', 'gh_7371a2c3fef2');
INSERT INTO `weixin_receivetext` VALUES ('402881e4466741c4014667466a2e0007', '天气哈尔滨', '2014-06-04 22:26:46', 'oR0jFt0BHjQpJgViwVp-vCfjblUM', '6021080275544379386', 'text', null, '0', 'gh_7371a2c3fef2', 'gh_7371a2c3fef2');
INSERT INTO `weixin_receivetext` VALUES ('402881e4466741c401466746a5110008', '天气哈尔滨', '2014-06-04 22:27:01', 'oR0jFt0BHjQpJgViwVp-vCfjblUM', '6021080275544379386', 'text', null, '0', 'gh_7371a2c3fef2', 'gh_7371a2c3fef2');
INSERT INTO `weixin_receivetext` VALUES ('402881e4466741c401466746e0160009', '天气哈尔滨', '2014-06-04 22:27:16', 'oR0jFt0BHjQpJgViwVp-vCfjblUM', '6021080275544379386', 'text', null, '0', 'gh_7371a2c3fef2', 'gh_7371a2c3fef2');
INSERT INTO `weixin_receivetext` VALUES ('402881e4466741c40146674b3cbb000a', '天气哈尔滨', '2014-06-04 22:32:02', 'oR0jFt0BHjQpJgViwVp-vCfjblUM', '6021081654228881414', 'text', null, '0', 'gh_7371a2c3fef2', 'gh_7371a2c3fef2');
INSERT INTO `weixin_receivetext` VALUES ('402881e446674d1d0146674e68b20000', '翻译', '2014-06-04 22:35:30', 'oR0jFt0BHjQpJgViwVp-vCfjblUM', '6021082543287111689', 'text', null, '0', 'gh_7371a2c3fef2', 'gh_7371a2c3fef2');
INSERT INTO `weixin_receivetext` VALUES ('402881e446674d1d0146674e95e30001', '翻译', '2014-06-04 22:35:41', 'oR0jFt0BHjQpJgViwVp-vCfjblUM', '6021082599121686539', 'text', null, '0', 'gh_7371a2c3fef2', 'gh_7371a2c3fef2');
INSERT INTO `weixin_receivetext` VALUES ('402881e446674d1d0146674ea9cb0002', '翻译', '2014-06-04 22:35:47', 'oR0jFt0BHjQpJgViwVp-vCfjblUM', '6021082599121686539', 'text', null, '0', 'gh_7371a2c3fef2', 'gh_7371a2c3fef2');
INSERT INTO `weixin_receivetext` VALUES ('402881e446674d1d0146674ee4b40003', '翻译', '2014-06-04 22:36:02', 'oR0jFt0BHjQpJgViwVp-vCfjblUM', '6021082599121686539', 'text', null, '0', 'gh_7371a2c3fef2', 'gh_7371a2c3fef2');
INSERT INTO `weixin_receivetext` VALUES ('402881e44667515c01466751be700000', '翻译', '2014-06-04 22:39:08', 'oR0jFt0BHjQpJgViwVp-vCfjblUM', '6021083483884949521', 'text', null, '0', 'gh_7371a2c3fef2', 'gh_7371a2c3fef2');
INSERT INTO `weixin_receivetext` VALUES ('402881e44667515c01466751fdb90001', '翻译中国人', '2014-06-04 22:39:25', 'oR0jFt0BHjQpJgViwVp-vCfjblUM', '6021083556899393555', 'text', null, '0', 'gh_7371a2c3fef2', 'gh_7371a2c3fef2');
INSERT INTO `weixin_receivetext` VALUES ('402881e44667515c0146675226200002', '翻译大宝贝', '2014-06-04 22:39:35', 'oR0jFt0BHjQpJgViwVp-vCfjblUM', '6021083599849066517', 'text', null, '0', 'gh_7371a2c3fef2', 'gh_7371a2c3fef2');
INSERT INTO `weixin_receivetext` VALUES ('402881e44667515c01466752528a0003', '翻译大混蛋', '2014-06-04 22:39:46', 'oR0jFt0BHjQpJgViwVp-vCfjblUM', '6021083651388674071', 'text', null, '0', 'gh_7371a2c3fef2', 'gh_7371a2c3fef2');
INSERT INTO `weixin_receivetext` VALUES ('402881e44667515c01466752962a0004', '翻译操你大爷', '2014-06-04 22:40:04', 'oR0jFt0BHjQpJgViwVp-vCfjblUM', '6021083724403118105', 'text', null, '0', 'gh_7371a2c3fef2', 'gh_7371a2c3fef2');
INSERT INTO `weixin_receivetext` VALUES ('402881e44667515c01466752c6e00005', '/::-|', '2014-06-04 22:40:16', 'oR0jFt0BHjQpJgViwVp-vCfjblUM', '6021083775942725659', 'text', null, '0', 'gh_7371a2c3fef2', 'gh_7371a2c3fef2');
INSERT INTO `weixin_receivetext` VALUES ('402881e44667a05e014667a14a960001', '翻译', '2014-06-05 00:06:02', 'oR0jFt0BHjQpJgViwVp-vCfjblUM', '6021105873549463731', 'text', null, '0', 'gh_7371a2c3fef2', 'gh_7371a2c3fef2');
INSERT INTO `weixin_receivetext` VALUES ('402881e44667a05e014667a175880002', '天气', '2014-06-05 00:06:13', 'oR0jFt0BHjQpJgViwVp-vCfjblUM', '6021105925089071285', 'text', null, '0', 'gh_7371a2c3fef2', 'gh_7371a2c3fef2');
INSERT INTO `weixin_receivetext` VALUES ('402881e44667a41a014667a47e600000', '天气', '2014-06-05 00:09:31', 'oR0jFt0BHjQpJgViwVp-vCfjblUM', '6021106771197628611', 'text', null, '0', 'gh_7371a2c3fef2', 'gh_7371a2c3fef2');
INSERT INTO `weixin_receivetext` VALUES ('402881e44667a41a014667a4993e0001', '天气哈尔滨', '2014-06-05 00:09:38', 'oR0jFt0BHjQpJgViwVp-vCfjblUM', '6021106809852334277', 'text', null, '0', 'gh_7371a2c3fef2', 'gh_7371a2c3fef2');
INSERT INTO `weixin_receivetext` VALUES ('402881e44667a41a014667a4cdbb0002', '天气哈尔滨', '2014-06-05 00:09:52', 'oR0jFt0BHjQpJgViwVp-vCfjblUM', '6021106865686909127', 'text', null, '0', 'gh_7371a2c3fef2', 'gh_7371a2c3fef2');
INSERT INTO `weixin_receivetext` VALUES ('402881e44667a41a014667ad363f0003', '天气', '2014-06-05 00:19:01', 'oR0jFt0BHjQpJgViwVp-vCfjblUM', '6021109223623954653', 'text', null, '0', 'gh_7371a2c3fef2', 'gh_7371a2c3fef2');
INSERT INTO `weixin_receivetext` VALUES ('402881e44667a41a014667ad4f920004', '天气哈尔滨', '2014-06-05 00:19:09', 'oR0jFt0BHjQpJgViwVp-vCfjblUM', '6021109262278660319', 'text', null, '0', 'gh_7371a2c3fef2', 'gh_7371a2c3fef2');
INSERT INTO `weixin_receivetext` VALUES ('402881e44667a41a014667ade5930005', '天气哈尔滨', '2014-06-05 00:19:48', 'oR0jFt0BHjQpJgViwVp-vCfjblUM', '6021109425487417569', 'text', null, '0', 'gh_7371a2c3fef2', 'gh_7371a2c3fef2');
INSERT INTO `weixin_receivetext` VALUES ('402881e44667a41a014667ae16a50006', '天气哈尔滨', '2014-06-05 00:20:00', 'oR0jFt0BHjQpJgViwVp-vCfjblUM', '6021109481321992419', 'text', null, '0', 'gh_7371a2c3fef2', 'gh_7371a2c3fef2');
INSERT INTO `weixin_receivetext` VALUES ('402881e44667a41a014667ae2a6a0007', '天气哈尔滨', '2014-06-05 00:20:05', 'oR0jFt0BHjQpJgViwVp-vCfjblUM', '6021109481321992419', 'text', null, '0', 'gh_7371a2c3fef2', 'gh_7371a2c3fef2');
INSERT INTO `weixin_receivetext` VALUES ('402881e44667a41a014667ae653c0008', '天气哈尔滨', '2014-06-05 00:20:20', 'oR0jFt0BHjQpJgViwVp-vCfjblUM', '6021109481321992419', 'text', null, '0', 'gh_7371a2c3fef2', 'gh_7371a2c3fef2');
INSERT INTO `weixin_receivetext` VALUES ('402881e44667af53014667afe4290000', '天气哈尔滨', '2014-06-05 00:21:58', 'oR0jFt0BHjQpJgViwVp-vCfjblUM', '6021109936588525797', 'text', null, '0', 'gh_7371a2c3fef2', 'gh_7371a2c3fef2');
INSERT INTO `weixin_receivetext` VALUES ('402881e44667af53014667afe46b0001', '天气哈尔滨', '2014-06-05 00:21:58', 'oR0jFt0BHjQpJgViwVp-vCfjblUM', '6021109936588525797', 'text', null, '0', 'gh_7371a2c3fef2', 'gh_7371a2c3fef2');
INSERT INTO `weixin_receivetext` VALUES ('402881e44667af53014667b005c10002', '天气哈尔滨', '2014-06-05 00:22:07', 'oR0jFt0BHjQpJgViwVp-vCfjblUM', '6021109936588525797', 'text', null, '0', 'gh_7371a2c3fef2', 'gh_7371a2c3fef2');
INSERT INTO `weixin_receivetext` VALUES ('402881e44667af53014667b039150003', '翻译中国', '2014-06-05 00:22:20', 'oR0jFt0BHjQpJgViwVp-vCfjblUM', '6021110082617413862', 'text', null, '0', 'gh_7371a2c3fef2', 'gh_7371a2c3fef2');
INSERT INTO `weixin_receivetext` VALUES ('402881e4466c8d9801466c8f03ad0000', '天气哈尔滨', '2014-06-05 23:04:10', 'oR0jFt0BHjQpJgViwVp-vCfjblUM', '6021461015805237365', 'text', null, '0', 'gh_7371a2c3fef2', 'gh_7371a2c3fef2');
INSERT INTO `weixin_receivetext` VALUES ('402881e4466c8d9801466c8f59de0001', '天气', '2014-06-05 23:04:32', 'oR0jFt0BHjQpJgViwVp-vCfjblUM', '6021461114589485175', 'text', null, '0', 'gh_7371a2c3fef2', 'gh_7371a2c3fef2');
INSERT INTO `weixin_receivetext` VALUES ('402881e4466c8d9801466c8f74d10002', '天气哈尔滨', '2014-06-05 23:04:39', 'oR0jFt0BHjQpJgViwVp-vCfjblUM', '6021461144654256249', 'text', null, '0', 'gh_7371a2c3fef2', 'gh_7371a2c3fef2');
INSERT INTO `weixin_receivetext` VALUES ('402881e4466c8d9801466c917de90003', '天气哈尔滨', '2014-06-05 23:06:52', 'oR0jFt0BHjQpJgViwVp-vCfjblUM', '6021461715884906627', 'text', null, '0', 'gh_7371a2c3fef2', 'gh_7371a2c3fef2');
INSERT INTO `weixin_receivetext` VALUES ('402881e4466c8d9801466c91e71d0004', '天气哈尔滨', '2014-06-05 23:07:19', 'oR0jFt0BHjQpJgViwVp-vCfjblUM', '6021461831849023623', 'text', null, '0', 'gh_7371a2c3fef2', 'gh_7371a2c3fef2');
INSERT INTO `weixin_receivetext` VALUES ('402881e4466c8d9801466c9206ed0005', '天气沈阳', '2014-06-05 23:07:27', 'oR0jFt0BHjQpJgViwVp-vCfjblUM', '6021461866208761993', 'text', null, '0', 'gh_7371a2c3fef2', 'gh_7371a2c3fef2');
INSERT INTO `weixin_receivetext` VALUES ('402881e4466c8d9801466c94470b0007', '天气北京', '2014-06-05 23:09:55', 'oR0jFt5cNkybFxsPf3xLm39FEqgo', '6021462501863921806', 'text', null, '0', 'gh_7371a2c3fef2', 'gh_7371a2c3fef2');
INSERT INTO `weixin_receivetext` VALUES ('402881e4466c8d9801466c946a7a0008', '翻译你好', '2014-06-05 23:10:04', 'oR0jFt5cNkybFxsPf3xLm39FEqgo', '6021462540518627472', 'text', null, '0', 'gh_7371a2c3fef2', 'gh_7371a2c3fef2');
INSERT INTO `weixin_receivetext` VALUES ('402881e446950f8601469516a2b20005', '大转盘', '2014-06-13 19:57:07', 'oR0jFt72mBBcs1f31PiBjSThaHwU', '6024381477602430111', 'text', null, '0', 'gh_7371a2c3fef2', 'gh_7371a2c3fef2');
INSERT INTO `weixin_receivetext` VALUES ('402881e44695183a014695188db90000', '大转盘', '2014-06-13 19:59:12', 'oR0jFt72mBBcs1f31PiBjSThaHwU', '6024382018768309416', 'text', null, '0', 'gh_7371a2c3fef2', 'gh_7371a2c3fef2');
INSERT INTO `weixin_receivetext` VALUES ('402881e44695183a014695194edf0001', 'CMS', '2014-06-13 20:00:02', 'oR0jFt72mBBcs1f31PiBjSThaHwU', '6024382233516674219', 'text', null, '0', 'gh_7371a2c3fef2', 'gh_7371a2c3fef2');
INSERT INTO `weixin_receivetext` VALUES ('402881e44695183a0146951abdca0003', '大转盘', '2014-06-13 20:01:36', 'oR0jFt5cNkybFxsPf3xLm39FEqgo', '6024382641538567341', 'text', null, '0', 'gh_7371a2c3fef2', 'gh_7371a2c3fef2');
INSERT INTO `weixin_receivetext` VALUES ('402881e44695183a01469524b2c70024', ' cms', '2014-06-13 20:12:28', 'oR0jFt72mBBcs1f31PiBjSThaHwU', '6024385441857244357', 'text', null, '0', 'gh_7371a2c3fef2', 'gh_7371a2c3fef2');
INSERT INTO `weixin_receivetext` VALUES ('402881e44695183a01469524e3930025', 'CMS', '2014-06-13 20:12:41', 'oR0jFt72mBBcs1f31PiBjSThaHwU', '6024385497691819208', 'text', null, '0', 'gh_7371a2c3fef2', 'gh_7371a2c3fef2');
INSERT INTO `weixin_receivetext` VALUES ('402881e44695183a014695277c500026', 'CMS', '2014-06-13 20:15:31', 'oR0jFt72mBBcs1f31PiBjSThaHwU', '6024386227836259531', 'text', null, '0', 'gh_7371a2c3fef2', 'gh_7371a2c3fef2');
INSERT INTO `weixin_receivetext` VALUES ('402881e446952fde014695305bf00000', 'cms', '2014-06-13 20:25:12', 'oR0jFt72mBBcs1f31PiBjSThaHwU', '6024388718917291230', 'text', null, '0', 'gh_7371a2c3fef2', 'gh_7371a2c3fef2');
INSERT INTO `weixin_receivetext` VALUES ('402881e446952fde014695362ae00002', 'CMS', '2014-06-13 20:31:33', 'oR0jFt72mBBcs1f31PiBjSThaHwU', '6024390355299831028', 'text', null, '0', 'gh_7371a2c3fef2', 'gh_7371a2c3fef2');
INSERT INTO `weixin_receivetext` VALUES ('402881e446955c7c0146957852820001', 'CMS', '2014-06-13 21:43:49', 'oR0jFt72mBBcs1f31PiBjSThaHwU', '6024408978278026744', 'text', null, '0', 'gh_7371a2c3fef2', 'gh_7371a2c3fef2');
INSERT INTO `weixin_receivetext` VALUES ('402881e446955c7c0146957b3a180002', 'CMS', '2014-06-13 21:46:59', 'oR0jFt72mBBcs1f31PiBjSThaHwU', '6024409798616780285', 'text', null, '0', 'gh_7371a2c3fef2', 'gh_7371a2c3fef2');
INSERT INTO `weixin_receivetext` VALUES ('402881e446955c7c0146957ff4980003', '天气哈尔滨', '2014-06-13 21:52:09', 'oR0jFt0BHjQpJgViwVp-vCfjblUM', '6024411125761674761', 'text', null, '0', 'gh_7371a2c3fef2', 'gh_7371a2c3fef2');
INSERT INTO `weixin_receivetext` VALUES ('402881e446955c7c0146958078090004', 'CMS', '2014-06-13 21:52:43', 'oR0jFt0BHjQpJgViwVp-vCfjblUM', '6024411276085530124', 'text', null, '0', 'gh_7371a2c3fef2', 'gh_7371a2c3fef2');
INSERT INTO `weixin_receivetext` VALUES ('402881e446955c7c01469581b2120006', 'cms', '2014-06-13 21:54:03', 'oR0jFt0BHjQpJgViwVp-vCfjblUM', '6024411619682913807', 'text', null, '0', 'gh_7371a2c3fef2', 'gh_7371a2c3fef2');
INSERT INTO `weixin_receivetext` VALUES ('402881e446955c7c014695825da70007', 'cms', '2014-06-13 21:54:47', 'oR0jFt0BHjQpJgViwVp-vCfjblUM', '6024411808661474833', 'text', null, '0', 'gh_7371a2c3fef2', 'gh_7371a2c3fef2');
INSERT INTO `weixin_receivetext` VALUES ('402881e446955c7c0146958271850008', 'cms', '2014-06-13 21:54:52', 'oR0jFt0BHjQpJgViwVp-vCfjblUM', '6024411808661474833', 'text', null, '0', 'gh_7371a2c3fef2', 'gh_7371a2c3fef2');
INSERT INTO `weixin_receivetext` VALUES ('402881e446955c7c0146958285600009', 'cms', '2014-06-13 21:54:57', 'oR0jFt0BHjQpJgViwVp-vCfjblUM', '6024411808661474833', 'text', null, '0', 'gh_7371a2c3fef2', 'gh_7371a2c3fef2');
INSERT INTO `weixin_receivetext` VALUES ('402881e446955c7c014695829932000a', 'cms', '2014-06-13 21:55:02', 'oR0jFt0BHjQpJgViwVp-vCfjblUM', '6024411808661474833', 'text', null, '0', 'gh_7371a2c3fef2', 'gh_7371a2c3fef2');
INSERT INTO `weixin_receivetext` VALUES ('402881e446955c7c0146958508ad000b', 'cms', '2014-06-13 21:57:42', 'oR0jFt0BHjQpJgViwVp-vCfjblUM', '6024412560280751640', 'text', null, '0', 'gh_7371a2c3fef2', 'gh_7371a2c3fef2');
INSERT INTO `weixin_receivetext` VALUES ('402881e446955c7c0146958525db000c', '翻译中国', '2014-06-13 21:57:49', 'oR0jFt0BHjQpJgViwVp-vCfjblUM', '6024412590345522714', 'text', null, '0', 'gh_7371a2c3fef2', 'gh_7371a2c3fef2');
INSERT INTO `weixin_receivetext` VALUES ('402881e446955c7c014695865d23000d', 'cms', '2014-06-13 21:59:09', 'oR0jFt5cNkybFxsPf3xLm39FEqgo', '6024412933942906397', 'text', null, '0', 'gh_7371a2c3fef2', 'gh_7371a2c3fef2');
INSERT INTO `weixin_receivetext` VALUES ('402881e446955c7c0146958684be000e', 'cms', '2014-06-13 21:59:19', 'oR0jFt0BHjQpJgViwVp-vCfjblUM', '6024412976892579361', 'text', null, '0', 'gh_7371a2c3fef2', 'gh_7371a2c3fef2');
INSERT INTO `weixin_receivetext` VALUES ('402881e446955c7c01469586f136000f', 'CMS', '2014-06-13 21:59:47', 'oR0jFt5cNkybFxsPf3xLm39FEqgo', '6024413097151663652', 'text', null, '0', 'gh_7371a2c3fef2', 'gh_7371a2c3fef2');
INSERT INTO `weixin_receivetext` VALUES ('402881e446955c7c0146958956a60011', 'cms', '2014-06-13 22:02:24', 'oR0jFt0BHjQpJgViwVp-vCfjblUM', '6024413771461529143', 'text', null, '0', 'gh_7371a2c3fef2', 'gh_7371a2c3fef2');
INSERT INTO `weixin_receivetext` VALUES ('402881e446955c7c0146958b2edb0012', 'cms', '2014-06-13 22:04:25', 'oR0jFt5cNkybFxsPf3xLm39FEqgo', '6024414291152571964', 'text', null, '0', 'gh_7371a2c3fef2', 'gh_7371a2c3fef2');
INSERT INTO `weixin_receivetext` VALUES ('402881e446955c7c014695940b7c0013', 'cms', '2014-06-13 22:14:05', 'oR0jFt5cNkybFxsPf3xLm39FEqgo', '6024416786528570972', 'text', null, '0', 'gh_7371a2c3fef2', 'gh_7371a2c3fef2');
INSERT INTO `weixin_receivetext` VALUES ('402881e446955c7c0146959a21cc001c', 'cms', '2014-06-13 22:20:44', 'oR0jFt5cNkybFxsPf3xLm39FEqgo', '6024418495925554795', 'text', null, '0', 'gh_7371a2c3fef2', 'gh_7371a2c3fef2');
INSERT INTO `weixin_receivetext` VALUES ('402881e44695ebe3014695f5f3e70019', 'cms', '2014-06-14 00:01:02', 'oR0jFt5cNkybFxsPf3xLm39FEqgo', '6024444338743775120', 'text', null, '0', 'gh_7371a2c3fef2', 'gh_7371a2c3fef2');
INSERT INTO `weixin_receivetext` VALUES ('402881e4469ffe7a0146a000fe980003', '大转盘', '2014-06-15 22:49:18', 'oR0jFt72mBBcs1f31PiBjSThaHwU', '6025168014963350861', 'text', null, '0', 'gh_7371a2c3fef2', 'gh_7371a2c3fef2');
INSERT INTO `weixin_receivetext` VALUES ('402881e4469ffe7a0146a00211840004', '大转盘', '2014-06-15 22:50:28', 'oR0jFt72mBBcs1f31PiBjSThaHwU', '6025168324200996177', 'text', null, '0', 'gh_7371a2c3fef2', 'gh_7371a2c3fef2');
INSERT INTO `weixin_receivetext` VALUES ('402881e4469ffe7a0146a00473890006', '刮刮乐', '2014-06-15 22:53:04', 'oR0jFt72mBBcs1f31PiBjSThaHwU', '6025168994215894361', 'text', null, '0', 'gh_7371a2c3fef2', 'gh_7371a2c3fef2');
INSERT INTO `weixin_receivetext` VALUES ('402881e446a00ebc0146a01e34d70000', '大转盘', '2014-06-15 23:21:12', 'oR0jFt5cNkybFxsPf3xLm39FEqgo', '6025176231235788180', 'text', null, '0', 'gh_7371a2c3fef2', 'gh_7371a2c3fef2');
INSERT INTO `weixin_receivetext` VALUES ('402881e446a00ebc0146a01e3cd00001', '大转盘', '2014-06-15 23:21:14', 'oR0jFt5cNkybFxsPf3xLm39FEqgo', '6025176231235788180', 'text', null, '0', 'gh_7371a2c3fef2', 'gh_7371a2c3fef2');
INSERT INTO `weixin_receivetext` VALUES ('402881e446a00ebc0146a022544b0003', '大转盘', '2014-06-15 23:25:42', 'oR0jFt72mBBcs1f31PiBjSThaHwU', '6025177408056827296', 'text', null, '0', 'gh_7371a2c3fef2', 'gh_7371a2c3fef2');
INSERT INTO `weixin_receivetext` VALUES ('402881e446a4f60d0146a4f721940001', ' cms', '2014-06-16 21:56:37', 'oR0jFt72mBBcs1f31PiBjSThaHwU', '6025525532336039206', 'text', null, '0', 'gh_7371a2c3fef2', 'gh_7371a2c3fef2');
INSERT INTO `weixin_receivetext` VALUES ('402881e446a4f60d0146a4f752ce0002', 'cms', '2014-06-16 21:56:50', 'oR0jFt72mBBcs1f31PiBjSThaHwU', '6025525579580679465', 'text', null, '0', 'gh_7371a2c3fef2', 'gh_7371a2c3fef2');
INSERT INTO `weixin_receivetext` VALUES ('402881e446a4f60d0146a4f7df1b0003', 'cms', '2014-06-16 21:57:26', 'oR0jFt5cNkybFxsPf3xLm39FEqgo', '6025525742789436715', 'text', null, '0', 'gh_7371a2c3fef2', 'gh_7371a2c3fef2');
INSERT INTO `weixin_receivetext` VALUES ('402881e446a4f60d0146a4f86c5b0004', 'cms', '2014-06-16 21:58:02', 'oR0jFt72mBBcs1f31PiBjSThaHwU', '6025525893113292077', 'text', null, '0', 'gh_7371a2c3fef2', 'gh_7371a2c3fef2');
INSERT INTO `weixin_receivetext` VALUES ('402881e446a4f9400146a4fa19c90000', 'cms', '2014-06-16 21:59:52', 'oR0jFt6fH6nxwXRCNaVSi93S3L84', '6025526356969760049', 'text', null, '0', 'gh_7371a2c3fef2', 'gh_7371a2c3fef2');
INSERT INTO `weixin_receivetext` VALUES ('402881e446a4f9400146a4fce81f0002', 'cms', '2014-06-16 22:02:56', 'oR0jFt3HxVfz5hSV-ugO7VruAsro', '6025527151538709820', 'text', null, '0', 'gh_7371a2c3fef2', 'gh_7371a2c3fef2');
INSERT INTO `weixin_receivetext` VALUES ('402881e446a4f9400146a4fd0fbb0003', 'cms', '2014-06-16 22:03:06', 'oR0jFt6fH6nxwXRCNaVSi93S3L84', '6025527203078317374', 'text', null, '0', 'gh_7371a2c3fef2', 'gh_7371a2c3fef2');
INSERT INTO `weixin_receivetext` VALUES ('402881e446a4f9400146a4ffd6440004', 'cms', '2014-06-16 22:06:08', 'oR0jFt6fH6nxwXRCNaVSi93S3L84', '6025527984762365261', 'text', null, '0', 'gh_7371a2c3fef2', 'gh_7371a2c3fef2');
INSERT INTO `weixin_receivetext` VALUES ('402881e446a4f9400146a5004c4f0005', 'cms', '2014-06-16 22:06:38', 'oR0jFt6fH6nxwXRCNaVSi93S3L84', '6025528113611384144', 'text', null, '0', 'gh_7371a2c3fef2', 'gh_7371a2c3fef2');
INSERT INTO `weixin_receivetext` VALUES ('402881e446a4f9400146a500be810006', 'cms', '2014-06-16 22:07:07', 'oR0jFt5cNkybFxsPf3xLm39FEqgo', '6025528238165435730', 'text', null, '0', 'gh_7371a2c3fef2', 'gh_7371a2c3fef2');
INSERT INTO `weixin_receivetext` VALUES ('402881e446a4f9400146a5052338000e', '1', '2014-06-16 22:11:55', 'oR0jFt72mBBcs1f31PiBjSThaHwU', '6025529475116017000', 'text', null, '0', 'gh_7371a2c3fef2', 'gh_7371a2c3fef2');
INSERT INTO `weixin_receivetext` VALUES ('402881e946dda3270146dda635740000', '大转盘\n', '2014-06-27 22:06:35', 'oR0jFt0BHjQpJgViwVp-vCfjblUM', '6029610020464759577', 'text', null, '0', 'gh_7371a2c3fef2', 'gh_7371a2c3fef2');
INSERT INTO `weixin_receivetext` VALUES ('402881e946dda3270146dda656900001', '大转盘', '2014-06-27 22:06:44', 'oR0jFt0BHjQpJgViwVp-vCfjblUM', '6029610059119465245', 'text', null, '0', 'gh_7371a2c3fef2', 'gh_7371a2c3fef2');
INSERT INTO `weixin_receivetext` VALUES ('402881e946ddc9450146ddcd07600002', '刮刮乐', '2014-06-27 22:48:59', 'oR0jFt0BHjQpJgViwVp-vCfjblUM', '6029620946861560923', 'text', null, '0', 'gh_7371a2c3fef2', 'gh_7371a2c3fef2');

-- ----------------------------
-- Table structure for `weixin_subscribe`
-- ----------------------------
DROP TABLE IF EXISTS `weixin_subscribe`;
CREATE TABLE `weixin_subscribe` (
  `ID` varchar(32) NOT NULL,
  `accountId` varchar(255) default NULL,
  `addTime` varchar(255) default NULL,
  `msgType` varchar(255) default NULL,
  `templateId` varchar(255) default NULL,
  `templateName` varchar(255) default NULL,
  PRIMARY KEY  (`ID`)
) ENGINE=InnoDB DEFAULT CHARSET=latin1;

-- ----------------------------
-- Records of weixin_subscribe
-- ----------------------------
INSERT INTO `weixin_subscribe` VALUES ('402881e4461f9c6401461f9e7f2f0001', 'gh_7371a2c3fef2', '2014-05-22 00:30:19', 'text', '4028d88146e5d1160146e5d2327e0002', 'ceshi');

-- ----------------------------
-- Table structure for `weixin_texttemplate`
-- ----------------------------
DROP TABLE IF EXISTS `weixin_texttemplate`;
CREATE TABLE `weixin_texttemplate` (
  `ID` varchar(32) NOT NULL,
  `addtime` varchar(255) default NULL,
  `content` varchar(255) default NULL,
  `templatename` varchar(255) default NULL,
  `accountid` varchar(100) default NULL,
  PRIMARY KEY  (`ID`)
) ENGINE=InnoDB DEFAULT CHARSET=utf8;

-- ----------------------------
-- Records of weixin_texttemplate
-- ----------------------------
INSERT INTO `weixin_texttemplate` VALUES ('402881e4461f927c01461f963b240003', '2014-05-22 00:21:17', 'ceshi', 'ceshi', '402881e4461f927c01461f963b240003');
INSERT INTO `weixin_texttemplate` VALUES ('402881e44643207c0146435bc8b70012', '2014-05-28 23:03:47', '测试内容1111', '测试', 'gh_d58a98383644');
INSERT INTO `weixin_texttemplate` VALUES ('4028d88146e5d1160146e5d2327e0002', '2014-06-29 12:11:36', '12', '12', 'gh_7371a2c3fef2');

-- ----------------------------
-- Table structure for `weixin_userinfo`
-- ----------------------------
DROP TABLE IF EXISTS `weixin_userinfo`;
CREATE TABLE `weixin_userinfo` (
  `ID` varchar(32) NOT NULL,
  `addtime` varchar(255) default NULL,
  `mobile` varchar(255) default NULL,
  `openid` varchar(255) default NULL,
  `password` varchar(255) default NULL,
  PRIMARY KEY  (`ID`)
) ENGINE=InnoDB DEFAULT CHARSET=utf8;

-- ----------------------------
-- Records of weixin_userinfo
-- ----------------------------
